2025-06-12 03:03:15,735 - backfill_krx - INFO - Starting backfill from 20220101 to 20250531
2025-06-12 03:03:15,735 - backfill_krx - INFO - Using random delay between 2.0 and 5.0 seconds between requests
2025-06-12 03:03:15,745 - backfill_krx - INFO - Found 890 trading days between 20220101 and 20250531
2025-06-12 03:03:15,747 - backfill_krx - INFO - Processing 890 new trading days
2025-06-12 03:03:15,772 - krx_fetcher - INFO - Fetching STK data for 20220103
2025-06-12 03:03:18,455 - krx_fetcher - INFO - Fetched 942 rows for STK on 20220103
2025-06-12 03:03:18,455 - krx_fetcher - INFO - Fetching KSQ data for 20220103
2025-06-12 03:03:22,158 - krx_fetcher - INFO - Fetched 1533 rows for KSQ on 20220103
2025-06-12 03:03:22,167 - krx_fetcher - INFO - Updated 942 rows in database
2025-06-12 03:03:22,175 - krx_fetcher - INFO - Updated 1533 rows in database
2025-06-12 03:03:25,356 - krx_fetcher - INFO - Fetching STK data for 20220104
2025-06-12 03:03:28,037 - krx_fetcher - INFO - Fetched 942 rows for STK on 20220104
2025-06-12 03:03:28,038 - krx_fetcher - INFO - Fetching KSQ data for 20220104
2025-06-12 03:03:31,748 - krx_fetcher - INFO - Fetched 1533 rows for KSQ on 20220104
2025-06-12 03:03:31,758 - krx_fetcher - INFO - Updated 942 rows in database
2025-06-12 03:03:31,766 - krx_fetcher - INFO - Updated 1533 rows in database
2025-06-12 03:03:35,537 - krx_fetcher - INFO - Fetching STK data for 20220105
2025-06-12 03:03:38,126 - krx_fetcher - INFO - Fetched 942 rows for STK on 20220105
2025-06-12 03:03:38,126 - krx_fetcher - INFO - Fetching KSQ data for 20220105
2025-06-12 03:03:41,895 - krx_fetcher - INFO - Fetched 1532 rows for KSQ on 20220105
2025-06-12 03:03:41,905 - krx_fetcher - INFO - Updated 942 rows in database
2025-06-12 03:03:41,915 - krx_fetcher - INFO - Updated 1532 rows in database
2025-06-12 03:03:46,835 - krx_fetcher - INFO - Fetching STK data for 20220106
2025-06-12 03:03:49,505 - krx_fetcher - INFO - Fetched 942 rows for STK on 20220106
2025-06-12 03:03:49,506 - krx_fetcher - INFO - Fetching KSQ data for 20220106
2025-06-12 03:03:53,244 - krx_fetcher - INFO - Fetched 1532 rows for KSQ on 20220106
2025-06-12 03:03:53,252 - krx_fetcher - INFO - Updated 942 rows in database
2025-06-12 03:03:53,263 - krx_fetcher - INFO - Updated 1532 rows in database
2025-06-12 03:03:57,531 - krx_fetcher - INFO - Fetching STK data for 20220107
2025-06-12 03:04:00,183 - krx_fetcher - INFO - Fetched 942 rows for STK on 20220107
2025-06-12 03:04:00,183 - krx_fetcher - INFO - Fetching KSQ data for 20220107
2025-06-12 03:04:03,844 - krx_fetcher - INFO - Fetched 1532 rows for KSQ on 20220107
2025-06-12 03:04:03,859 - krx_fetcher - INFO - Updated 942 rows in database
2025-06-12 03:04:03,873 - krx_fetcher - INFO - Updated 1532 rows in database
2025-06-12 03:04:06,747 - krx_fetcher - INFO - Fetching STK data for 20220110
2025-06-12 03:04:09,239 - krx_fetcher - INFO - Fetched 942 rows for STK on 20220110
2025-06-12 03:04:09,239 - krx_fetcher - INFO - Fetching KSQ data for 20220110
2025-06-12 03:04:13,093 - krx_fetcher - INFO - Fetched 1532 rows for KSQ on 20220110
2025-06-12 03:04:13,104 - krx_fetcher - INFO - Updated 942 rows in database
2025-06-12 03:04:13,117 - krx_fetcher - INFO - Updated 1532 rows in database
2025-06-12 03:04:16,239 - krx_fetcher - INFO - Fetching STK data for 20220111
2025-06-12 03:04:18,824 - krx_fetcher - INFO - Fetched 942 rows for STK on 20220111
2025-06-12 03:04:18,825 - krx_fetcher - INFO - Fetching KSQ data for 20220111
2025-06-12 03:04:22,637 - krx_fetcher - INFO - Fetched 1532 rows for KSQ on 20220111
2025-06-12 03:04:22,653 - krx_fetcher - INFO - Updated 942 rows in database
2025-06-12 03:04:22,668 - krx_fetcher - INFO - Updated 1532 rows in database
2025-06-12 03:04:26,342 - krx_fetcher - INFO - Fetching STK data for 20220112
2025-06-12 03:04:28,797 - krx_fetcher - INFO - Fetched 942 rows for STK on 20220112
2025-06-12 03:04:28,797 - krx_fetcher - INFO - Fetching KSQ data for 20220112
2025-06-12 03:04:32,715 - krx_fetcher - INFO - Fetched 1532 rows for KSQ on 20220112
2025-06-12 03:04:32,731 - krx_fetcher - INFO - Updated 942 rows in database
2025-06-12 03:04:32,746 - krx_fetcher - INFO - Updated 1532 rows in database
2025-06-12 03:04:37,499 - krx_fetcher - INFO - Fetching STK data for 20220113
2025-06-12 03:04:40,125 - krx_fetcher - INFO - Fetched 942 rows for STK on 20220113
2025-06-12 03:04:40,125 - krx_fetcher - INFO - Fetching KSQ data for 20220113
2025-06-12 03:04:43,918 - krx_fetcher - INFO - Fetched 1532 rows for KSQ on 20220113
2025-06-12 03:04:43,934 - krx_fetcher - INFO - Updated 942 rows in database
2025-06-12 03:04:43,950 - krx_fetcher - INFO - Updated 1532 rows in database
2025-06-12 03:04:47,906 - krx_fetcher - INFO - Fetching STK data for 20220114
2025-06-12 03:04:50,331 - krx_fetcher - INFO - Fetched 942 rows for STK on 20220114
2025-06-12 03:04:50,331 - krx_fetcher - INFO - Fetching KSQ data for 20220114
2025-06-12 03:04:54,352 - krx_fetcher - INFO - Fetched 1532 rows for KSQ on 20220114
2025-06-12 03:04:54,372 - krx_fetcher - INFO - Updated 942 rows in database
2025-06-12 03:04:54,387 - krx_fetcher - INFO - Updated 1532 rows in database
2025-06-12 03:04:56,781 - krx_fetcher - INFO - Fetching STK data for 20220117
2025-06-12 03:04:59,273 - krx_fetcher - INFO - Fetched 942 rows for STK on 20220117
2025-06-12 03:04:59,273 - krx_fetcher - INFO - Fetching KSQ data for 20220117
2025-06-12 03:05:03,129 - krx_fetcher - INFO - Fetched 1532 rows for KSQ on 20220117
2025-06-12 03:05:03,147 - krx_fetcher - INFO - Updated 942 rows in database
2025-06-12 03:05:03,162 - krx_fetcher - INFO - Updated 1532 rows in database
2025-06-12 03:05:05,331 - krx_fetcher - INFO - Fetching STK data for 20220118
2025-06-12 03:05:07,771 - krx_fetcher - INFO - Fetched 940 rows for STK on 20220118
2025-06-12 03:05:07,771 - krx_fetcher - INFO - Fetching KSQ data for 20220118
2025-06-12 03:05:11,724 - krx_fetcher - INFO - Fetched 1532 rows for KSQ on 20220118
2025-06-12 03:05:11,744 - krx_fetcher - INFO - Updated 940 rows in database
2025-06-12 03:05:11,760 - krx_fetcher - INFO - Updated 1532 rows in database
2025-06-12 03:05:16,527 - krx_fetcher - INFO - Fetching STK data for 20220119
2025-06-12 03:05:18,996 - krx_fetcher - INFO - Fetched 940 rows for STK on 20220119
2025-06-12 03:05:18,996 - krx_fetcher - INFO - Fetching KSQ data for 20220119
2025-06-12 03:05:22,856 - krx_fetcher - INFO - Fetched 1532 rows for KSQ on 20220119
2025-06-12 03:05:22,880 - krx_fetcher - INFO - Updated 940 rows in database
2025-06-12 03:05:22,897 - krx_fetcher - INFO - Updated 1532 rows in database
2025-06-12 03:05:26,801 - krx_fetcher - INFO - Fetching STK data for 20220120
2025-06-12 03:05:29,211 - krx_fetcher - INFO - Fetched 940 rows for STK on 20220120
2025-06-12 03:05:29,212 - krx_fetcher - INFO - Fetching KSQ data for 20220120
2025-06-12 03:05:33,172 - krx_fetcher - INFO - Fetched 1534 rows for KSQ on 20220120
2025-06-12 03:05:33,193 - krx_fetcher - INFO - Updated 940 rows in database
2025-06-12 03:05:33,209 - krx_fetcher - INFO - Updated 1534 rows in database
2025-06-12 03:05:35,424 - krx_fetcher - INFO - Fetching STK data for 20220121
2025-06-12 03:05:37,881 - krx_fetcher - INFO - Fetched 940 rows for STK on 20220121
2025-06-12 03:05:37,881 - krx_fetcher - INFO - Fetching KSQ data for 20220121
2025-06-12 03:05:41,792 - krx_fetcher - INFO - Fetched 1534 rows for KSQ on 20220121
2025-06-12 03:05:41,824 - krx_fetcher - INFO - Updated 940 rows in database
2025-06-12 03:05:41,846 - krx_fetcher - INFO - Updated 1534 rows in database
2025-06-12 03:05:46,697 - krx_fetcher - INFO - Fetching STK data for 20220124
2025-06-12 03:05:49,149 - krx_fetcher - INFO - Fetched 940 rows for STK on 20220124
2025-06-12 03:05:49,149 - krx_fetcher - INFO - Fetching KSQ data for 20220124
2025-06-12 03:05:53,247 - krx_fetcher - INFO - Fetched 1536 rows for KSQ on 20220124
2025-06-12 03:05:53,296 - krx_fetcher - INFO - Updated 940 rows in database
2025-06-12 03:05:53,314 - krx_fetcher - INFO - Updated 1536 rows in database
2025-06-12 03:05:57,634 - krx_fetcher - INFO - Fetching STK data for 20220125
2025-06-12 03:06:00,092 - krx_fetcher - INFO - Fetched 940 rows for STK on 20220125
2025-06-12 03:06:00,092 - krx_fetcher - INFO - Fetching KSQ data for 20220125
2025-06-12 03:06:04,093 - krx_fetcher - INFO - Fetched 1536 rows for KSQ on 20220125
2025-06-12 03:06:04,117 - krx_fetcher - INFO - Updated 940 rows in database
2025-06-12 03:06:04,137 - krx_fetcher - INFO - Updated 1536 rows in database
2025-06-12 03:06:07,285 - krx_fetcher - INFO - Fetching STK data for 20220126
2025-06-12 03:06:09,840 - krx_fetcher - INFO - Fetched 940 rows for STK on 20220126
2025-06-12 03:06:09,841 - krx_fetcher - INFO - Fetching KSQ data for 20220126
2025-06-12 03:06:13,736 - krx_fetcher - INFO - Fetched 1536 rows for KSQ on 20220126
2025-06-12 03:06:13,768 - krx_fetcher - INFO - Updated 940 rows in database
2025-06-12 03:06:13,790 - krx_fetcher - INFO - Updated 1536 rows in database
2025-06-12 03:06:17,589 - krx_fetcher - INFO - Fetching STK data for 20220127
2025-06-12 03:06:20,099 - krx_fetcher - INFO - Fetched 941 rows for STK on 20220127
2025-06-12 03:06:20,099 - krx_fetcher - INFO - Fetching KSQ data for 20220127
2025-06-12 03:06:23,983 - krx_fetcher - INFO - Fetched 1536 rows for KSQ on 20220127
2025-06-12 03:06:24,006 - krx_fetcher - INFO - Updated 941 rows in database
2025-06-12 03:06:24,026 - krx_fetcher - INFO - Updated 1536 rows in database
2025-06-12 03:06:26,059 - krx_fetcher - INFO - Fetching STK data for 20220128
2025-06-12 03:06:28,496 - krx_fetcher - INFO - Fetched 941 rows for STK on 20220128
2025-06-12 03:06:28,496 - krx_fetcher - INFO - Fetching KSQ data for 20220128
2025-06-12 03:06:32,434 - krx_fetcher - INFO - Fetched 1536 rows for KSQ on 20220128
2025-06-12 03:06:32,492 - krx_fetcher - INFO - Updated 941 rows in database
2025-06-12 03:06:32,518 - krx_fetcher - INFO - Updated 1536 rows in database
2025-06-12 03:06:37,043 - krx_fetcher - INFO - Fetching STK data for 20220131
2025-06-12 03:06:39,335 - krx_fetcher - INFO - Fetched 941 rows for STK on 20220131
2025-06-12 03:06:39,335 - krx_fetcher - INFO - Fetching KSQ data for 20220131
2025-06-12 03:06:43,242 - krx_fetcher - INFO - Fetched 1536 rows for KSQ on 20220131
2025-06-12 03:06:43,267 - krx_fetcher - INFO - Updated 941 rows in database
2025-06-12 03:06:43,288 - krx_fetcher - INFO - Updated 1536 rows in database
2025-06-12 03:06:46,584 - krx_fetcher - INFO - Fetching STK data for 20220201
2025-06-12 03:06:48,763 - krx_fetcher - INFO - Fetched 941 rows for STK on 20220201
2025-06-12 03:06:48,763 - krx_fetcher - INFO - Fetching KSQ data for 20220201
2025-06-12 03:06:52,752 - krx_fetcher - INFO - Fetched 1536 rows for KSQ on 20220201
2025-06-12 03:06:52,792 - krx_fetcher - INFO - Updated 941 rows in database
2025-06-12 03:06:52,813 - krx_fetcher - INFO - Updated 1536 rows in database
2025-06-12 03:06:56,633 - krx_fetcher - INFO - Fetching STK data for 20220202
2025-06-12 03:06:59,031 - krx_fetcher - INFO - Fetched 941 rows for STK on 20220202
2025-06-12 03:06:59,031 - krx_fetcher - INFO - Fetching KSQ data for 20220202
2025-06-12 03:07:02,871 - krx_fetcher - INFO - Fetched 1536 rows for KSQ on 20220202
2025-06-12 03:07:02,901 - krx_fetcher - INFO - Updated 941 rows in database
2025-06-12 03:07:02,926 - krx_fetcher - INFO - Updated 1536 rows in database
2025-06-12 03:07:07,853 - krx_fetcher - INFO - Fetching STK data for 20220203
2025-06-12 03:07:10,483 - krx_fetcher - INFO - Fetched 941 rows for STK on 20220203
2025-06-12 03:07:10,483 - krx_fetcher - INFO - Fetching KSQ data for 20220203
2025-06-12 03:07:14,265 - krx_fetcher - INFO - Fetched 1536 rows for KSQ on 20220203
2025-06-12 03:07:14,315 - krx_fetcher - INFO - Updated 941 rows in database
2025-06-12 03:07:14,340 - krx_fetcher - INFO - Updated 1536 rows in database
2025-06-12 03:07:18,686 - krx_fetcher - INFO - Fetching STK data for 20220204
2025-06-12 03:07:21,531 - krx_fetcher - INFO - Fetched 941 rows for STK on 20220204
2025-06-12 03:07:21,531 - krx_fetcher - INFO - Fetching KSQ data for 20220204
2025-06-12 03:07:25,063 - krx_fetcher - INFO - Fetched 1537 rows for KSQ on 20220204
2025-06-12 03:07:25,088 - krx_fetcher - INFO - Updated 941 rows in database
2025-06-12 03:07:25,110 - krx_fetcher - INFO - Updated 1537 rows in database
2025-06-12 03:07:28,226 - krx_fetcher - INFO - Fetching STK data for 20220207
2025-06-12 03:07:30,857 - krx_fetcher - INFO - Fetched 941 rows for STK on 20220207
2025-06-12 03:07:30,857 - krx_fetcher - INFO - Fetching KSQ data for 20220207
2025-06-12 03:07:34,566 - krx_fetcher - INFO - Fetched 1538 rows for KSQ on 20220207
2025-06-12 03:07:34,602 - krx_fetcher - INFO - Updated 941 rows in database
2025-06-12 03:07:34,628 - krx_fetcher - INFO - Updated 1538 rows in database
2025-06-12 03:07:38,262 - krx_fetcher - INFO - Fetching STK data for 20220208
2025-06-12 03:07:40,950 - krx_fetcher - INFO - Fetched 941 rows for STK on 20220208
2025-06-12 03:07:40,950 - krx_fetcher - INFO - Fetching KSQ data for 20220208
2025-06-12 03:07:44,597 - krx_fetcher - INFO - Fetched 1539 rows for KSQ on 20220208
2025-06-12 03:07:44,647 - krx_fetcher - INFO - Updated 941 rows in database
2025-06-12 03:07:44,693 - krx_fetcher - INFO - Updated 1539 rows in database
2025-06-12 03:07:49,393 - krx_fetcher - INFO - Fetching STK data for 20220209
2025-06-12 03:07:51,942 - krx_fetcher - INFO - Fetched 941 rows for STK on 20220209
2025-06-12 03:07:51,943 - krx_fetcher - INFO - Fetching KSQ data for 20220209
2025-06-12 03:07:55,845 - krx_fetcher - INFO - Fetched 1539 rows for KSQ on 20220209
2025-06-12 03:07:55,904 - krx_fetcher - INFO - Updated 941 rows in database
2025-06-12 03:07:55,939 - krx_fetcher - INFO - Updated 1539 rows in database
2025-06-12 03:07:59,885 - krx_fetcher - INFO - Fetching STK data for 20220210
2025-06-12 03:08:02,483 - krx_fetcher - INFO - Fetched 941 rows for STK on 20220210
2025-06-12 03:08:02,483 - krx_fetcher - INFO - Fetching KSQ data for 20220210
2025-06-12 03:08:06,279 - krx_fetcher - INFO - Fetched 1539 rows for KSQ on 20220210
2025-06-12 03:08:06,310 - krx_fetcher - INFO - Updated 941 rows in database
2025-06-12 03:08:06,338 - krx_fetcher - INFO - Updated 1539 rows in database
2025-06-12 03:08:08,683 - krx_fetcher - INFO - Fetching STK data for 20220211
2025-06-12 03:08:11,303 - krx_fetcher - INFO - Fetched 941 rows for STK on 20220211
2025-06-12 03:08:11,303 - krx_fetcher - INFO - Fetching KSQ data for 20220211
2025-06-12 03:08:15,058 - krx_fetcher - INFO - Fetched 1539 rows for KSQ on 20220211
2025-06-12 03:08:15,096 - krx_fetcher - INFO - Updated 941 rows in database
2025-06-12 03:08:15,122 - krx_fetcher - INFO - Updated 1539 rows in database
2025-06-12 03:08:17,248 - krx_fetcher - INFO - Fetching STK data for 20220214
2025-06-12 03:08:19,818 - krx_fetcher - INFO - Fetched 941 rows for STK on 20220214
2025-06-12 03:08:19,818 - krx_fetcher - INFO - Fetching KSQ data for 20220214
2025-06-12 03:08:23,713 - krx_fetcher - INFO - Fetched 1539 rows for KSQ on 20220214
2025-06-12 03:08:23,751 - krx_fetcher - INFO - Updated 941 rows in database
2025-06-12 03:08:23,785 - krx_fetcher - INFO - Updated 1539 rows in database
2025-06-12 03:08:28,576 - krx_fetcher - INFO - Fetching STK data for 20220215
2025-06-12 03:08:31,014 - krx_fetcher - INFO - Fetched 941 rows for STK on 20220215
2025-06-12 03:08:31,014 - krx_fetcher - INFO - Fetching KSQ data for 20220215
2025-06-12 03:08:35,027 - krx_fetcher - INFO - Fetched 1539 rows for KSQ on 20220215
2025-06-12 03:08:35,074 - krx_fetcher - INFO - Updated 941 rows in database
2025-06-12 03:08:35,102 - krx_fetcher - INFO - Updated 1539 rows in database
2025-06-12 03:08:39,207 - krx_fetcher - INFO - Fetching STK data for 20220216
2025-06-12 03:08:41,687 - krx_fetcher - INFO - Fetched 941 rows for STK on 20220216
2025-06-12 03:08:41,687 - krx_fetcher - INFO - Fetching KSQ data for 20220216
2025-06-12 03:08:45,554 - krx_fetcher - INFO - Fetched 1540 rows for KSQ on 20220216
2025-06-12 03:08:45,585 - krx_fetcher - INFO - Updated 941 rows in database
2025-06-12 03:08:45,650 - krx_fetcher - INFO - Updated 1540 rows in database
2025-06-12 03:08:48,307 - krx_fetcher - INFO - Fetching STK data for 20220217
2025-06-12 03:08:50,829 - krx_fetcher - INFO - Fetched 941 rows for STK on 20220217
2025-06-12 03:08:50,829 - krx_fetcher - INFO - Fetching KSQ data for 20220217
2025-06-12 03:08:54,688 - krx_fetcher - INFO - Fetched 1539 rows for KSQ on 20220217
2025-06-12 03:08:54,748 - krx_fetcher - INFO - Updated 941 rows in database
2025-06-12 03:08:54,776 - krx_fetcher - INFO - Updated 1539 rows in database
2025-06-12 03:08:57,558 - krx_fetcher - INFO - Fetching STK data for 20220218
2025-06-12 03:09:00,090 - krx_fetcher - INFO - Fetched 941 rows for STK on 20220218
2025-06-12 03:09:00,090 - krx_fetcher - INFO - Fetching KSQ data for 20220218
2025-06-12 03:09:03,957 - krx_fetcher - INFO - Fetched 1540 rows for KSQ on 20220218
2025-06-12 03:09:03,989 - krx_fetcher - INFO - Updated 941 rows in database
2025-06-12 03:09:04,018 - krx_fetcher - INFO - Updated 1540 rows in database
2025-06-12 03:09:07,042 - krx_fetcher - INFO - Fetching STK data for 20220221
2025-06-12 03:09:09,569 - krx_fetcher - INFO - Fetched 941 rows for STK on 20220221
2025-06-12 03:09:09,569 - krx_fetcher - INFO - Fetching KSQ data for 20220221
2025-06-12 03:09:13,359 - krx_fetcher - INFO - Fetched 1542 rows for KSQ on 20220221
2025-06-12 03:09:13,430 - krx_fetcher - INFO - Updated 941 rows in database
2025-06-12 03:09:13,478 - krx_fetcher - INFO - Updated 1542 rows in database
2025-06-12 03:09:16,963 - krx_fetcher - INFO - Fetching STK data for 20220222
2025-06-12 03:09:19,382 - krx_fetcher - INFO - Fetched 940 rows for STK on 20220222
2025-06-12 03:09:19,382 - krx_fetcher - INFO - Fetching KSQ data for 20220222
2025-06-12 03:09:23,337 - krx_fetcher - INFO - Fetched 1542 rows for KSQ on 20220222
2025-06-12 03:09:23,384 - krx_fetcher - INFO - Updated 940 rows in database
2025-06-12 03:09:23,457 - krx_fetcher - INFO - Updated 1542 rows in database
2025-06-12 03:09:27,921 - krx_fetcher - INFO - Fetching STK data for 20220223
2025-06-12 03:09:30,456 - krx_fetcher - INFO - Fetched 940 rows for STK on 20220223
2025-06-12 03:09:30,456 - krx_fetcher - INFO - Fetching KSQ data for 20220223
2025-06-12 03:09:34,347 - krx_fetcher - INFO - Fetched 1542 rows for KSQ on 20220223
2025-06-12 03:09:34,401 - krx_fetcher - INFO - Updated 940 rows in database
2025-06-12 03:09:34,433 - krx_fetcher - INFO - Updated 1542 rows in database
2025-06-12 03:09:37,872 - krx_fetcher - INFO - Fetching STK data for 20220224
2025-06-12 03:09:40,392 - krx_fetcher - INFO - Fetched 940 rows for STK on 20220224
2025-06-12 03:09:40,392 - krx_fetcher - INFO - Fetching KSQ data for 20220224
2025-06-12 03:09:44,260 - krx_fetcher - INFO - Fetched 1543 rows for KSQ on 20220224
2025-06-12 03:09:44,294 - krx_fetcher - INFO - Updated 940 rows in database
2025-06-12 03:09:44,324 - krx_fetcher - INFO - Updated 1543 rows in database
2025-06-12 03:09:48,655 - krx_fetcher - INFO - Fetching STK data for 20220225
2025-06-12 03:09:51,048 - krx_fetcher - INFO - Fetched 940 rows for STK on 20220225
2025-06-12 03:09:51,048 - krx_fetcher - INFO - Fetching KSQ data for 20220225
2025-06-12 03:09:55,028 - krx_fetcher - INFO - Fetched 1545 rows for KSQ on 20220225
2025-06-12 03:09:55,094 - krx_fetcher - INFO - Updated 940 rows in database
2025-06-12 03:09:55,131 - krx_fetcher - INFO - Updated 1545 rows in database
2025-06-12 03:09:58,270 - krx_fetcher - INFO - Fetching STK data for 20220228
2025-06-12 03:10:00,642 - krx_fetcher - INFO - Fetched 940 rows for STK on 20220228
2025-06-12 03:10:00,642 - krx_fetcher - INFO - Fetching KSQ data for 20220228
2025-06-12 03:10:04,602 - krx_fetcher - INFO - Fetched 1546 rows for KSQ on 20220228
2025-06-12 03:10:04,637 - krx_fetcher - INFO - Updated 940 rows in database
2025-06-12 03:10:04,679 - krx_fetcher - INFO - Updated 1546 rows in database
2025-06-12 03:10:08,364 - krx_fetcher - INFO - Fetching STK data for 20220301
2025-06-12 03:10:10,597 - krx_fetcher - INFO - Fetched 940 rows for STK on 20220301
2025-06-12 03:10:10,597 - krx_fetcher - INFO - Fetching KSQ data for 20220301
2025-06-12 03:10:14,585 - krx_fetcher - INFO - Fetched 1546 rows for KSQ on 20220301
2025-06-12 03:10:14,673 - krx_fetcher - INFO - Updated 940 rows in database
2025-06-12 03:10:14,709 - krx_fetcher - INFO - Updated 1546 rows in database
2025-06-12 03:10:19,425 - krx_fetcher - INFO - Fetching STK data for 20220302
2025-06-12 03:10:22,084 - krx_fetcher - INFO - Fetched 940 rows for STK on 20220302
2025-06-12 03:10:22,084 - krx_fetcher - INFO - Fetching KSQ data for 20220302
2025-06-12 03:10:25,817 - krx_fetcher - INFO - Fetched 1546 rows for KSQ on 20220302
2025-06-12 03:10:25,853 - krx_fetcher - INFO - Updated 940 rows in database
2025-06-12 03:10:25,894 - krx_fetcher - INFO - Updated 1546 rows in database
2025-06-12 03:10:29,795 - krx_fetcher - INFO - Fetching STK data for 20220303
2025-06-12 03:10:32,350 - krx_fetcher - INFO - Fetched 940 rows for STK on 20220303
2025-06-12 03:10:32,350 - krx_fetcher - INFO - Fetching KSQ data for 20220303
2025-06-12 03:10:36,241 - krx_fetcher - INFO - Fetched 1548 rows for KSQ on 20220303
2025-06-12 03:10:36,299 - krx_fetcher - INFO - Updated 940 rows in database
2025-06-12 03:10:36,335 - krx_fetcher - INFO - Updated 1548 rows in database
2025-06-12 03:10:38,677 - krx_fetcher - INFO - Fetching STK data for 20220304
2025-06-12 03:10:41,266 - krx_fetcher - INFO - Fetched 940 rows for STK on 20220304
2025-06-12 03:10:41,267 - krx_fetcher - INFO - Fetching KSQ data for 20220304
2025-06-12 03:10:45,045 - krx_fetcher - INFO - Fetched 1548 rows for KSQ on 20220304
2025-06-12 03:10:45,088 - krx_fetcher - INFO - Updated 940 rows in database
2025-06-12 03:10:45,132 - krx_fetcher - INFO - Updated 1548 rows in database
2025-06-12 03:10:47,270 - krx_fetcher - INFO - Fetching STK data for 20220307
2025-06-12 03:10:50,023 - krx_fetcher - INFO - Fetched 940 rows for STK on 20220307
2025-06-12 03:10:50,023 - krx_fetcher - INFO - Fetching KSQ data for 20220307
2025-06-12 03:10:53,688 - krx_fetcher - INFO - Fetched 1549 rows for KSQ on 20220307
2025-06-12 03:10:53,750 - krx_fetcher - INFO - Updated 940 rows in database
2025-06-12 03:10:53,790 - krx_fetcher - INFO - Updated 1549 rows in database
2025-06-12 03:10:58,588 - krx_fetcher - INFO - Fetching STK data for 20220308
2025-06-12 03:11:01,192 - krx_fetcher - INFO - Fetched 940 rows for STK on 20220308
2025-06-12 03:11:01,192 - krx_fetcher - INFO - Fetching KSQ data for 20220308
2025-06-12 03:11:05,079 - krx_fetcher - INFO - Fetched 1549 rows for KSQ on 20220308
2025-06-12 03:11:05,113 - krx_fetcher - INFO - Updated 940 rows in database
2025-06-12 03:11:05,155 - krx_fetcher - INFO - Updated 1549 rows in database
2025-06-12 03:11:09,315 - krx_fetcher - INFO - Fetching STK data for 20220309
2025-06-12 03:11:11,507 - krx_fetcher - INFO - Fetched 940 rows for STK on 20220309
2025-06-12 03:11:11,507 - krx_fetcher - INFO - Fetching KSQ data for 20220309
2025-06-12 03:11:15,531 - krx_fetcher - INFO - Fetched 1549 rows for KSQ on 20220309
2025-06-12 03:11:15,594 - krx_fetcher - INFO - Updated 940 rows in database
2025-06-12 03:11:15,628 - krx_fetcher - INFO - Updated 1549 rows in database
2025-06-12 03:11:18,262 - krx_fetcher - INFO - Fetching STK data for 20220310
2025-06-12 03:11:20,850 - krx_fetcher - INFO - Fetched 940 rows for STK on 20220310
2025-06-12 03:11:20,850 - krx_fetcher - INFO - Fetching KSQ data for 20220310
2025-06-12 03:11:24,665 - krx_fetcher - INFO - Fetched 1550 rows for KSQ on 20220310
2025-06-12 03:11:24,711 - krx_fetcher - INFO - Updated 940 rows in database
2025-06-12 03:11:24,750 - krx_fetcher - INFO - Updated 1550 rows in database
2025-06-12 03:11:27,506 - krx_fetcher - INFO - Fetching STK data for 20220311
2025-06-12 03:11:30,062 - krx_fetcher - INFO - Fetched 940 rows for STK on 20220311
2025-06-12 03:11:30,062 - krx_fetcher - INFO - Fetching KSQ data for 20220311
2025-06-12 03:11:33,923 - krx_fetcher - INFO - Fetched 1550 rows for KSQ on 20220311
2025-06-12 03:11:33,974 - krx_fetcher - INFO - Updated 940 rows in database
2025-06-12 03:11:34,013 - krx_fetcher - INFO - Updated 1550 rows in database
2025-06-12 03:11:37,033 - krx_fetcher - INFO - Fetching STK data for 20220314
2025-06-12 03:11:39,575 - krx_fetcher - INFO - Fetched 940 rows for STK on 20220314
2025-06-12 03:11:39,575 - krx_fetcher - INFO - Fetching KSQ data for 20220314
2025-06-12 03:11:43,579 - krx_fetcher - INFO - Fetched 1550 rows for KSQ on 20220314
2025-06-12 03:11:43,626 - krx_fetcher - INFO - Updated 940 rows in database
2025-06-12 03:11:43,662 - krx_fetcher - INFO - Updated 1550 rows in database
2025-06-12 03:11:47,331 - krx_fetcher - INFO - Fetching STK data for 20220315
2025-06-12 03:11:49,927 - krx_fetcher - INFO - Fetched 940 rows for STK on 20220315
2025-06-12 03:11:49,928 - krx_fetcher - INFO - Fetching KSQ data for 20220315
2025-06-12 03:11:53,733 - krx_fetcher - INFO - Fetched 1550 rows for KSQ on 20220315
2025-06-12 03:11:53,798 - krx_fetcher - INFO - Updated 940 rows in database
2025-06-12 03:11:53,841 - krx_fetcher - INFO - Updated 1550 rows in database
2025-06-12 03:11:58,689 - krx_fetcher - INFO - Fetching STK data for 20220316
2025-06-12 03:12:01,155 - krx_fetcher - INFO - Fetched 940 rows for STK on 20220316
2025-06-12 03:12:01,155 - krx_fetcher - INFO - Fetching KSQ data for 20220316
2025-06-12 03:12:05,190 - krx_fetcher - INFO - Fetched 1550 rows for KSQ on 20220316
2025-06-12 03:12:05,231 - krx_fetcher - INFO - Updated 940 rows in database
2025-06-12 03:12:05,274 - krx_fetcher - INFO - Updated 1550 rows in database
2025-06-12 03:12:09,554 - krx_fetcher - INFO - Fetching STK data for 20220317
2025-06-12 03:12:12,241 - krx_fetcher - INFO - Fetched 940 rows for STK on 20220317
2025-06-12 03:12:12,241 - krx_fetcher - INFO - Fetching KSQ data for 20220317
2025-06-12 03:12:15,942 - krx_fetcher - INFO - Fetched 1549 rows for KSQ on 20220317
2025-06-12 03:12:16,021 - krx_fetcher - INFO - Updated 940 rows in database
2025-06-12 03:12:16,065 - krx_fetcher - INFO - Updated 1549 rows in database
2025-06-12 03:12:19,136 - krx_fetcher - INFO - Fetching STK data for 20220318
2025-06-12 03:12:21,631 - krx_fetcher - INFO - Fetched 940 rows for STK on 20220318
2025-06-12 03:12:21,631 - krx_fetcher - INFO - Fetching KSQ data for 20220318
2025-06-12 03:12:25,470 - krx_fetcher - INFO - Fetched 1550 rows for KSQ on 20220318
2025-06-12 03:12:25,526 - krx_fetcher - INFO - Updated 940 rows in database
2025-06-12 03:12:25,570 - krx_fetcher - INFO - Updated 1550 rows in database
2025-06-12 03:12:29,147 - krx_fetcher - INFO - Fetching STK data for 20220321
2025-06-12 03:12:31,668 - krx_fetcher - INFO - Fetched 940 rows for STK on 20220321
2025-06-12 03:12:31,668 - krx_fetcher - INFO - Fetching KSQ data for 20220321
2025-06-12 03:12:35,514 - krx_fetcher - INFO - Fetched 1550 rows for KSQ on 20220321
2025-06-12 03:12:35,588 - krx_fetcher - INFO - Updated 940 rows in database
2025-06-12 03:12:35,630 - krx_fetcher - INFO - Updated 1550 rows in database
2025-06-12 03:12:40,266 - krx_fetcher - INFO - Fetching STK data for 20220322
2025-06-12 03:12:42,767 - krx_fetcher - INFO - Fetched 939 rows for STK on 20220322
2025-06-12 03:12:42,768 - krx_fetcher - INFO - Fetching KSQ data for 20220322
2025-06-12 03:12:46,661 - krx_fetcher - INFO - Fetched 1550 rows for KSQ on 20220322
2025-06-12 03:12:46,706 - krx_fetcher - INFO - Updated 939 rows in database
2025-06-12 03:12:46,751 - krx_fetcher - INFO - Updated 1550 rows in database
2025-06-12 03:12:50,509 - krx_fetcher - INFO - Fetching STK data for 20220323
2025-06-12 03:12:53,026 - krx_fetcher - INFO - Fetched 939 rows for STK on 20220323
2025-06-12 03:12:53,027 - krx_fetcher - INFO - Fetching KSQ data for 20220323
2025-06-12 03:12:56,853 - krx_fetcher - INFO - Fetched 1551 rows for KSQ on 20220323
2025-06-12 03:12:56,938 - krx_fetcher - INFO - Updated 939 rows in database
2025-06-12 03:12:56,996 - krx_fetcher - INFO - Updated 1551 rows in database
2025-06-12 03:13:01,999 - krx_fetcher - INFO - Fetching STK data for 20220324
2025-06-12 03:13:04,576 - krx_fetcher - INFO - Fetched 939 rows for STK on 20220324
2025-06-12 03:13:04,576 - krx_fetcher - INFO - Fetching KSQ data for 20220324
2025-06-12 03:13:08,380 - krx_fetcher - INFO - Fetched 1552 rows for KSQ on 20220324
2025-06-12 03:13:08,431 - krx_fetcher - INFO - Updated 939 rows in database
2025-06-12 03:13:08,477 - krx_fetcher - INFO - Updated 1552 rows in database
2025-06-12 03:13:12,960 - krx_fetcher - INFO - Fetching STK data for 20220325
2025-06-12 03:13:15,403 - krx_fetcher - INFO - Fetched 939 rows for STK on 20220325
2025-06-12 03:13:15,403 - krx_fetcher - INFO - Fetching KSQ data for 20220325
2025-06-12 03:13:19,431 - krx_fetcher - INFO - Fetched 1552 rows for KSQ on 20220325
2025-06-12 03:13:19,499 - krx_fetcher - INFO - Updated 939 rows in database
2025-06-12 03:13:19,546 - krx_fetcher - INFO - Updated 1552 rows in database
2025-06-12 03:13:23,099 - krx_fetcher - INFO - Fetching STK data for 20220328
2025-06-12 03:13:25,539 - krx_fetcher - INFO - Fetched 940 rows for STK on 20220328
2025-06-12 03:13:25,539 - krx_fetcher - INFO - Fetching KSQ data for 20220328
2025-06-12 03:13:29,569 - krx_fetcher - INFO - Fetched 1552 rows for KSQ on 20220328
2025-06-12 03:13:29,611 - krx_fetcher - INFO - Updated 940 rows in database
2025-06-12 03:13:29,649 - krx_fetcher - INFO - Updated 1552 rows in database
2025-06-12 03:13:34,304 - krx_fetcher - INFO - Fetching STK data for 20220329
2025-06-12 03:13:36,837 - krx_fetcher - INFO - Fetched 940 rows for STK on 20220329
2025-06-12 03:13:36,837 - krx_fetcher - INFO - Fetching KSQ data for 20220329
2025-06-12 03:13:40,669 - krx_fetcher - INFO - Fetched 1552 rows for KSQ on 20220329
2025-06-12 03:13:40,756 - krx_fetcher - INFO - Updated 940 rows in database
2025-06-12 03:13:40,810 - krx_fetcher - INFO - Updated 1552 rows in database
2025-06-12 03:13:44,627 - krx_fetcher - INFO - Fetching STK data for 20220330
2025-06-12 03:13:47,066 - krx_fetcher - INFO - Fetched 940 rows for STK on 20220330
2025-06-12 03:13:47,066 - krx_fetcher - INFO - Fetching KSQ data for 20220330
2025-06-12 03:13:50,942 - krx_fetcher - INFO - Fetched 1552 rows for KSQ on 20220330
2025-06-12 03:13:50,985 - krx_fetcher - INFO - Updated 940 rows in database
2025-06-12 03:13:51,036 - krx_fetcher - INFO - Updated 1552 rows in database
2025-06-12 03:13:53,077 - krx_fetcher - INFO - Fetching STK data for 20220331
2025-06-12 03:13:55,522 - krx_fetcher - INFO - Fetched 940 rows for STK on 20220331
2025-06-12 03:13:55,522 - krx_fetcher - INFO - Fetching KSQ data for 20220331
2025-06-12 03:13:59,420 - krx_fetcher - INFO - Fetched 1553 rows for KSQ on 20220331
2025-06-12 03:13:59,512 - krx_fetcher - INFO - Updated 940 rows in database
2025-06-12 03:13:59,615 - krx_fetcher - INFO - Updated 1553 rows in database
2025-06-12 03:14:04,237 - krx_fetcher - INFO - Fetching STK data for 20220401
2025-06-12 03:14:06,863 - krx_fetcher - INFO - Fetched 940 rows for STK on 20220401
2025-06-12 03:14:06,863 - krx_fetcher - INFO - Fetching KSQ data for 20220401
2025-06-12 03:14:10,647 - krx_fetcher - INFO - Fetched 1554 rows for KSQ on 20220401
2025-06-12 03:14:10,705 - krx_fetcher - INFO - Updated 940 rows in database
2025-06-12 03:14:10,759 - krx_fetcher - INFO - Updated 1554 rows in database
2025-06-12 03:14:14,524 - krx_fetcher - INFO - Fetching STK data for 20220404
2025-06-12 03:14:17,177 - krx_fetcher - INFO - Fetched 940 rows for STK on 20220404
2025-06-12 03:14:17,178 - krx_fetcher - INFO - Fetching KSQ data for 20220404
2025-06-12 03:14:20,972 - krx_fetcher - INFO - Fetched 1553 rows for KSQ on 20220404
2025-06-12 03:14:21,047 - krx_fetcher - INFO - Updated 940 rows in database
2025-06-12 03:14:21,101 - krx_fetcher - INFO - Updated 1553 rows in database
2025-06-12 03:14:23,208 - krx_fetcher - INFO - Fetching STK data for 20220405
2025-06-12 03:14:25,883 - krx_fetcher - INFO - Fetched 940 rows for STK on 20220405
2025-06-12 03:14:25,883 - krx_fetcher - INFO - Fetching KSQ data for 20220405
2025-06-12 03:14:29,572 - krx_fetcher - INFO - Fetched 1553 rows for KSQ on 20220405
2025-06-12 03:14:29,615 - krx_fetcher - INFO - Updated 940 rows in database
2025-06-12 03:14:29,655 - krx_fetcher - INFO - Updated 1553 rows in database
2025-06-12 03:14:34,316 - krx_fetcher - INFO - Fetching STK data for 20220406
2025-06-12 03:14:36,949 - krx_fetcher - INFO - Fetched 940 rows for STK on 20220406
2025-06-12 03:14:36,949 - krx_fetcher - INFO - Fetching KSQ data for 20220406
2025-06-12 03:14:40,688 - krx_fetcher - INFO - Fetched 1552 rows for KSQ on 20220406
2025-06-12 03:14:40,765 - krx_fetcher - INFO - Updated 940 rows in database
2025-06-12 03:14:40,826 - krx_fetcher - INFO - Updated 1552 rows in database
2025-06-12 03:14:44,659 - krx_fetcher - INFO - Fetching STK data for 20220407
2025-06-12 03:14:47,278 - krx_fetcher - INFO - Fetched 940 rows for STK on 20220407
2025-06-12 03:14:47,278 - krx_fetcher - INFO - Fetching KSQ data for 20220407
2025-06-12 03:14:51,067 - krx_fetcher - INFO - Fetched 1553 rows for KSQ on 20220407
2025-06-12 03:14:51,120 - krx_fetcher - INFO - Updated 940 rows in database
2025-06-12 03:14:51,169 - krx_fetcher - INFO - Updated 1553 rows in database
2025-06-12 03:14:53,345 - krx_fetcher - INFO - Fetching STK data for 20220408
2025-06-12 03:14:55,873 - krx_fetcher - INFO - Fetched 940 rows for STK on 20220408
2025-06-12 03:14:55,873 - krx_fetcher - INFO - Fetching KSQ data for 20220408
2025-06-12 03:14:59,781 - krx_fetcher - INFO - Fetched 1553 rows for KSQ on 20220408
2025-06-12 03:14:59,907 - krx_fetcher - INFO - Updated 940 rows in database
2025-06-12 03:14:59,975 - krx_fetcher - INFO - Updated 1553 rows in database
2025-06-12 03:15:04,955 - krx_fetcher - INFO - Fetching STK data for 20220411
2025-06-12 03:15:07,519 - krx_fetcher - INFO - Fetched 939 rows for STK on 20220411
2025-06-12 03:15:07,519 - krx_fetcher - INFO - Fetching KSQ data for 20220411
2025-06-12 03:15:11,348 - krx_fetcher - INFO - Fetched 1553 rows for KSQ on 20220411
2025-06-12 03:15:11,414 - krx_fetcher - INFO - Updated 939 rows in database
2025-06-12 03:15:11,468 - krx_fetcher - INFO - Updated 1553 rows in database
2025-06-12 03:15:15,943 - krx_fetcher - INFO - Fetching STK data for 20220412
2025-06-12 03:15:18,516 - krx_fetcher - INFO - Fetched 939 rows for STK on 20220412
2025-06-12 03:15:18,516 - krx_fetcher - INFO - Fetching KSQ data for 20220412
2025-06-12 03:15:22,359 - krx_fetcher - INFO - Fetched 1553 rows for KSQ on 20220412
2025-06-12 03:15:22,425 - krx_fetcher - INFO - Updated 939 rows in database
2025-06-12 03:15:22,487 - krx_fetcher - INFO - Updated 1553 rows in database
2025-06-12 03:15:25,980 - krx_fetcher - INFO - Fetching STK data for 20220413
2025-06-12 03:15:28,514 - krx_fetcher - INFO - Fetched 939 rows for STK on 20220413
2025-06-12 03:15:28,514 - krx_fetcher - INFO - Fetching KSQ data for 20220413
2025-06-12 03:15:32,306 - krx_fetcher - INFO - Fetched 1553 rows for KSQ on 20220413
2025-06-12 03:15:32,347 - krx_fetcher - INFO - Updated 939 rows in database
2025-06-12 03:15:32,388 - krx_fetcher - INFO - Updated 1553 rows in database
2025-06-12 03:15:36,782 - krx_fetcher - INFO - Fetching STK data for 20220414
2025-06-12 03:15:39,308 - krx_fetcher - INFO - Fetched 939 rows for STK on 20220414
2025-06-12 03:15:39,309 - krx_fetcher - INFO - Fetching KSQ data for 20220414
2025-06-12 03:15:43,183 - krx_fetcher - INFO - Fetched 1553 rows for KSQ on 20220414
2025-06-12 03:15:43,248 - krx_fetcher - INFO - Updated 939 rows in database
2025-06-12 03:15:43,297 - krx_fetcher - INFO - Updated 1553 rows in database
2025-06-12 03:15:46,601 - krx_fetcher - INFO - Fetching STK data for 20220415
2025-06-12 03:15:49,133 - krx_fetcher - INFO - Fetched 939 rows for STK on 20220415
2025-06-12 03:15:49,134 - krx_fetcher - INFO - Fetching KSQ data for 20220415
2025-06-12 03:15:53,005 - krx_fetcher - INFO - Fetched 1552 rows for KSQ on 20220415
2025-06-12 03:15:53,094 - krx_fetcher - INFO - Updated 939 rows in database
2025-06-12 03:15:53,210 - krx_fetcher - INFO - Updated 1552 rows in database
2025-06-12 03:15:57,422 - krx_fetcher - INFO - Fetching STK data for 20220418
2025-06-12 03:15:59,896 - krx_fetcher - INFO - Fetched 939 rows for STK on 20220418
2025-06-12 03:15:59,896 - krx_fetcher - INFO - Fetching KSQ data for 20220418
2025-06-12 03:16:03,842 - krx_fetcher - INFO - Fetched 1552 rows for KSQ on 20220418
2025-06-12 03:16:03,887 - krx_fetcher - INFO - Updated 939 rows in database
2025-06-12 03:16:03,929 - krx_fetcher - INFO - Updated 1552 rows in database
2025-06-12 03:16:06,861 - krx_fetcher - INFO - Fetching STK data for 20220419
2025-06-12 03:16:09,374 - krx_fetcher - INFO - Fetched 939 rows for STK on 20220419
2025-06-12 03:16:09,374 - krx_fetcher - INFO - Fetching KSQ data for 20220419
2025-06-12 03:16:13,217 - krx_fetcher - INFO - Fetched 1552 rows for KSQ on 20220419
2025-06-12 03:16:13,267 - krx_fetcher - INFO - Updated 939 rows in database
2025-06-12 03:16:13,314 - krx_fetcher - INFO - Updated 1552 rows in database
2025-06-12 03:16:16,634 - krx_fetcher - INFO - Fetching STK data for 20220420
2025-06-12 03:16:19,035 - krx_fetcher - INFO - Fetched 939 rows for STK on 20220420
2025-06-12 03:16:19,035 - krx_fetcher - INFO - Fetching KSQ data for 20220420
2025-06-12 03:16:22,978 - krx_fetcher - INFO - Fetched 1551 rows for KSQ on 20220420
2025-06-12 03:16:23,061 - krx_fetcher - INFO - Updated 939 rows in database
2025-06-12 03:16:23,140 - krx_fetcher - INFO - Updated 1551 rows in database
2025-06-12 03:16:27,287 - krx_fetcher - INFO - Fetching STK data for 20220421
2025-06-12 03:16:29,799 - krx_fetcher - INFO - Fetched 939 rows for STK on 20220421
2025-06-12 03:16:29,800 - krx_fetcher - INFO - Fetching KSQ data for 20220421
2025-06-12 03:16:33,786 - krx_fetcher - INFO - Fetched 1552 rows for KSQ on 20220421
2025-06-12 03:16:33,843 - krx_fetcher - INFO - Updated 939 rows in database
2025-06-12 03:16:33,888 - krx_fetcher - INFO - Updated 1552 rows in database
2025-06-12 03:16:36,784 - krx_fetcher - INFO - Fetching STK data for 20220422
2025-06-12 03:16:39,313 - krx_fetcher - INFO - Fetched 939 rows for STK on 20220422
2025-06-12 03:16:39,313 - krx_fetcher - INFO - Fetching KSQ data for 20220422
2025-06-12 03:16:43,186 - krx_fetcher - INFO - Fetched 1552 rows for KSQ on 20220422
2025-06-12 03:16:43,290 - krx_fetcher - INFO - Updated 939 rows in database
2025-06-12 03:16:43,370 - krx_fetcher - INFO - Updated 1552 rows in database
2025-06-12 03:16:46,748 - krx_fetcher - INFO - Fetching STK data for 20220425
2025-06-12 03:16:49,287 - krx_fetcher - INFO - Fetched 939 rows for STK on 20220425
2025-06-12 03:16:49,287 - krx_fetcher - INFO - Fetching KSQ data for 20220425
2025-06-12 03:16:53,159 - krx_fetcher - INFO - Fetched 1552 rows for KSQ on 20220425
2025-06-12 03:16:53,257 - krx_fetcher - INFO - Updated 939 rows in database
2025-06-12 03:16:53,360 - krx_fetcher - INFO - Updated 1552 rows in database
2025-06-12 03:16:57,722 - krx_fetcher - INFO - Fetching STK data for 20220426
2025-06-12 03:17:00,134 - krx_fetcher - INFO - Fetched 939 rows for STK on 20220426
2025-06-12 03:17:00,135 - krx_fetcher - INFO - Fetching KSQ data for 20220426
2025-06-12 03:17:04,076 - krx_fetcher - INFO - Fetched 1551 rows for KSQ on 20220426
2025-06-12 03:17:04,161 - krx_fetcher - INFO - Updated 939 rows in database
2025-06-12 03:17:04,241 - krx_fetcher - INFO - Updated 1551 rows in database
2025-06-12 03:17:07,489 - krx_fetcher - INFO - Fetching STK data for 20220427
2025-06-12 03:17:09,906 - krx_fetcher - INFO - Fetched 939 rows for STK on 20220427
2025-06-12 03:17:09,907 - krx_fetcher - INFO - Fetching KSQ data for 20220427
2025-06-12 03:17:13,928 - krx_fetcher - INFO - Fetched 1552 rows for KSQ on 20220427
2025-06-12 03:17:13,978 - krx_fetcher - INFO - Updated 939 rows in database
2025-06-12 03:17:14,024 - krx_fetcher - INFO - Updated 1552 rows in database
2025-06-12 03:17:18,055 - krx_fetcher - INFO - Fetching STK data for 20220428
2025-06-12 03:17:20,511 - krx_fetcher - INFO - Fetched 940 rows for STK on 20220428
2025-06-12 03:17:20,511 - krx_fetcher - INFO - Fetching KSQ data for 20220428
2025-06-12 03:17:24,371 - krx_fetcher - INFO - Fetched 1554 rows for KSQ on 20220428
2025-06-12 03:17:24,462 - krx_fetcher - INFO - Updated 940 rows in database
2025-06-12 03:17:24,544 - krx_fetcher - INFO - Updated 1554 rows in database
2025-06-12 03:17:27,101 - krx_fetcher - INFO - Fetching STK data for 20220429
2025-06-12 03:17:29,485 - krx_fetcher - INFO - Fetched 940 rows for STK on 20220429
2025-06-12 03:17:29,485 - krx_fetcher - INFO - Fetching KSQ data for 20220429
2025-06-12 03:17:33,487 - krx_fetcher - INFO - Fetched 1555 rows for KSQ on 20220429
2025-06-12 03:17:33,537 - krx_fetcher - INFO - Updated 940 rows in database
2025-06-12 03:17:33,582 - krx_fetcher - INFO - Updated 1555 rows in database
2025-06-12 03:17:36,171 - krx_fetcher - INFO - Fetching STK data for 20220502
2025-06-12 03:17:39,021 - krx_fetcher - INFO - Fetched 940 rows for STK on 20220502
2025-06-12 03:17:39,021 - krx_fetcher - INFO - Fetching KSQ data for 20220502
2025-06-12 03:17:42,546 - krx_fetcher - INFO - Fetched 1555 rows for KSQ on 20220502
2025-06-12 03:17:42,585 - krx_fetcher - INFO - Updated 940 rows in database
2025-06-12 03:17:42,632 - krx_fetcher - INFO - Updated 1555 rows in database
2025-06-12 03:17:45,271 - krx_fetcher - INFO - Fetching STK data for 20220503
2025-06-12 03:17:47,781 - krx_fetcher - INFO - Fetched 940 rows for STK on 20220503
2025-06-12 03:17:47,781 - krx_fetcher - INFO - Fetching KSQ data for 20220503
2025-06-12 03:17:51,683 - krx_fetcher - INFO - Fetched 1555 rows for KSQ on 20220503
2025-06-12 03:17:51,766 - krx_fetcher - INFO - Updated 940 rows in database
2025-06-12 03:17:51,848 - krx_fetcher - INFO - Updated 1555 rows in database
2025-06-12 03:17:54,697 - krx_fetcher - INFO - Fetching STK data for 20220504
2025-06-12 03:17:57,341 - krx_fetcher - INFO - Fetched 940 rows for STK on 20220504
2025-06-12 03:17:57,341 - krx_fetcher - INFO - Fetching KSQ data for 20220504
2025-06-12 03:18:01,129 - krx_fetcher - INFO - Fetched 1555 rows for KSQ on 20220504
2025-06-12 03:18:01,176 - krx_fetcher - INFO - Updated 940 rows in database
2025-06-12 03:18:01,231 - krx_fetcher - INFO - Updated 1555 rows in database
2025-06-12 03:18:04,470 - krx_fetcher - INFO - Fetching STK data for 20220505
2025-06-12 03:18:06,696 - krx_fetcher - INFO - Fetched 940 rows for STK on 20220505
2025-06-12 03:18:06,697 - krx_fetcher - INFO - Fetching KSQ data for 20220505
2025-06-12 03:18:10,675 - krx_fetcher - INFO - Fetched 1555 rows for KSQ on 20220505
2025-06-12 03:18:10,713 - krx_fetcher - INFO - Updated 940 rows in database
2025-06-12 03:18:10,769 - krx_fetcher - INFO - Updated 1555 rows in database
2025-06-12 03:18:14,545 - krx_fetcher - INFO - Fetching STK data for 20220506
2025-06-12 03:18:17,176 - krx_fetcher - INFO - Fetched 940 rows for STK on 20220506
2025-06-12 03:18:17,176 - krx_fetcher - INFO - Fetching KSQ data for 20220506
2025-06-12 03:18:20,885 - krx_fetcher - INFO - Fetched 1555 rows for KSQ on 20220506
2025-06-12 03:18:20,966 - krx_fetcher - INFO - Updated 940 rows in database
2025-06-12 03:18:21,055 - krx_fetcher - INFO - Updated 1555 rows in database
2025-06-12 03:18:23,115 - krx_fetcher - INFO - Fetching STK data for 20220509
2025-06-12 03:18:25,599 - krx_fetcher - INFO - Fetched 940 rows for STK on 20220509
2025-06-12 03:18:25,600 - krx_fetcher - INFO - Fetching KSQ data for 20220509
2025-06-12 03:18:29,468 - krx_fetcher - INFO - Fetched 1554 rows for KSQ on 20220509
2025-06-12 03:18:29,521 - krx_fetcher - INFO - Updated 940 rows in database
2025-06-12 03:18:29,571 - krx_fetcher - INFO - Updated 1554 rows in database
2025-06-12 03:18:34,149 - krx_fetcher - INFO - Fetching STK data for 20220510
2025-06-12 03:18:36,685 - krx_fetcher - INFO - Fetched 940 rows for STK on 20220510
2025-06-12 03:18:36,685 - krx_fetcher - INFO - Fetching KSQ data for 20220510
2025-06-12 03:18:40,552 - krx_fetcher - INFO - Fetched 1554 rows for KSQ on 20220510
2025-06-12 03:18:40,595 - krx_fetcher - INFO - Updated 940 rows in database
2025-06-12 03:18:40,648 - krx_fetcher - INFO - Updated 1554 rows in database
2025-06-12 03:18:44,303 - krx_fetcher - INFO - Fetching STK data for 20220511
2025-06-12 03:18:46,904 - krx_fetcher - INFO - Fetched 940 rows for STK on 20220511
2025-06-12 03:18:46,904 - krx_fetcher - INFO - Fetching KSQ data for 20220511
2025-06-12 03:18:50,696 - krx_fetcher - INFO - Fetched 1554 rows for KSQ on 20220511
2025-06-12 03:18:50,791 - krx_fetcher - INFO - Updated 940 rows in database
2025-06-12 03:18:50,884 - krx_fetcher - INFO - Updated 1554 rows in database
2025-06-12 03:18:55,774 - krx_fetcher - INFO - Fetching STK data for 20220512
2025-06-12 03:18:58,314 - krx_fetcher - INFO - Fetched 940 rows for STK on 20220512
2025-06-12 03:18:58,315 - krx_fetcher - INFO - Fetching KSQ data for 20220512
2025-06-12 03:19:02,176 - krx_fetcher - INFO - Fetched 1554 rows for KSQ on 20220512
2025-06-12 03:19:02,214 - krx_fetcher - INFO - Updated 940 rows in database
2025-06-12 03:19:02,262 - krx_fetcher - INFO - Updated 1554 rows in database
2025-06-12 03:19:06,529 - krx_fetcher - INFO - Fetching STK data for 20220513
2025-06-12 03:19:09,035 - krx_fetcher - INFO - Fetched 940 rows for STK on 20220513
2025-06-12 03:19:09,035 - krx_fetcher - INFO - Fetching KSQ data for 20220513
2025-06-12 03:19:12,858 - krx_fetcher - INFO - Fetched 1554 rows for KSQ on 20220513
2025-06-12 03:19:12,930 - krx_fetcher - INFO - Updated 940 rows in database
2025-06-12 03:19:13,046 - krx_fetcher - INFO - Updated 1554 rows in database
2025-06-12 03:19:16,094 - krx_fetcher - INFO - Fetching STK data for 20220516
2025-06-12 03:19:18,602 - krx_fetcher - INFO - Fetched 940 rows for STK on 20220516
2025-06-12 03:19:18,602 - krx_fetcher - INFO - Fetching KSQ data for 20220516
2025-06-12 03:19:22,440 - krx_fetcher - INFO - Fetched 1555 rows for KSQ on 20220516
2025-06-12 03:19:22,559 - krx_fetcher - INFO - Updated 940 rows in database
2025-06-12 03:19:22,687 - krx_fetcher - INFO - Updated 1555 rows in database
2025-06-12 03:19:26,376 - krx_fetcher - INFO - Fetching STK data for 20220517
2025-06-12 03:19:28,893 - krx_fetcher - INFO - Fetched 940 rows for STK on 20220517
2025-06-12 03:19:28,893 - krx_fetcher - INFO - Fetching KSQ data for 20220517
2025-06-12 03:19:32,734 - krx_fetcher - INFO - Fetched 1555 rows for KSQ on 20220517
2025-06-12 03:19:32,822 - krx_fetcher - INFO - Updated 940 rows in database
2025-06-12 03:19:32,924 - krx_fetcher - INFO - Updated 1555 rows in database
2025-06-12 03:19:37,852 - krx_fetcher - INFO - Fetching STK data for 20220518
2025-06-12 03:19:40,331 - krx_fetcher - INFO - Fetched 940 rows for STK on 20220518
2025-06-12 03:19:40,331 - krx_fetcher - INFO - Fetching KSQ data for 20220518
2025-06-12 03:19:44,233 - krx_fetcher - INFO - Fetched 1554 rows for KSQ on 20220518
2025-06-12 03:19:44,309 - krx_fetcher - INFO - Updated 940 rows in database
2025-06-12 03:19:44,395 - krx_fetcher - INFO - Updated 1554 rows in database
2025-06-12 03:19:48,795 - krx_fetcher - INFO - Fetching STK data for 20220519
2025-06-12 03:19:51,340 - krx_fetcher - INFO - Fetched 940 rows for STK on 20220519
2025-06-12 03:19:51,341 - krx_fetcher - INFO - Fetching KSQ data for 20220519
2025-06-12 03:19:55,161 - krx_fetcher - INFO - Fetched 1554 rows for KSQ on 20220519
2025-06-12 03:19:55,260 - krx_fetcher - INFO - Updated 940 rows in database
2025-06-12 03:19:55,370 - krx_fetcher - INFO - Updated 1554 rows in database
2025-06-12 03:19:58,743 - krx_fetcher - INFO - Fetching STK data for 20220520
2025-06-12 03:20:01,260 - krx_fetcher - INFO - Fetched 940 rows for STK on 20220520
2025-06-12 03:20:01,260 - krx_fetcher - INFO - Fetching KSQ data for 20220520
2025-06-12 03:20:05,133 - krx_fetcher - INFO - Fetched 1555 rows for KSQ on 20220520
2025-06-12 03:20:05,205 - krx_fetcher - INFO - Updated 940 rows in database
2025-06-12 03:20:05,278 - krx_fetcher - INFO - Updated 1555 rows in database
2025-06-12 03:20:09,562 - krx_fetcher - INFO - Fetching STK data for 20220523
2025-06-12 03:20:12,022 - krx_fetcher - INFO - Fetched 940 rows for STK on 20220523
2025-06-12 03:20:12,022 - krx_fetcher - INFO - Fetching KSQ data for 20220523
2025-06-12 03:20:15,996 - krx_fetcher - INFO - Fetched 1555 rows for KSQ on 20220523
2025-06-12 03:20:16,085 - krx_fetcher - INFO - Updated 940 rows in database
2025-06-12 03:20:16,166 - krx_fetcher - INFO - Updated 1555 rows in database
2025-06-12 03:20:19,339 - krx_fetcher - INFO - Fetching STK data for 20220524
2025-06-12 03:20:21,772 - krx_fetcher - INFO - Fetched 940 rows for STK on 20220524
2025-06-12 03:20:21,772 - krx_fetcher - INFO - Fetching KSQ data for 20220524
2025-06-12 03:20:25,824 - krx_fetcher - INFO - Fetched 1555 rows for KSQ on 20220524
2025-06-12 03:20:25,928 - krx_fetcher - INFO - Updated 940 rows in database
2025-06-12 03:20:26,028 - krx_fetcher - INFO - Updated 1555 rows in database
2025-06-12 03:20:30,062 - krx_fetcher - INFO - Fetching STK data for 20220525
2025-06-12 03:20:32,483 - krx_fetcher - INFO - Fetched 940 rows for STK on 20220525
2025-06-12 03:20:32,483 - krx_fetcher - INFO - Fetching KSQ data for 20220525
2025-06-12 03:20:36,477 - krx_fetcher - INFO - Fetched 1555 rows for KSQ on 20220525
2025-06-12 03:20:36,532 - krx_fetcher - INFO - Updated 940 rows in database
2025-06-12 03:20:36,582 - krx_fetcher - INFO - Updated 1555 rows in database
2025-06-12 03:20:39,171 - krx_fetcher - INFO - Fetching STK data for 20220526
2025-06-12 03:20:41,800 - krx_fetcher - INFO - Fetched 940 rows for STK on 20220526
2025-06-12 03:20:41,801 - krx_fetcher - INFO - Fetching KSQ data for 20220526
2025-06-12 03:20:45,590 - krx_fetcher - INFO - Fetched 1556 rows for KSQ on 20220526
2025-06-12 03:20:45,646 - krx_fetcher - INFO - Updated 940 rows in database
2025-06-12 03:20:45,697 - krx_fetcher - INFO - Updated 1556 rows in database
2025-06-12 03:20:48,401 - krx_fetcher - INFO - Fetching STK data for 20220527
2025-06-12 03:20:50,913 - krx_fetcher - INFO - Fetched 940 rows for STK on 20220527
2025-06-12 03:20:50,914 - krx_fetcher - INFO - Fetching KSQ data for 20220527
2025-06-12 03:20:55,006 - krx_fetcher - INFO - Fetched 1555 rows for KSQ on 20220527
2025-06-12 03:20:55,105 - krx_fetcher - INFO - Updated 940 rows in database
2025-06-12 03:20:55,206 - krx_fetcher - INFO - Updated 1555 rows in database
2025-06-12 03:20:58,418 - krx_fetcher - INFO - Fetching STK data for 20220530
2025-06-12 03:21:00,847 - krx_fetcher - INFO - Fetched 940 rows for STK on 20220530
2025-06-12 03:21:00,847 - krx_fetcher - INFO - Fetching KSQ data for 20220530
2025-06-12 03:21:04,816 - krx_fetcher - INFO - Fetched 1555 rows for KSQ on 20220530
2025-06-12 03:21:04,873 - krx_fetcher - INFO - Updated 940 rows in database
2025-06-12 03:21:04,924 - krx_fetcher - INFO - Updated 1555 rows in database
2025-06-12 03:21:08,855 - krx_fetcher - INFO - Fetching STK data for 20220531
2025-06-12 03:21:11,344 - krx_fetcher - INFO - Fetched 941 rows for STK on 20220531
2025-06-12 03:21:11,344 - krx_fetcher - INFO - Fetching KSQ data for 20220531
2025-06-12 03:21:15,290 - krx_fetcher - INFO - Fetched 1553 rows for KSQ on 20220531
2025-06-12 03:21:15,348 - krx_fetcher - INFO - Updated 941 rows in database
2025-06-12 03:21:15,401 - krx_fetcher - INFO - Updated 1553 rows in database
2025-06-12 03:21:17,808 - krx_fetcher - INFO - Fetching STK data for 20220601
2025-06-12 03:21:20,095 - krx_fetcher - INFO - Fetched 941 rows for STK on 20220601
2025-06-12 03:21:20,095 - krx_fetcher - INFO - Fetching KSQ data for 20220601
2025-06-12 03:21:24,020 - krx_fetcher - INFO - Fetched 1553 rows for KSQ on 20220601
2025-06-12 03:21:24,127 - krx_fetcher - INFO - Updated 941 rows in database
2025-06-12 03:21:24,230 - krx_fetcher - INFO - Updated 1553 rows in database
2025-06-12 03:21:26,467 - krx_fetcher - INFO - Fetching STK data for 20220602
2025-06-12 03:21:29,208 - krx_fetcher - INFO - Fetched 941 rows for STK on 20220602
2025-06-12 03:21:29,209 - krx_fetcher - INFO - Fetching KSQ data for 20220602
2025-06-12 03:21:32,901 - krx_fetcher - INFO - Fetched 1553 rows for KSQ on 20220602
2025-06-12 03:21:32,959 - krx_fetcher - INFO - Updated 941 rows in database
2025-06-12 03:21:33,011 - krx_fetcher - INFO - Updated 1553 rows in database
2025-06-12 03:21:35,028 - krx_fetcher - INFO - Fetching STK data for 20220603
2025-06-12 03:21:37,703 - krx_fetcher - INFO - Fetched 941 rows for STK on 20220603
2025-06-12 03:21:37,703 - krx_fetcher - INFO - Fetching KSQ data for 20220603
2025-06-12 03:21:41,399 - krx_fetcher - INFO - Fetched 1554 rows for KSQ on 20220603
2025-06-12 03:21:41,455 - krx_fetcher - INFO - Updated 941 rows in database
2025-06-12 03:21:41,508 - krx_fetcher - INFO - Updated 1554 rows in database
2025-06-12 03:21:46,023 - krx_fetcher - INFO - Fetching STK data for 20220606
2025-06-12 03:21:48,358 - krx_fetcher - INFO - Fetched 941 rows for STK on 20220606
2025-06-12 03:21:48,358 - krx_fetcher - INFO - Fetching KSQ data for 20220606
2025-06-12 03:21:52,194 - krx_fetcher - INFO - Fetched 1554 rows for KSQ on 20220606
2025-06-12 03:21:52,304 - krx_fetcher - INFO - Updated 941 rows in database
2025-06-12 03:21:52,410 - krx_fetcher - INFO - Updated 1554 rows in database
2025-06-12 03:21:55,829 - krx_fetcher - INFO - Fetching STK data for 20220607
2025-06-12 03:21:58,397 - krx_fetcher - INFO - Fetched 941 rows for STK on 20220607
2025-06-12 03:21:58,397 - krx_fetcher - INFO - Fetching KSQ data for 20220607
2025-06-12 03:22:02,295 - krx_fetcher - INFO - Fetched 1554 rows for KSQ on 20220607
2025-06-12 03:22:02,383 - krx_fetcher - INFO - Updated 941 rows in database
2025-06-12 03:22:02,482 - krx_fetcher - INFO - Updated 1554 rows in database
2025-06-12 03:22:06,972 - krx_fetcher - INFO - Fetching STK data for 20220608
2025-06-12 03:22:09,567 - krx_fetcher - INFO - Fetched 941 rows for STK on 20220608
2025-06-12 03:22:09,567 - krx_fetcher - INFO - Fetching KSQ data for 20220608
2025-06-12 03:22:13,330 - krx_fetcher - INFO - Fetched 1554 rows for KSQ on 20220608
2025-06-12 03:22:13,383 - krx_fetcher - INFO - Updated 941 rows in database
2025-06-12 03:22:13,477 - krx_fetcher - INFO - Updated 1554 rows in database
2025-06-12 03:22:16,957 - krx_fetcher - INFO - Fetching STK data for 20220609
2025-06-12 03:22:19,474 - krx_fetcher - INFO - Fetched 941 rows for STK on 20220609
2025-06-12 03:22:19,475 - krx_fetcher - INFO - Fetching KSQ data for 20220609
2025-06-12 03:22:23,401 - krx_fetcher - INFO - Fetched 1554 rows for KSQ on 20220609
2025-06-12 03:22:23,563 - krx_fetcher - INFO - Updated 941 rows in database
2025-06-12 03:22:23,757 - krx_fetcher - INFO - Updated 1554 rows in database
2025-06-12 03:22:28,517 - krx_fetcher - INFO - Fetching STK data for 20220610
2025-06-12 03:22:31,068 - krx_fetcher - INFO - Fetched 941 rows for STK on 20220610
2025-06-12 03:22:31,068 - krx_fetcher - INFO - Fetching KSQ data for 20220610
2025-06-12 03:22:34,885 - krx_fetcher - INFO - Fetched 1554 rows for KSQ on 20220610
2025-06-12 03:22:34,935 - krx_fetcher - INFO - Updated 941 rows in database
2025-06-12 03:22:34,990 - krx_fetcher - INFO - Updated 1554 rows in database
2025-06-12 03:22:38,984 - krx_fetcher - INFO - Fetching STK data for 20220613
2025-06-12 03:22:41,520 - krx_fetcher - INFO - Fetched 941 rows for STK on 20220613
2025-06-12 03:22:41,520 - krx_fetcher - INFO - Fetching KSQ data for 20220613
2025-06-12 03:22:45,520 - krx_fetcher - INFO - Fetched 1554 rows for KSQ on 20220613
2025-06-12 03:22:45,578 - krx_fetcher - INFO - Updated 941 rows in database
2025-06-12 03:22:45,633 - krx_fetcher - INFO - Updated 1554 rows in database
2025-06-12 03:22:48,273 - krx_fetcher - INFO - Fetching STK data for 20220614
2025-06-12 03:22:50,800 - krx_fetcher - INFO - Fetched 941 rows for STK on 20220614
2025-06-12 03:22:50,800 - krx_fetcher - INFO - Fetching KSQ data for 20220614
2025-06-12 03:22:54,638 - krx_fetcher - INFO - Fetched 1554 rows for KSQ on 20220614
2025-06-12 03:22:54,755 - krx_fetcher - INFO - Updated 941 rows in database
2025-06-12 03:22:54,875 - krx_fetcher - INFO - Updated 1554 rows in database
2025-06-12 03:22:57,756 - krx_fetcher - INFO - Fetching STK data for 20220615
2025-06-12 03:23:00,266 - krx_fetcher - INFO - Fetched 941 rows for STK on 20220615
2025-06-12 03:23:00,266 - krx_fetcher - INFO - Fetching KSQ data for 20220615
2025-06-12 03:23:04,104 - krx_fetcher - INFO - Fetched 1554 rows for KSQ on 20220615
2025-06-12 03:23:04,168 - krx_fetcher - INFO - Updated 941 rows in database
2025-06-12 03:23:04,225 - krx_fetcher - INFO - Updated 1554 rows in database
2025-06-12 03:23:07,456 - krx_fetcher - INFO - Fetching STK data for 20220616
2025-06-12 03:23:10,093 - krx_fetcher - INFO - Fetched 941 rows for STK on 20220616
2025-06-12 03:23:10,093 - krx_fetcher - INFO - Fetching KSQ data for 20220616
2025-06-12 03:23:13,823 - krx_fetcher - INFO - Fetched 1554 rows for KSQ on 20220616
2025-06-12 03:23:13,879 - krx_fetcher - INFO - Updated 941 rows in database
2025-06-12 03:23:13,934 - krx_fetcher - INFO - Updated 1554 rows in database
2025-06-12 03:23:17,870 - krx_fetcher - INFO - Fetching STK data for 20220617
2025-06-12 03:23:20,420 - krx_fetcher - INFO - Fetched 941 rows for STK on 20220617
2025-06-12 03:23:20,420 - krx_fetcher - INFO - Fetching KSQ data for 20220617
2025-06-12 03:23:24,224 - krx_fetcher - INFO - Fetched 1555 rows for KSQ on 20220617
2025-06-12 03:23:24,349 - krx_fetcher - INFO - Updated 941 rows in database
2025-06-12 03:23:24,464 - krx_fetcher - INFO - Updated 1555 rows in database
2025-06-12 03:23:26,935 - krx_fetcher - INFO - Fetching STK data for 20220620
2025-06-12 03:23:29,546 - krx_fetcher - INFO - Fetched 941 rows for STK on 20220620
2025-06-12 03:23:29,546 - krx_fetcher - INFO - Fetching KSQ data for 20220620
2025-06-12 03:23:33,339 - krx_fetcher - INFO - Fetched 1556 rows for KSQ on 20220620
2025-06-12 03:23:33,398 - krx_fetcher - INFO - Updated 941 rows in database
2025-06-12 03:23:33,452 - krx_fetcher - INFO - Updated 1556 rows in database
2025-06-12 03:23:35,912 - krx_fetcher - INFO - Fetching STK data for 20220621
2025-06-12 03:23:38,455 - krx_fetcher - INFO - Fetched 941 rows for STK on 20220621
2025-06-12 03:23:38,455 - krx_fetcher - INFO - Fetching KSQ data for 20220621
2025-06-12 03:23:42,341 - krx_fetcher - INFO - Fetched 1556 rows for KSQ on 20220621
2025-06-12 03:23:42,430 - krx_fetcher - INFO - Updated 941 rows in database
2025-06-12 03:23:42,520 - krx_fetcher - INFO - Updated 1556 rows in database
2025-06-12 03:23:45,047 - krx_fetcher - INFO - Fetching STK data for 20220622
2025-06-12 03:23:47,667 - krx_fetcher - INFO - Fetched 941 rows for STK on 20220622
2025-06-12 03:23:47,667 - krx_fetcher - INFO - Fetching KSQ data for 20220622
2025-06-12 03:23:51,380 - krx_fetcher - INFO - Fetched 1556 rows for KSQ on 20220622
2025-06-12 03:23:51,527 - krx_fetcher - INFO - Updated 941 rows in database
2025-06-12 03:23:51,652 - krx_fetcher - INFO - Updated 1556 rows in database
2025-06-12 03:23:54,310 - krx_fetcher - INFO - Fetching STK data for 20220623
2025-06-12 03:23:56,887 - krx_fetcher - INFO - Fetched 941 rows for STK on 20220623
2025-06-12 03:23:56,887 - krx_fetcher - INFO - Fetching KSQ data for 20220623
2025-06-12 03:24:00,680 - krx_fetcher - INFO - Fetched 1558 rows for KSQ on 20220623
2025-06-12 03:24:00,746 - krx_fetcher - INFO - Updated 941 rows in database
2025-06-12 03:24:00,801 - krx_fetcher - INFO - Updated 1558 rows in database
2025-06-12 03:24:03,610 - krx_fetcher - INFO - Fetching STK data for 20220624
2025-06-12 03:24:06,061 - krx_fetcher - INFO - Fetched 941 rows for STK on 20220624
2025-06-12 03:24:06,062 - krx_fetcher - INFO - Fetching KSQ data for 20220624
2025-06-12 03:24:09,986 - krx_fetcher - INFO - Fetched 1561 rows for KSQ on 20220624
2025-06-12 03:24:10,050 - krx_fetcher - INFO - Updated 941 rows in database
2025-06-12 03:24:10,108 - krx_fetcher - INFO - Updated 1561 rows in database
2025-06-12 03:24:13,222 - krx_fetcher - INFO - Fetching STK data for 20220627
2025-06-12 03:24:15,698 - krx_fetcher - INFO - Fetched 941 rows for STK on 20220627
2025-06-12 03:24:15,698 - krx_fetcher - INFO - Fetching KSQ data for 20220627
2025-06-12 03:24:19,657 - krx_fetcher - INFO - Fetched 1560 rows for KSQ on 20220627
2025-06-12 03:24:19,776 - krx_fetcher - INFO - Updated 941 rows in database
2025-06-12 03:24:19,904 - krx_fetcher - INFO - Updated 1560 rows in database
2025-06-12 03:24:23,816 - krx_fetcher - INFO - Fetching STK data for 20220628
2025-06-12 03:24:26,278 - krx_fetcher - INFO - Fetched 941 rows for STK on 20220628
2025-06-12 03:24:26,278 - krx_fetcher - INFO - Fetching KSQ data for 20220628
2025-06-12 03:24:30,212 - krx_fetcher - INFO - Fetched 1561 rows for KSQ on 20220628
2025-06-12 03:24:30,279 - krx_fetcher - INFO - Updated 941 rows in database
2025-06-12 03:24:30,337 - krx_fetcher - INFO - Updated 1561 rows in database
2025-06-12 03:24:32,680 - krx_fetcher - INFO - Fetching STK data for 20220629
2025-06-12 03:24:35,122 - krx_fetcher - INFO - Fetched 941 rows for STK on 20220629
2025-06-12 03:24:35,122 - krx_fetcher - INFO - Fetching KSQ data for 20220629
2025-06-12 03:24:39,108 - krx_fetcher - INFO - Fetched 1561 rows for KSQ on 20220629
2025-06-12 03:24:39,169 - krx_fetcher - INFO - Updated 941 rows in database
2025-06-12 03:24:39,230 - krx_fetcher - INFO - Updated 1561 rows in database
2025-06-12 03:24:41,466 - krx_fetcher - INFO - Fetching STK data for 20220630
2025-06-12 03:24:43,895 - krx_fetcher - INFO - Fetched 941 rows for STK on 20220630
2025-06-12 03:24:43,895 - krx_fetcher - INFO - Fetching KSQ data for 20220630
2025-06-12 03:24:47,822 - krx_fetcher - INFO - Fetched 1562 rows for KSQ on 20220630
2025-06-12 03:24:47,937 - krx_fetcher - INFO - Updated 941 rows in database
2025-06-12 03:24:48,074 - krx_fetcher - INFO - Updated 1562 rows in database
2025-06-12 03:24:50,155 - krx_fetcher - INFO - Fetching STK data for 20220701
2025-06-12 03:24:52,901 - krx_fetcher - INFO - Fetched 941 rows for STK on 20220701
2025-06-12 03:24:52,901 - krx_fetcher - INFO - Fetching KSQ data for 20220701
2025-06-12 03:24:56,592 - krx_fetcher - INFO - Fetched 1563 rows for KSQ on 20220701
2025-06-12 03:24:56,654 - krx_fetcher - INFO - Updated 941 rows in database
2025-06-12 03:24:56,713 - krx_fetcher - INFO - Updated 1563 rows in database
2025-06-12 03:25:01,432 - krx_fetcher - INFO - Fetching STK data for 20220704
2025-06-12 03:25:04,166 - krx_fetcher - INFO - Fetched 941 rows for STK on 20220704
2025-06-12 03:25:04,167 - krx_fetcher - INFO - Fetching KSQ data for 20220704
2025-06-12 03:25:07,815 - krx_fetcher - INFO - Fetched 1563 rows for KSQ on 20220704
2025-06-12 03:25:07,877 - krx_fetcher - INFO - Updated 941 rows in database
2025-06-12 03:25:07,939 - krx_fetcher - INFO - Updated 1563 rows in database
2025-06-12 03:25:11,887 - krx_fetcher - INFO - Fetching STK data for 20220705
2025-06-12 03:25:14,515 - krx_fetcher - INFO - Fetched 941 rows for STK on 20220705
2025-06-12 03:25:14,515 - krx_fetcher - INFO - Fetching KSQ data for 20220705
2025-06-12 03:25:18,238 - krx_fetcher - INFO - Fetched 1563 rows for KSQ on 20220705
2025-06-12 03:25:18,400 - krx_fetcher - INFO - Updated 941 rows in database
2025-06-12 03:25:18,578 - krx_fetcher - INFO - Updated 1563 rows in database
2025-06-12 03:25:21,163 - krx_fetcher - INFO - Fetching STK data for 20220706
2025-06-12 03:25:23,726 - krx_fetcher - INFO - Fetched 941 rows for STK on 20220706
2025-06-12 03:25:23,726 - krx_fetcher - INFO - Fetching KSQ data for 20220706
2025-06-12 03:25:27,575 - krx_fetcher - INFO - Fetched 1563 rows for KSQ on 20220706
2025-06-12 03:25:27,744 - krx_fetcher - INFO - Updated 941 rows in database
2025-06-12 03:25:27,886 - krx_fetcher - INFO - Updated 1563 rows in database
2025-06-12 03:25:30,779 - krx_fetcher - INFO - Fetching STK data for 20220707
2025-06-12 03:25:33,320 - krx_fetcher - INFO - Fetched 941 rows for STK on 20220707
2025-06-12 03:25:33,321 - krx_fetcher - INFO - Fetching KSQ data for 20220707
2025-06-12 03:25:37,172 - krx_fetcher - INFO - Fetched 1564 rows for KSQ on 20220707
2025-06-12 03:25:37,336 - krx_fetcher - INFO - Updated 941 rows in database
2025-06-12 03:25:37,478 - krx_fetcher - INFO - Updated 1564 rows in database
2025-06-12 03:25:40,963 - krx_fetcher - INFO - Fetching STK data for 20220708
2025-06-12 03:25:43,595 - krx_fetcher - INFO - Fetched 941 rows for STK on 20220708
2025-06-12 03:25:43,596 - krx_fetcher - INFO - Fetching KSQ data for 20220708
2025-06-12 03:25:47,301 - krx_fetcher - INFO - Fetched 1564 rows for KSQ on 20220708
2025-06-12 03:25:47,464 - krx_fetcher - INFO - Updated 941 rows in database
2025-06-12 03:25:47,620 - krx_fetcher - INFO - Updated 1564 rows in database
2025-06-12 03:25:52,247 - krx_fetcher - INFO - Fetching STK data for 20220711
2025-06-12 03:25:54,753 - krx_fetcher - INFO - Fetched 941 rows for STK on 20220711
2025-06-12 03:25:54,753 - krx_fetcher - INFO - Fetching KSQ data for 20220711
2025-06-12 03:25:58,638 - krx_fetcher - INFO - Fetched 1564 rows for KSQ on 20220711
2025-06-12 03:25:58,761 - krx_fetcher - INFO - Updated 941 rows in database
2025-06-12 03:25:58,869 - krx_fetcher - INFO - Updated 1564 rows in database
2025-06-12 03:26:02,740 - krx_fetcher - INFO - Fetching STK data for 20220712
2025-06-12 03:26:05,406 - krx_fetcher - INFO - Fetched 941 rows for STK on 20220712
2025-06-12 03:26:05,406 - krx_fetcher - INFO - Fetching KSQ data for 20220712
2025-06-12 03:26:09,193 - krx_fetcher - INFO - Fetched 1564 rows for KSQ on 20220712
2025-06-12 03:26:09,252 - krx_fetcher - INFO - Updated 941 rows in database
2025-06-12 03:26:09,312 - krx_fetcher - INFO - Updated 1564 rows in database
2025-06-12 03:26:11,631 - krx_fetcher - INFO - Fetching STK data for 20220713
2025-06-12 03:26:14,106 - krx_fetcher - INFO - Fetched 941 rows for STK on 20220713
2025-06-12 03:26:14,106 - krx_fetcher - INFO - Fetching KSQ data for 20220713
2025-06-12 03:26:18,000 - krx_fetcher - INFO - Fetched 1564 rows for KSQ on 20220713
2025-06-12 03:26:18,137 - krx_fetcher - INFO - Updated 941 rows in database
2025-06-12 03:26:18,259 - krx_fetcher - INFO - Updated 1564 rows in database
2025-06-12 03:26:20,524 - krx_fetcher - INFO - Fetching STK data for 20220714
2025-06-12 03:26:23,053 - krx_fetcher - INFO - Fetched 941 rows for STK on 20220714
2025-06-12 03:26:23,053 - krx_fetcher - INFO - Fetching KSQ data for 20220714
2025-06-12 03:26:26,912 - krx_fetcher - INFO - Fetched 1566 rows for KSQ on 20220714
2025-06-12 03:26:26,974 - krx_fetcher - INFO - Updated 941 rows in database
2025-06-12 03:26:27,035 - krx_fetcher - INFO - Updated 1566 rows in database
2025-06-12 03:26:29,076 - krx_fetcher - INFO - Fetching STK data for 20220715
2025-06-12 03:26:31,715 - krx_fetcher - INFO - Fetched 938 rows for STK on 20220715
2025-06-12 03:26:31,715 - krx_fetcher - INFO - Fetching KSQ data for 20220715
2025-06-12 03:26:35,509 - krx_fetcher - INFO - Fetched 1567 rows for KSQ on 20220715
2025-06-12 03:26:35,574 - krx_fetcher - INFO - Updated 938 rows in database
2025-06-12 03:26:35,637 - krx_fetcher - INFO - Updated 1567 rows in database
2025-06-12 03:26:40,280 - krx_fetcher - INFO - Fetching STK data for 20220718
2025-06-12 03:26:42,872 - krx_fetcher - INFO - Fetched 938 rows for STK on 20220718
2025-06-12 03:26:42,872 - krx_fetcher - INFO - Fetching KSQ data for 20220718
2025-06-12 03:26:46,672 - krx_fetcher - INFO - Fetched 1567 rows for KSQ on 20220718
2025-06-12 03:26:46,792 - krx_fetcher - INFO - Updated 938 rows in database
2025-06-12 03:26:46,904 - krx_fetcher - INFO - Updated 1567 rows in database
2025-06-12 03:26:50,816 - krx_fetcher - INFO - Fetching STK data for 20220719
2025-06-12 03:26:53,325 - krx_fetcher - INFO - Fetched 938 rows for STK on 20220719
2025-06-12 03:26:53,325 - krx_fetcher - INFO - Fetching KSQ data for 20220719
2025-06-12 03:26:57,326 - krx_fetcher - INFO - Fetched 1567 rows for KSQ on 20220719
2025-06-12 03:26:57,390 - krx_fetcher - INFO - Updated 938 rows in database
2025-06-12 03:26:57,451 - krx_fetcher - INFO - Updated 1567 rows in database
2025-06-12 03:26:59,908 - krx_fetcher - INFO - Fetching STK data for 20220720
2025-06-12 03:27:02,439 - krx_fetcher - INFO - Fetched 937 rows for STK on 20220720
2025-06-12 03:27:02,439 - krx_fetcher - INFO - Fetching KSQ data for 20220720
2025-06-12 03:27:06,334 - krx_fetcher - INFO - Fetched 1567 rows for KSQ on 20220720
2025-06-12 03:27:06,398 - krx_fetcher - INFO - Updated 937 rows in database
2025-06-12 03:27:06,461 - krx_fetcher - INFO - Updated 1567 rows in database
2025-06-12 03:27:08,928 - krx_fetcher - INFO - Fetching STK data for 20220721
2025-06-12 03:27:11,392 - krx_fetcher - INFO - Fetched 937 rows for STK on 20220721
2025-06-12 03:27:11,392 - krx_fetcher - INFO - Fetching KSQ data for 20220721
2025-06-12 03:27:15,344 - krx_fetcher - INFO - Fetched 1568 rows for KSQ on 20220721
2025-06-12 03:27:15,478 - krx_fetcher - INFO - Updated 937 rows in database
2025-06-12 03:27:15,608 - krx_fetcher - INFO - Updated 1568 rows in database
2025-06-12 03:27:18,224 - krx_fetcher - INFO - Fetching STK data for 20220722
2025-06-12 03:27:20,668 - krx_fetcher - INFO - Fetched 937 rows for STK on 20220722
2025-06-12 03:27:20,668 - krx_fetcher - INFO - Fetching KSQ data for 20220722
2025-06-12 03:27:24,580 - krx_fetcher - INFO - Fetched 1569 rows for KSQ on 20220722
2025-06-12 03:27:24,641 - krx_fetcher - INFO - Updated 937 rows in database
2025-06-12 03:27:24,710 - krx_fetcher - INFO - Updated 1569 rows in database
2025-06-12 03:27:27,427 - krx_fetcher - INFO - Fetching STK data for 20220725
2025-06-12 03:27:29,883 - krx_fetcher - INFO - Fetched 937 rows for STK on 20220725
2025-06-12 03:27:29,883 - krx_fetcher - INFO - Fetching KSQ data for 20220725
2025-06-12 03:27:33,885 - krx_fetcher - INFO - Fetched 1569 rows for KSQ on 20220725
2025-06-12 03:27:33,948 - krx_fetcher - INFO - Updated 937 rows in database
2025-06-12 03:27:34,010 - krx_fetcher - INFO - Updated 1569 rows in database
2025-06-12 03:27:37,027 - krx_fetcher - INFO - Fetching STK data for 20220726
2025-06-12 03:27:39,416 - krx_fetcher - INFO - Fetched 937 rows for STK on 20220726
2025-06-12 03:27:39,416 - krx_fetcher - INFO - Fetching KSQ data for 20220726
2025-06-12 03:27:43,402 - krx_fetcher - INFO - Fetched 1569 rows for KSQ on 20220726
2025-06-12 03:27:43,546 - krx_fetcher - INFO - Updated 937 rows in database
2025-06-12 03:27:43,707 - krx_fetcher - INFO - Updated 1569 rows in database
2025-06-12 03:27:47,420 - krx_fetcher - INFO - Fetching STK data for 20220727
2025-06-12 03:27:49,816 - krx_fetcher - INFO - Fetched 937 rows for STK on 20220727
2025-06-12 03:27:49,816 - krx_fetcher - INFO - Fetching KSQ data for 20220727
2025-06-12 03:27:53,809 - krx_fetcher - INFO - Fetched 1569 rows for KSQ on 20220727
2025-06-12 03:27:53,874 - krx_fetcher - INFO - Updated 937 rows in database
2025-06-12 03:27:53,940 - krx_fetcher - INFO - Updated 1569 rows in database
2025-06-12 03:27:58,886 - krx_fetcher - INFO - Fetching STK data for 20220728
2025-06-12 03:28:01,279 - krx_fetcher - INFO - Fetched 937 rows for STK on 20220728
2025-06-12 03:28:01,279 - krx_fetcher - INFO - Fetching KSQ data for 20220728
2025-06-12 03:28:05,317 - krx_fetcher - INFO - Fetched 1570 rows for KSQ on 20220728
2025-06-12 03:28:05,387 - krx_fetcher - INFO - Updated 937 rows in database
2025-06-12 03:28:05,460 - krx_fetcher - INFO - Updated 1570 rows in database
2025-06-12 03:28:09,927 - krx_fetcher - INFO - Fetching STK data for 20220729
2025-06-12 03:28:12,292 - krx_fetcher - INFO - Fetched 937 rows for STK on 20220729
2025-06-12 03:28:12,292 - krx_fetcher - INFO - Fetching KSQ data for 20220729
2025-06-12 03:28:16,374 - krx_fetcher - INFO - Fetched 1572 rows for KSQ on 20220729
2025-06-12 03:28:16,511 - krx_fetcher - INFO - Updated 937 rows in database
2025-06-12 03:28:16,661 - krx_fetcher - INFO - Updated 1572 rows in database
2025-06-12 03:28:20,329 - krx_fetcher - INFO - Fetching STK data for 20220801
2025-06-12 03:28:23,024 - krx_fetcher - INFO - Fetched 938 rows for STK on 20220801
2025-06-12 03:28:23,024 - krx_fetcher - INFO - Fetching KSQ data for 20220801
2025-06-12 03:28:26,720 - krx_fetcher - INFO - Fetched 1572 rows for KSQ on 20220801
2025-06-12 03:28:26,790 - krx_fetcher - INFO - Updated 938 rows in database
2025-06-12 03:28:26,861 - krx_fetcher - INFO - Updated 1572 rows in database
2025-06-12 03:28:31,728 - krx_fetcher - INFO - Fetching STK data for 20220802
2025-06-12 03:28:34,498 - krx_fetcher - INFO - Fetched 938 rows for STK on 20220802
2025-06-12 03:28:34,498 - krx_fetcher - INFO - Fetching KSQ data for 20220802
2025-06-12 03:28:38,188 - krx_fetcher - INFO - Fetched 1572 rows for KSQ on 20220802
2025-06-12 03:28:38,253 - krx_fetcher - INFO - Updated 938 rows in database
2025-06-12 03:28:38,322 - krx_fetcher - INFO - Updated 1572 rows in database
2025-06-12 03:28:42,651 - krx_fetcher - INFO - Fetching STK data for 20220803
2025-06-12 03:28:45,314 - krx_fetcher - INFO - Fetched 938 rows for STK on 20220803
2025-06-12 03:28:45,314 - krx_fetcher - INFO - Fetching KSQ data for 20220803
2025-06-12 03:28:49,044 - krx_fetcher - INFO - Fetched 1572 rows for KSQ on 20220803
2025-06-12 03:28:49,197 - krx_fetcher - INFO - Updated 938 rows in database
2025-06-12 03:28:49,379 - krx_fetcher - INFO - Updated 1572 rows in database
2025-06-12 03:28:52,763 - krx_fetcher - INFO - Fetching STK data for 20220804
2025-06-12 03:28:55,390 - krx_fetcher - INFO - Fetched 938 rows for STK on 20220804
2025-06-12 03:28:55,390 - krx_fetcher - INFO - Fetching KSQ data for 20220804
2025-06-12 03:28:59,179 - krx_fetcher - INFO - Fetched 1574 rows for KSQ on 20220804
2025-06-12 03:28:59,245 - krx_fetcher - INFO - Updated 938 rows in database
2025-06-12 03:28:59,314 - krx_fetcher - INFO - Updated 1574 rows in database
2025-06-12 03:29:03,634 - krx_fetcher - INFO - Fetching STK data for 20220805
2025-06-12 03:29:06,241 - krx_fetcher - INFO - Fetched 938 rows for STK on 20220805
2025-06-12 03:29:06,241 - krx_fetcher - INFO - Fetching KSQ data for 20220805
2025-06-12 03:29:10,140 - krx_fetcher - INFO - Fetched 1574 rows for KSQ on 20220805
2025-06-12 03:29:10,206 - krx_fetcher - INFO - Updated 938 rows in database
2025-06-12 03:29:10,276 - krx_fetcher - INFO - Updated 1574 rows in database
2025-06-12 03:29:13,558 - krx_fetcher - INFO - Fetching STK data for 20220808
2025-06-12 03:29:16,227 - krx_fetcher - INFO - Fetched 938 rows for STK on 20220808
2025-06-12 03:29:16,227 - krx_fetcher - INFO - Fetching KSQ data for 20220808
2025-06-12 03:29:20,071 - krx_fetcher - INFO - Fetched 1574 rows for KSQ on 20220808
2025-06-12 03:29:20,244 - krx_fetcher - INFO - Updated 938 rows in database
2025-06-12 03:29:20,437 - krx_fetcher - INFO - Updated 1574 rows in database
2025-06-12 03:29:24,880 - krx_fetcher - INFO - Fetching STK data for 20220809
2025-06-12 03:29:27,542 - krx_fetcher - INFO - Fetched 938 rows for STK on 20220809
2025-06-12 03:29:27,542 - krx_fetcher - INFO - Fetching KSQ data for 20220809
2025-06-12 03:29:31,332 - krx_fetcher - INFO - Fetched 1575 rows for KSQ on 20220809
2025-06-12 03:29:31,397 - krx_fetcher - INFO - Updated 938 rows in database
2025-06-12 03:29:31,463 - krx_fetcher - INFO - Updated 1575 rows in database
2025-06-12 03:29:34,932 - krx_fetcher - INFO - Fetching STK data for 20220810
2025-06-12 03:29:37,577 - krx_fetcher - INFO - Fetched 938 rows for STK on 20220810
2025-06-12 03:29:37,577 - krx_fetcher - INFO - Fetching KSQ data for 20220810
2025-06-12 03:29:41,370 - krx_fetcher - INFO - Fetched 1575 rows for KSQ on 20220810
2025-06-12 03:29:41,436 - krx_fetcher - INFO - Updated 938 rows in database
2025-06-12 03:29:41,505 - krx_fetcher - INFO - Updated 1575 rows in database
2025-06-12 03:29:46,017 - krx_fetcher - INFO - Fetching STK data for 20220811
2025-06-12 03:29:48,638 - krx_fetcher - INFO - Fetched 938 rows for STK on 20220811
2025-06-12 03:29:48,638 - krx_fetcher - INFO - Fetching KSQ data for 20220811
2025-06-12 03:29:52,435 - krx_fetcher - INFO - Fetched 1575 rows for KSQ on 20220811
2025-06-12 03:29:52,598 - krx_fetcher - INFO - Updated 938 rows in database
2025-06-12 03:29:52,781 - krx_fetcher - INFO - Updated 1575 rows in database
2025-06-12 03:29:56,570 - krx_fetcher - INFO - Fetching STK data for 20220812
2025-06-12 03:29:59,127 - krx_fetcher - INFO - Fetched 938 rows for STK on 20220812
2025-06-12 03:29:59,127 - krx_fetcher - INFO - Fetching KSQ data for 20220812
2025-06-12 03:30:02,966 - krx_fetcher - INFO - Fetched 1575 rows for KSQ on 20220812
2025-06-12 03:30:03,020 - krx_fetcher - INFO - Updated 938 rows in database
2025-06-12 03:30:03,086 - krx_fetcher - INFO - Updated 1575 rows in database
2025-06-12 03:30:05,179 - krx_fetcher - INFO - Fetching STK data for 20220815
2025-06-12 03:30:07,374 - krx_fetcher - INFO - Fetched 938 rows for STK on 20220815
2025-06-12 03:30:07,374 - krx_fetcher - INFO - Fetching KSQ data for 20220815
2025-06-12 03:30:11,388 - krx_fetcher - INFO - Fetched 1575 rows for KSQ on 20220815
2025-06-12 03:30:11,460 - krx_fetcher - INFO - Updated 938 rows in database
2025-06-12 03:30:11,528 - krx_fetcher - INFO - Updated 1575 rows in database
2025-06-12 03:30:16,064 - krx_fetcher - INFO - Fetching STK data for 20220816
2025-06-12 03:30:18,566 - krx_fetcher - INFO - Fetched 938 rows for STK on 20220816
2025-06-12 03:30:18,566 - krx_fetcher - INFO - Fetching KSQ data for 20220816
2025-06-12 03:30:22,435 - krx_fetcher - INFO - Fetched 1575 rows for KSQ on 20220816
2025-06-12 03:30:22,577 - krx_fetcher - INFO - Updated 938 rows in database
2025-06-12 03:30:22,730 - krx_fetcher - INFO - Updated 1575 rows in database
2025-06-12 03:30:26,466 - krx_fetcher - INFO - Fetching STK data for 20220817
2025-06-12 03:30:29,015 - krx_fetcher - INFO - Fetched 938 rows for STK on 20220817
2025-06-12 03:30:29,015 - krx_fetcher - INFO - Fetching KSQ data for 20220817
2025-06-12 03:30:32,877 - krx_fetcher - INFO - Fetched 1575 rows for KSQ on 20220817
2025-06-12 03:30:32,981 - krx_fetcher - INFO - Updated 938 rows in database
2025-06-12 03:30:33,091 - krx_fetcher - INFO - Updated 1575 rows in database
2025-06-12 03:30:35,188 - krx_fetcher - INFO - Fetching STK data for 20220818
2025-06-12 03:30:37,791 - krx_fetcher - INFO - Fetched 938 rows for STK on 20220818
2025-06-12 03:30:37,791 - krx_fetcher - INFO - Fetching KSQ data for 20220818
2025-06-12 03:30:41,580 - krx_fetcher - INFO - Fetched 1575 rows for KSQ on 20220818
2025-06-12 03:30:41,649 - krx_fetcher - INFO - Updated 938 rows in database
2025-06-12 03:30:41,737 - krx_fetcher - INFO - Updated 1575 rows in database
2025-06-12 03:30:46,478 - krx_fetcher - INFO - Fetching STK data for 20220819
2025-06-12 03:30:48,943 - krx_fetcher - INFO - Fetched 938 rows for STK on 20220819
2025-06-12 03:30:48,943 - krx_fetcher - INFO - Fetching KSQ data for 20220819
2025-06-12 03:30:52,947 - krx_fetcher - INFO - Fetched 1575 rows for KSQ on 20220819
2025-06-12 03:30:53,118 - krx_fetcher - INFO - Updated 938 rows in database
2025-06-12 03:30:53,316 - krx_fetcher - INFO - Updated 1575 rows in database
2025-06-12 03:30:57,638 - krx_fetcher - INFO - Fetching STK data for 20220822
2025-06-12 03:31:00,082 - krx_fetcher - INFO - Fetched 939 rows for STK on 20220822
2025-06-12 03:31:00,083 - krx_fetcher - INFO - Fetching KSQ data for 20220822
2025-06-12 03:31:04,002 - krx_fetcher - INFO - Fetched 1576 rows for KSQ on 20220822
2025-06-12 03:31:04,071 - krx_fetcher - INFO - Updated 939 rows in database
2025-06-12 03:31:04,147 - krx_fetcher - INFO - Updated 1576 rows in database
2025-06-12 03:31:07,300 - krx_fetcher - INFO - Fetching STK data for 20220823
2025-06-12 03:31:09,790 - krx_fetcher - INFO - Fetched 939 rows for STK on 20220823
2025-06-12 03:31:09,790 - krx_fetcher - INFO - Fetching KSQ data for 20220823
2025-06-12 03:31:13,681 - krx_fetcher - INFO - Fetched 1576 rows for KSQ on 20220823
2025-06-12 03:31:13,748 - krx_fetcher - INFO - Updated 939 rows in database
2025-06-12 03:31:13,822 - krx_fetcher - INFO - Updated 1576 rows in database
2025-06-12 03:31:17,651 - krx_fetcher - INFO - Fetching STK data for 20220824
2025-06-12 03:31:20,098 - krx_fetcher - INFO - Fetched 939 rows for STK on 20220824
2025-06-12 03:31:20,098 - krx_fetcher - INFO - Fetching KSQ data for 20220824
2025-06-12 03:31:24,017 - krx_fetcher - INFO - Fetched 1576 rows for KSQ on 20220824
2025-06-12 03:31:24,169 - krx_fetcher - INFO - Updated 939 rows in database
2025-06-12 03:31:24,320 - krx_fetcher - INFO - Updated 1576 rows in database
2025-06-12 03:31:26,646 - krx_fetcher - INFO - Fetching STK data for 20220825
2025-06-12 03:31:29,174 - krx_fetcher - INFO - Fetched 939 rows for STK on 20220825
2025-06-12 03:31:29,175 - krx_fetcher - INFO - Fetching KSQ data for 20220825
2025-06-12 03:31:33,079 - krx_fetcher - INFO - Fetched 1576 rows for KSQ on 20220825
2025-06-12 03:31:33,136 - krx_fetcher - INFO - Updated 939 rows in database
2025-06-12 03:31:33,203 - krx_fetcher - INFO - Updated 1576 rows in database
2025-06-12 03:31:35,412 - krx_fetcher - INFO - Fetching STK data for 20220826
2025-06-12 03:31:37,821 - krx_fetcher - INFO - Fetched 939 rows for STK on 20220826
2025-06-12 03:31:37,822 - krx_fetcher - INFO - Fetching KSQ data for 20220826
2025-06-12 03:31:41,793 - krx_fetcher - INFO - Fetched 1578 rows for KSQ on 20220826
2025-06-12 03:31:41,862 - krx_fetcher - INFO - Updated 939 rows in database
2025-06-12 03:31:41,932 - krx_fetcher - INFO - Updated 1578 rows in database
2025-06-12 03:31:46,870 - krx_fetcher - INFO - Fetching STK data for 20220829
2025-06-12 03:31:49,330 - krx_fetcher - INFO - Fetched 939 rows for STK on 20220829
2025-06-12 03:31:49,330 - krx_fetcher - INFO - Fetching KSQ data for 20220829
2025-06-12 03:31:53,265 - krx_fetcher - INFO - Fetched 1578 rows for KSQ on 20220829
2025-06-12 03:31:53,397 - krx_fetcher - INFO - Updated 939 rows in database
2025-06-12 03:31:53,555 - krx_fetcher - INFO - Updated 1578 rows in database
2025-06-12 03:31:58,116 - krx_fetcher - INFO - Fetching STK data for 20220830
2025-06-12 03:32:00,632 - krx_fetcher - INFO - Fetched 939 rows for STK on 20220830
2025-06-12 03:32:00,632 - krx_fetcher - INFO - Fetching KSQ data for 20220830
2025-06-12 03:32:04,513 - krx_fetcher - INFO - Fetched 1578 rows for KSQ on 20220830
2025-06-12 03:32:04,582 - krx_fetcher - INFO - Updated 939 rows in database
2025-06-12 03:32:04,652 - krx_fetcher - INFO - Updated 1578 rows in database
2025-06-12 03:32:08,310 - krx_fetcher - INFO - Fetching STK data for 20220831
2025-06-12 03:32:10,732 - krx_fetcher - INFO - Fetched 939 rows for STK on 20220831
2025-06-12 03:32:10,733 - krx_fetcher - INFO - Fetching KSQ data for 20220831
2025-06-12 03:32:14,746 - krx_fetcher - INFO - Fetched 1578 rows for KSQ on 20220831
2025-06-12 03:32:14,896 - krx_fetcher - INFO - Updated 939 rows in database
2025-06-12 03:32:15,088 - krx_fetcher - INFO - Updated 1578 rows in database
2025-06-12 03:32:17,181 - krx_fetcher - INFO - Fetching STK data for 20220901
2025-06-12 03:32:19,811 - krx_fetcher - INFO - Fetched 939 rows for STK on 20220901
2025-06-12 03:32:19,812 - krx_fetcher - INFO - Fetching KSQ data for 20220901
2025-06-12 03:32:23,675 - krx_fetcher - INFO - Fetched 1578 rows for KSQ on 20220901
2025-06-12 03:32:23,744 - krx_fetcher - INFO - Updated 939 rows in database
2025-06-12 03:32:23,814 - krx_fetcher - INFO - Updated 1578 rows in database
2025-06-12 03:32:28,634 - krx_fetcher - INFO - Fetching STK data for 20220902
2025-06-12 03:32:31,239 - krx_fetcher - INFO - Fetched 939 rows for STK on 20220902
2025-06-12 03:32:31,239 - krx_fetcher - INFO - Fetching KSQ data for 20220902
2025-06-12 03:32:35,145 - krx_fetcher - INFO - Fetched 1578 rows for KSQ on 20220902
2025-06-12 03:32:35,291 - krx_fetcher - INFO - Updated 939 rows in database
2025-06-12 03:32:35,451 - krx_fetcher - INFO - Updated 1578 rows in database
2025-06-12 03:32:39,909 - krx_fetcher - INFO - Fetching STK data for 20220905
2025-06-12 03:32:42,619 - krx_fetcher - INFO - Fetched 939 rows for STK on 20220905
2025-06-12 03:32:42,619 - krx_fetcher - INFO - Fetching KSQ data for 20220905
2025-06-12 03:32:46,408 - krx_fetcher - INFO - Fetched 1578 rows for KSQ on 20220905
2025-06-12 03:32:46,478 - krx_fetcher - INFO - Updated 939 rows in database
2025-06-12 03:32:46,549 - krx_fetcher - INFO - Updated 1578 rows in database
2025-06-12 03:32:50,105 - krx_fetcher - INFO - Fetching STK data for 20220906
2025-06-12 03:32:52,756 - krx_fetcher - INFO - Fetched 939 rows for STK on 20220906
2025-06-12 03:32:52,756 - krx_fetcher - INFO - Fetching KSQ data for 20220906
2025-06-12 03:32:56,547 - krx_fetcher - INFO - Fetched 1578 rows for KSQ on 20220906
2025-06-12 03:32:56,702 - krx_fetcher - INFO - Updated 939 rows in database
2025-06-12 03:32:56,874 - krx_fetcher - INFO - Updated 1578 rows in database
2025-06-12 03:33:01,754 - krx_fetcher - INFO - Fetching STK data for 20220907
2025-06-12 03:33:04,430 - krx_fetcher - INFO - Fetched 939 rows for STK on 20220907
2025-06-12 03:33:04,431 - krx_fetcher - INFO - Fetching KSQ data for 20220907
2025-06-12 03:33:08,214 - krx_fetcher - INFO - Fetched 1578 rows for KSQ on 20220907
2025-06-12 03:33:08,278 - krx_fetcher - INFO - Updated 939 rows in database
2025-06-12 03:33:08,348 - krx_fetcher - INFO - Updated 1578 rows in database
2025-06-12 03:33:12,703 - krx_fetcher - INFO - Fetching STK data for 20220908
2025-06-12 03:33:15,230 - krx_fetcher - INFO - Fetched 939 rows for STK on 20220908
2025-06-12 03:33:15,230 - krx_fetcher - INFO - Fetching KSQ data for 20220908
2025-06-12 03:33:19,072 - krx_fetcher - INFO - Fetched 1578 rows for KSQ on 20220908
2025-06-12 03:33:19,211 - krx_fetcher - INFO - Updated 939 rows in database
2025-06-12 03:33:19,381 - krx_fetcher - INFO - Updated 1578 rows in database
2025-06-12 03:33:22,769 - krx_fetcher - INFO - Fetching STK data for 20220909
2025-06-12 03:33:24,979 - krx_fetcher - INFO - Fetched 939 rows for STK on 20220909
2025-06-12 03:33:24,979 - krx_fetcher - INFO - Fetching KSQ data for 20220909
2025-06-12 03:33:28,980 - krx_fetcher - INFO - Fetched 1578 rows for KSQ on 20220909
2025-06-12 03:33:29,059 - krx_fetcher - INFO - Updated 939 rows in database
2025-06-12 03:33:29,145 - krx_fetcher - INFO - Updated 1578 rows in database
2025-06-12 03:33:33,297 - krx_fetcher - INFO - Fetching STK data for 20220912
2025-06-12 03:33:35,514 - krx_fetcher - INFO - Fetched 939 rows for STK on 20220912
2025-06-12 03:33:35,515 - krx_fetcher - INFO - Fetching KSQ data for 20220912
2025-06-12 03:33:39,550 - krx_fetcher - INFO - Fetched 1578 rows for KSQ on 20220912
2025-06-12 03:33:39,714 - krx_fetcher - INFO - Updated 939 rows in database
2025-06-12 03:33:39,888 - krx_fetcher - INFO - Updated 1578 rows in database
2025-06-12 03:33:42,783 - krx_fetcher - INFO - Fetching STK data for 20220913
2025-06-12 03:33:45,389 - krx_fetcher - INFO - Fetched 939 rows for STK on 20220913
2025-06-12 03:33:45,389 - krx_fetcher - INFO - Fetching KSQ data for 20220913
2025-06-12 03:33:49,185 - krx_fetcher - INFO - Fetched 1578 rows for KSQ on 20220913
2025-06-12 03:33:49,258 - krx_fetcher - INFO - Updated 939 rows in database
2025-06-12 03:33:49,330 - krx_fetcher - INFO - Updated 1578 rows in database
2025-06-12 03:33:52,666 - krx_fetcher - INFO - Fetching STK data for 20220914
2025-06-12 03:33:55,323 - krx_fetcher - INFO - Fetched 939 rows for STK on 20220914
2025-06-12 03:33:55,323 - krx_fetcher - INFO - Fetching KSQ data for 20220914
2025-06-12 03:33:59,119 - krx_fetcher - INFO - Fetched 1578 rows for KSQ on 20220914
2025-06-12 03:33:59,188 - krx_fetcher - INFO - Updated 939 rows in database
2025-06-12 03:33:59,260 - krx_fetcher - INFO - Updated 1578 rows in database
2025-06-12 03:34:03,527 - krx_fetcher - INFO - Fetching STK data for 20220915
2025-06-12 03:34:06,070 - krx_fetcher - INFO - Fetched 939 rows for STK on 20220915
2025-06-12 03:34:06,071 - krx_fetcher - INFO - Fetching KSQ data for 20220915
2025-06-12 03:34:09,968 - krx_fetcher - INFO - Fetched 1579 rows for KSQ on 20220915
2025-06-12 03:34:10,042 - krx_fetcher - INFO - Updated 939 rows in database
2025-06-12 03:34:10,114 - krx_fetcher - INFO - Updated 1579 rows in database
2025-06-12 03:34:13,235 - krx_fetcher - INFO - Fetching STK data for 20220916
2025-06-12 03:34:15,753 - krx_fetcher - INFO - Fetched 939 rows for STK on 20220916
2025-06-12 03:34:15,753 - krx_fetcher - INFO - Fetching KSQ data for 20220916
2025-06-12 03:34:19,692 - krx_fetcher - INFO - Fetched 1579 rows for KSQ on 20220916
2025-06-12 03:34:19,763 - krx_fetcher - INFO - Updated 939 rows in database
2025-06-12 03:34:19,841 - krx_fetcher - INFO - Updated 1579 rows in database
2025-06-12 03:34:23,689 - krx_fetcher - INFO - Fetching STK data for 20220919
2025-06-12 03:34:26,248 - krx_fetcher - INFO - Fetched 939 rows for STK on 20220919
2025-06-12 03:34:26,248 - krx_fetcher - INFO - Fetching KSQ data for 20220919
2025-06-12 03:34:30,142 - krx_fetcher - INFO - Fetched 1579 rows for KSQ on 20220919
2025-06-12 03:34:30,213 - krx_fetcher - INFO - Updated 939 rows in database
2025-06-12 03:34:30,289 - krx_fetcher - INFO - Updated 1579 rows in database
2025-06-12 03:34:32,585 - krx_fetcher - INFO - Fetching STK data for 20220920
2025-06-12 03:34:35,054 - krx_fetcher - INFO - Fetched 939 rows for STK on 20220920
2025-06-12 03:34:35,054 - krx_fetcher - INFO - Fetching KSQ data for 20220920
2025-06-12 03:34:39,053 - krx_fetcher - INFO - Fetched 1579 rows for KSQ on 20220920
2025-06-12 03:34:39,129 - krx_fetcher - INFO - Updated 939 rows in database
2025-06-12 03:34:39,207 - krx_fetcher - INFO - Updated 1579 rows in database
2025-06-12 03:34:41,420 - krx_fetcher - INFO - Fetching STK data for 20220921
2025-06-12 03:34:43,963 - krx_fetcher - INFO - Fetched 939 rows for STK on 20220921
2025-06-12 03:34:43,963 - krx_fetcher - INFO - Fetching KSQ data for 20220921
2025-06-12 03:34:47,817 - krx_fetcher - INFO - Fetched 1579 rows for KSQ on 20220921
2025-06-12 03:34:47,889 - krx_fetcher - INFO - Updated 939 rows in database
2025-06-12 03:34:47,965 - krx_fetcher - INFO - Updated 1579 rows in database
2025-06-12 03:34:52,938 - krx_fetcher - INFO - Fetching STK data for 20220922
2025-06-12 03:34:55,433 - krx_fetcher - INFO - Fetched 939 rows for STK on 20220922
2025-06-12 03:34:55,433 - krx_fetcher - INFO - Fetching KSQ data for 20220922
2025-06-12 03:34:59,429 - krx_fetcher - INFO - Fetched 1579 rows for KSQ on 20220922
2025-06-12 03:34:59,501 - krx_fetcher - INFO - Updated 939 rows in database
2025-06-12 03:34:59,579 - krx_fetcher - INFO - Updated 1579 rows in database
2025-06-12 03:35:04,165 - krx_fetcher - INFO - Fetching STK data for 20220923
2025-06-12 03:35:06,698 - krx_fetcher - INFO - Fetched 939 rows for STK on 20220923
2025-06-12 03:35:06,699 - krx_fetcher - INFO - Fetching KSQ data for 20220923
2025-06-12 03:35:10,667 - krx_fetcher - INFO - Fetched 1579 rows for KSQ on 20220923
2025-06-12 03:35:10,738 - krx_fetcher - INFO - Updated 939 rows in database
2025-06-12 03:35:10,816 - krx_fetcher - INFO - Updated 1579 rows in database
2025-06-12 03:35:14,638 - krx_fetcher - INFO - Fetching STK data for 20220926
2025-06-12 03:35:17,143 - krx_fetcher - INFO - Fetched 939 rows for STK on 20220926
2025-06-12 03:35:17,143 - krx_fetcher - INFO - Fetching KSQ data for 20220926
2025-06-12 03:35:20,966 - krx_fetcher - INFO - Fetched 1579 rows for KSQ on 20220926
2025-06-12 03:35:21,039 - krx_fetcher - INFO - Updated 939 rows in database
2025-06-12 03:35:21,117 - krx_fetcher - INFO - Updated 1579 rows in database
2025-06-12 03:35:23,238 - krx_fetcher - INFO - Fetching STK data for 20220927
2025-06-12 03:35:25,712 - krx_fetcher - INFO - Fetched 939 rows for STK on 20220927
2025-06-12 03:35:25,713 - krx_fetcher - INFO - Fetching KSQ data for 20220927
2025-06-12 03:35:29,737 - krx_fetcher - INFO - Fetched 1579 rows for KSQ on 20220927
2025-06-12 03:35:29,806 - krx_fetcher - INFO - Updated 939 rows in database
2025-06-12 03:35:29,883 - krx_fetcher - INFO - Updated 1579 rows in database
2025-06-12 03:35:34,774 - krx_fetcher - INFO - Fetching STK data for 20220928
2025-06-12 03:35:37,313 - krx_fetcher - INFO - Fetched 939 rows for STK on 20220928
2025-06-12 03:35:37,314 - krx_fetcher - INFO - Fetching KSQ data for 20220928
2025-06-12 03:35:41,175 - krx_fetcher - INFO - Fetched 1579 rows for KSQ on 20220928
2025-06-12 03:35:41,251 - krx_fetcher - INFO - Updated 939 rows in database
2025-06-12 03:35:41,330 - krx_fetcher - INFO - Updated 1579 rows in database
2025-06-12 03:35:45,667 - krx_fetcher - INFO - Fetching STK data for 20220929
2025-06-12 03:35:48,263 - krx_fetcher - INFO - Fetched 939 rows for STK on 20220929
2025-06-12 03:35:48,263 - krx_fetcher - INFO - Fetching KSQ data for 20220929
2025-06-12 03:35:52,171 - krx_fetcher - INFO - Fetched 1582 rows for KSQ on 20220929
2025-06-12 03:35:52,244 - krx_fetcher - INFO - Updated 939 rows in database
2025-06-12 03:35:52,319 - krx_fetcher - INFO - Updated 1582 rows in database
2025-06-12 03:35:55,645 - krx_fetcher - INFO - Fetching STK data for 20220930
2025-06-12 03:35:58,193 - krx_fetcher - INFO - Fetched 939 rows for STK on 20220930
2025-06-12 03:35:58,193 - krx_fetcher - INFO - Fetching KSQ data for 20220930
2025-06-12 03:36:02,096 - krx_fetcher - INFO - Fetched 1583 rows for KSQ on 20220930
2025-06-12 03:36:02,167 - krx_fetcher - INFO - Updated 939 rows in database
2025-06-12 03:36:02,244 - krx_fetcher - INFO - Updated 1583 rows in database
2025-06-12 03:36:06,494 - krx_fetcher - INFO - Fetching STK data for 20221003
2025-06-12 03:36:08,695 - krx_fetcher - INFO - Fetched 939 rows for STK on 20221003
2025-06-12 03:36:08,695 - krx_fetcher - INFO - Fetching KSQ data for 20221003
2025-06-12 03:36:12,716 - krx_fetcher - INFO - Fetched 1583 rows for KSQ on 20221003
2025-06-12 03:36:12,828 - krx_fetcher - INFO - Updated 939 rows in database
2025-06-12 03:36:12,967 - krx_fetcher - INFO - Updated 1583 rows in database
2025-06-12 03:36:15,940 - krx_fetcher - INFO - Fetching STK data for 20221004
2025-06-12 03:36:18,582 - krx_fetcher - INFO - Fetched 939 rows for STK on 20221004
2025-06-12 03:36:18,582 - krx_fetcher - INFO - Fetching KSQ data for 20221004
2025-06-12 03:36:22,339 - krx_fetcher - INFO - Fetched 1583 rows for KSQ on 20221004
2025-06-12 03:36:22,451 - krx_fetcher - INFO - Updated 939 rows in database
2025-06-12 03:36:22,600 - krx_fetcher - INFO - Updated 1583 rows in database
2025-06-12 03:36:26,207 - krx_fetcher - INFO - Fetching STK data for 20221005
2025-06-12 03:36:29,034 - krx_fetcher - INFO - Fetched 939 rows for STK on 20221005
2025-06-12 03:36:29,034 - krx_fetcher - INFO - Fetching KSQ data for 20221005
2025-06-12 03:36:32,575 - krx_fetcher - INFO - Fetched 1583 rows for KSQ on 20221005
2025-06-12 03:36:32,632 - krx_fetcher - INFO - Updated 939 rows in database
2025-06-12 03:36:32,719 - krx_fetcher - INFO - Updated 1583 rows in database
2025-06-12 03:36:37,444 - krx_fetcher - INFO - Fetching STK data for 20221006
2025-06-12 03:36:40,189 - krx_fetcher - INFO - Fetched 940 rows for STK on 20221006
2025-06-12 03:36:40,189 - krx_fetcher - INFO - Fetching KSQ data for 20221006
2025-06-12 03:36:43,863 - krx_fetcher - INFO - Fetched 1585 rows for KSQ on 20221006
2025-06-12 03:36:43,973 - krx_fetcher - INFO - Updated 940 rows in database
2025-06-12 03:36:44,171 - krx_fetcher - INFO - Updated 1585 rows in database
2025-06-12 03:36:48,348 - krx_fetcher - INFO - Fetching STK data for 20221007
2025-06-12 03:36:51,042 - krx_fetcher - INFO - Fetched 940 rows for STK on 20221007
2025-06-12 03:36:51,042 - krx_fetcher - INFO - Fetching KSQ data for 20221007
2025-06-12 03:36:54,733 - krx_fetcher - INFO - Fetched 1588 rows for KSQ on 20221007
2025-06-12 03:36:54,805 - krx_fetcher - INFO - Updated 940 rows in database
2025-06-12 03:36:54,886 - krx_fetcher - INFO - Updated 1588 rows in database
2025-06-12 03:36:57,779 - krx_fetcher - INFO - Fetching STK data for 20221010
2025-06-12 03:37:00,003 - krx_fetcher - INFO - Fetched 940 rows for STK on 20221010
2025-06-12 03:37:00,003 - krx_fetcher - INFO - Fetching KSQ data for 20221010
2025-06-12 03:37:04,034 - krx_fetcher - INFO - Fetched 1588 rows for KSQ on 20221010
2025-06-12 03:37:04,120 - krx_fetcher - INFO - Updated 940 rows in database
2025-06-12 03:37:04,202 - krx_fetcher - INFO - Updated 1588 rows in database
2025-06-12 03:37:07,411 - krx_fetcher - INFO - Fetching STK data for 20221011
2025-06-12 03:37:10,086 - krx_fetcher - INFO - Fetched 940 rows for STK on 20221011
2025-06-12 03:37:10,087 - krx_fetcher - INFO - Fetching KSQ data for 20221011
2025-06-12 03:37:13,725 - krx_fetcher - INFO - Fetched 1588 rows for KSQ on 20221011
2025-06-12 03:37:13,813 - krx_fetcher - INFO - Updated 940 rows in database
2025-06-12 03:37:13,973 - krx_fetcher - INFO - Updated 1588 rows in database
2025-06-12 03:37:17,948 - krx_fetcher - INFO - Fetching STK data for 20221012
2025-06-12 03:37:20,515 - krx_fetcher - INFO - Fetched 940 rows for STK on 20221012
2025-06-12 03:37:20,516 - krx_fetcher - INFO - Fetching KSQ data for 20221012
2025-06-12 03:37:24,379 - krx_fetcher - INFO - Fetched 1588 rows for KSQ on 20221012
2025-06-12 03:37:24,464 - krx_fetcher - INFO - Updated 940 rows in database
2025-06-12 03:37:24,546 - krx_fetcher - INFO - Updated 1588 rows in database
2025-06-12 03:37:27,100 - krx_fetcher - INFO - Fetching STK data for 20221013
2025-06-12 03:37:29,671 - krx_fetcher - INFO - Fetched 940 rows for STK on 20221013
2025-06-12 03:37:29,671 - krx_fetcher - INFO - Fetching KSQ data for 20221013
2025-06-12 03:37:33,481 - krx_fetcher - INFO - Fetched 1588 rows for KSQ on 20221013
2025-06-12 03:37:33,605 - krx_fetcher - INFO - Updated 940 rows in database
2025-06-12 03:37:33,816 - krx_fetcher - INFO - Updated 1588 rows in database
2025-06-12 03:37:36,639 - krx_fetcher - INFO - Fetching STK data for 20221014
2025-06-12 03:37:39,173 - krx_fetcher - INFO - Fetched 940 rows for STK on 20221014
2025-06-12 03:37:39,173 - krx_fetcher - INFO - Fetching KSQ data for 20221014
2025-06-12 03:37:43,056 - krx_fetcher - INFO - Fetched 1589 rows for KSQ on 20221014
2025-06-12 03:37:43,119 - krx_fetcher - INFO - Updated 940 rows in database
2025-06-12 03:37:43,200 - krx_fetcher - INFO - Updated 1589 rows in database
2025-06-12 03:37:46,407 - krx_fetcher - INFO - Fetching STK data for 20221017
2025-06-12 03:37:48,979 - krx_fetcher - INFO - Fetched 940 rows for STK on 20221017
2025-06-12 03:37:48,980 - krx_fetcher - INFO - Fetching KSQ data for 20221017
2025-06-12 03:37:52,793 - krx_fetcher - INFO - Fetched 1588 rows for KSQ on 20221017
2025-06-12 03:37:52,864 - krx_fetcher - INFO - Updated 940 rows in database
2025-06-12 03:37:52,959 - krx_fetcher - INFO - Updated 1588 rows in database
2025-06-12 03:37:56,924 - krx_fetcher - INFO - Fetching STK data for 20221018
2025-06-12 03:37:59,504 - krx_fetcher - INFO - Fetched 940 rows for STK on 20221018
2025-06-12 03:37:59,504 - krx_fetcher - INFO - Fetching KSQ data for 20221018
2025-06-12 03:38:03,295 - krx_fetcher - INFO - Fetched 1588 rows for KSQ on 20221018
2025-06-12 03:38:03,352 - krx_fetcher - INFO - Updated 940 rows in database
2025-06-12 03:38:03,440 - krx_fetcher - INFO - Updated 1588 rows in database
2025-06-12 03:38:05,887 - krx_fetcher - INFO - Fetching STK data for 20221019
2025-06-12 03:38:08,456 - krx_fetcher - INFO - Fetched 940 rows for STK on 20221019
2025-06-12 03:38:08,456 - krx_fetcher - INFO - Fetching KSQ data for 20221019
2025-06-12 03:38:12,352 - krx_fetcher - INFO - Fetched 1589 rows for KSQ on 20221019
2025-06-12 03:38:12,425 - krx_fetcher - INFO - Updated 940 rows in database
2025-06-12 03:38:12,501 - krx_fetcher - INFO - Updated 1589 rows in database
2025-06-12 03:38:15,009 - krx_fetcher - INFO - Fetching STK data for 20221020
2025-06-12 03:38:17,534 - krx_fetcher - INFO - Fetched 940 rows for STK on 20221020
2025-06-12 03:38:17,535 - krx_fetcher - INFO - Fetching KSQ data for 20221020
2025-06-12 03:38:21,466 - krx_fetcher - INFO - Fetched 1593 rows for KSQ on 20221020
2025-06-12 03:38:21,551 - krx_fetcher - INFO - Updated 940 rows in database
2025-06-12 03:38:21,628 - krx_fetcher - INFO - Updated 1593 rows in database
2025-06-12 03:38:24,263 - krx_fetcher - INFO - Fetching STK data for 20221021
2025-06-12 03:38:26,784 - krx_fetcher - INFO - Fetched 940 rows for STK on 20221021
2025-06-12 03:38:26,785 - krx_fetcher - INFO - Fetching KSQ data for 20221021
2025-06-12 03:38:30,672 - krx_fetcher - INFO - Fetched 1594 rows for KSQ on 20221021
2025-06-12 03:38:30,746 - krx_fetcher - INFO - Updated 940 rows in database
2025-06-12 03:38:30,823 - krx_fetcher - INFO - Updated 1594 rows in database
2025-06-12 03:38:33,653 - krx_fetcher - INFO - Fetching STK data for 20221024
2025-06-12 03:38:36,208 - krx_fetcher - INFO - Fetched 940 rows for STK on 20221024
2025-06-12 03:38:36,209 - krx_fetcher - INFO - Fetching KSQ data for 20221024
2025-06-12 03:38:40,053 - krx_fetcher - INFO - Fetched 1594 rows for KSQ on 20221024
2025-06-12 03:38:40,128 - krx_fetcher - INFO - Updated 940 rows in database
2025-06-12 03:38:40,207 - krx_fetcher - INFO - Updated 1594 rows in database
2025-06-12 03:38:43,419 - krx_fetcher - INFO - Fetching STK data for 20221025
2025-06-12 03:38:45,881 - krx_fetcher - INFO - Fetched 940 rows for STK on 20221025
2025-06-12 03:38:45,882 - krx_fetcher - INFO - Fetching KSQ data for 20221025
2025-06-12 03:38:49,849 - krx_fetcher - INFO - Fetched 1594 rows for KSQ on 20221025
2025-06-12 03:38:49,922 - krx_fetcher - INFO - Updated 940 rows in database
2025-06-12 03:38:50,000 - krx_fetcher - INFO - Updated 1594 rows in database
2025-06-12 03:38:54,007 - krx_fetcher - INFO - Fetching STK data for 20221026
2025-06-12 03:38:56,485 - krx_fetcher - INFO - Fetched 940 rows for STK on 20221026
2025-06-12 03:38:56,485 - krx_fetcher - INFO - Fetching KSQ data for 20221026
2025-06-12 03:39:00,588 - krx_fetcher - INFO - Fetched 1594 rows for KSQ on 20221026
2025-06-12 03:39:00,662 - krx_fetcher - INFO - Updated 940 rows in database
2025-06-12 03:39:00,739 - krx_fetcher - INFO - Updated 1594 rows in database
2025-06-12 03:39:03,485 - krx_fetcher - INFO - Fetching STK data for 20221027
2025-06-12 03:39:06,009 - krx_fetcher - INFO - Fetched 940 rows for STK on 20221027
2025-06-12 03:39:06,009 - krx_fetcher - INFO - Fetching KSQ data for 20221027
2025-06-12 03:39:09,901 - krx_fetcher - INFO - Fetched 1595 rows for KSQ on 20221027
2025-06-12 03:39:10,030 - krx_fetcher - INFO - Updated 940 rows in database
2025-06-12 03:39:10,232 - krx_fetcher - INFO - Updated 1595 rows in database
2025-06-12 03:39:13,470 - krx_fetcher - INFO - Fetching STK data for 20221028
2025-06-12 03:39:15,894 - krx_fetcher - INFO - Fetched 940 rows for STK on 20221028
2025-06-12 03:39:15,894 - krx_fetcher - INFO - Fetching KSQ data for 20221028
2025-06-12 03:39:19,810 - krx_fetcher - INFO - Fetched 1597 rows for KSQ on 20221028
2025-06-12 03:39:19,945 - krx_fetcher - INFO - Updated 940 rows in database
2025-06-12 03:39:20,142 - krx_fetcher - INFO - Updated 1597 rows in database
2025-06-12 03:39:24,296 - krx_fetcher - INFO - Fetching STK data for 20221031
2025-06-12 03:39:26,804 - krx_fetcher - INFO - Fetched 940 rows for STK on 20221031
2025-06-12 03:39:26,804 - krx_fetcher - INFO - Fetching KSQ data for 20221031
2025-06-12 03:39:30,705 - krx_fetcher - INFO - Fetched 1596 rows for KSQ on 20221031
2025-06-12 03:39:30,791 - krx_fetcher - INFO - Updated 940 rows in database
2025-06-12 03:39:30,875 - krx_fetcher - INFO - Updated 1596 rows in database
2025-06-12 03:39:33,759 - krx_fetcher - INFO - Fetching STK data for 20221101
2025-06-12 03:39:36,441 - krx_fetcher - INFO - Fetched 940 rows for STK on 20221101
2025-06-12 03:39:36,442 - krx_fetcher - INFO - Fetching KSQ data for 20221101
2025-06-12 03:39:40,234 - krx_fetcher - INFO - Fetched 1596 rows for KSQ on 20221101
2025-06-12 03:39:40,371 - krx_fetcher - INFO - Updated 940 rows in database
2025-06-12 03:39:40,535 - krx_fetcher - INFO - Updated 1596 rows in database
2025-06-12 03:39:44,078 - krx_fetcher - INFO - Fetching STK data for 20221102
2025-06-12 03:39:46,785 - krx_fetcher - INFO - Fetched 940 rows for STK on 20221102
2025-06-12 03:39:46,785 - krx_fetcher - INFO - Fetching KSQ data for 20221102
2025-06-12 03:39:50,519 - krx_fetcher - INFO - Fetched 1598 rows for KSQ on 20221102
2025-06-12 03:39:50,598 - krx_fetcher - INFO - Updated 940 rows in database
2025-06-12 03:39:50,684 - krx_fetcher - INFO - Updated 1598 rows in database
2025-06-12 03:39:55,376 - krx_fetcher - INFO - Fetching STK data for 20221103
2025-06-12 03:39:58,117 - krx_fetcher - INFO - Fetched 941 rows for STK on 20221103
2025-06-12 03:39:58,117 - krx_fetcher - INFO - Fetching KSQ data for 20221103
2025-06-12 03:40:01,844 - krx_fetcher - INFO - Fetched 1599 rows for KSQ on 20221103
2025-06-12 03:40:01,918 - krx_fetcher - INFO - Updated 941 rows in database
2025-06-12 03:40:02,003 - krx_fetcher - INFO - Updated 1599 rows in database
2025-06-12 03:40:06,014 - krx_fetcher - INFO - Fetching STK data for 20221104
2025-06-12 03:40:08,706 - krx_fetcher - INFO - Fetched 941 rows for STK on 20221104
2025-06-12 03:40:08,706 - krx_fetcher - INFO - Fetching KSQ data for 20221104
2025-06-12 03:40:12,452 - krx_fetcher - INFO - Fetched 1600 rows for KSQ on 20221104
2025-06-12 03:40:12,523 - krx_fetcher - INFO - Updated 941 rows in database
2025-06-12 03:40:12,608 - krx_fetcher - INFO - Updated 1600 rows in database
2025-06-12 03:40:15,223 - krx_fetcher - INFO - Fetching STK data for 20221107
2025-06-12 03:40:17,817 - krx_fetcher - INFO - Fetched 941 rows for STK on 20221107
2025-06-12 03:40:17,818 - krx_fetcher - INFO - Fetching KSQ data for 20221107
2025-06-12 03:40:21,712 - krx_fetcher - INFO - Fetched 1600 rows for KSQ on 20221107
2025-06-12 03:40:21,788 - krx_fetcher - INFO - Updated 941 rows in database
2025-06-12 03:40:21,872 - krx_fetcher - INFO - Updated 1600 rows in database
2025-06-12 03:40:24,751 - krx_fetcher - INFO - Fetching STK data for 20221108
2025-06-12 03:40:27,442 - krx_fetcher - INFO - Fetched 941 rows for STK on 20221108
2025-06-12 03:40:27,442 - krx_fetcher - INFO - Fetching KSQ data for 20221108
2025-06-12 03:40:31,237 - krx_fetcher - INFO - Fetched 1600 rows for KSQ on 20221108
2025-06-12 03:40:31,311 - krx_fetcher - INFO - Updated 941 rows in database
2025-06-12 03:40:31,395 - krx_fetcher - INFO - Updated 1600 rows in database
2025-06-12 03:40:34,797 - krx_fetcher - INFO - Fetching STK data for 20221109
2025-06-12 03:40:37,377 - krx_fetcher - INFO - Fetched 941 rows for STK on 20221109
2025-06-12 03:40:37,378 - krx_fetcher - INFO - Fetching KSQ data for 20221109
2025-06-12 03:40:41,170 - krx_fetcher - INFO - Fetched 1599 rows for KSQ on 20221109
2025-06-12 03:40:41,254 - krx_fetcher - INFO - Updated 941 rows in database
2025-06-12 03:40:41,336 - krx_fetcher - INFO - Updated 1599 rows in database
2025-06-12 03:40:45,679 - krx_fetcher - INFO - Fetching STK data for 20221110
2025-06-12 03:40:48,426 - krx_fetcher - INFO - Fetched 941 rows for STK on 20221110
2025-06-12 03:40:48,426 - krx_fetcher - INFO - Fetching KSQ data for 20221110
2025-06-12 03:40:52,043 - krx_fetcher - INFO - Fetched 1599 rows for KSQ on 20221110
2025-06-12 03:40:52,120 - krx_fetcher - INFO - Updated 941 rows in database
2025-06-12 03:40:52,200 - krx_fetcher - INFO - Updated 1599 rows in database
2025-06-12 03:40:55,407 - krx_fetcher - INFO - Fetching STK data for 20221111
2025-06-12 03:40:58,068 - krx_fetcher - INFO - Fetched 941 rows for STK on 20221111
2025-06-12 03:40:58,068 - krx_fetcher - INFO - Fetching KSQ data for 20221111
2025-06-12 03:41:01,851 - krx_fetcher - INFO - Fetched 1600 rows for KSQ on 20221111
2025-06-12 03:41:01,926 - krx_fetcher - INFO - Updated 941 rows in database
2025-06-12 03:41:02,007 - krx_fetcher - INFO - Updated 1600 rows in database
2025-06-12 03:41:06,021 - krx_fetcher - INFO - Fetching STK data for 20221114
2025-06-12 03:41:08,610 - krx_fetcher - INFO - Fetched 941 rows for STK on 20221114
2025-06-12 03:41:08,610 - krx_fetcher - INFO - Fetching KSQ data for 20221114
2025-06-12 03:41:12,410 - krx_fetcher - INFO - Fetched 1601 rows for KSQ on 20221114
2025-06-12 03:41:12,483 - krx_fetcher - INFO - Updated 941 rows in database
2025-06-12 03:41:12,563 - krx_fetcher - INFO - Updated 1601 rows in database
2025-06-12 03:41:15,133 - krx_fetcher - INFO - Fetching STK data for 20221115
2025-06-12 03:41:17,619 - krx_fetcher - INFO - Fetched 941 rows for STK on 20221115
2025-06-12 03:41:17,619 - krx_fetcher - INFO - Fetching KSQ data for 20221115
2025-06-12 03:41:21,616 - krx_fetcher - INFO - Fetched 1601 rows for KSQ on 20221115
2025-06-12 03:41:21,691 - krx_fetcher - INFO - Updated 941 rows in database
2025-06-12 03:41:21,773 - krx_fetcher - INFO - Updated 1601 rows in database
2025-06-12 03:41:24,552 - krx_fetcher - INFO - Fetching STK data for 20221116
2025-06-12 03:41:27,043 - krx_fetcher - INFO - Fetched 941 rows for STK on 20221116
2025-06-12 03:41:27,043 - krx_fetcher - INFO - Fetching KSQ data for 20221116
2025-06-12 03:41:30,927 - krx_fetcher - INFO - Fetched 1601 rows for KSQ on 20221116
2025-06-12 03:41:31,004 - krx_fetcher - INFO - Updated 941 rows in database
2025-06-12 03:41:31,088 - krx_fetcher - INFO - Updated 1601 rows in database
2025-06-12 03:41:34,183 - krx_fetcher - INFO - Fetching STK data for 20221117
2025-06-12 03:41:36,773 - krx_fetcher - INFO - Fetched 941 rows for STK on 20221117
2025-06-12 03:41:36,773 - krx_fetcher - INFO - Fetching KSQ data for 20221117
2025-06-12 03:41:40,631 - krx_fetcher - INFO - Fetched 1603 rows for KSQ on 20221117
2025-06-12 03:41:40,709 - krx_fetcher - INFO - Updated 941 rows in database
2025-06-12 03:41:40,801 - krx_fetcher - INFO - Updated 1603 rows in database
2025-06-12 03:41:44,608 - krx_fetcher - INFO - Fetching STK data for 20221118
2025-06-12 03:41:47,219 - krx_fetcher - INFO - Fetched 941 rows for STK on 20221118
2025-06-12 03:41:47,219 - krx_fetcher - INFO - Fetching KSQ data for 20221118
2025-06-12 03:41:51,010 - krx_fetcher - INFO - Fetched 1605 rows for KSQ on 20221118
2025-06-12 03:41:51,096 - krx_fetcher - INFO - Updated 941 rows in database
2025-06-12 03:41:51,177 - krx_fetcher - INFO - Updated 1605 rows in database
2025-06-12 03:41:53,355 - krx_fetcher - INFO - Fetching STK data for 20221121
2025-06-12 03:41:55,901 - krx_fetcher - INFO - Fetched 941 rows for STK on 20221121
2025-06-12 03:41:55,901 - krx_fetcher - INFO - Fetching KSQ data for 20221121
2025-06-12 03:41:59,812 - krx_fetcher - INFO - Fetched 1605 rows for KSQ on 20221121
2025-06-12 03:41:59,884 - krx_fetcher - INFO - Updated 941 rows in database
2025-06-12 03:41:59,965 - krx_fetcher - INFO - Updated 1605 rows in database
2025-06-12 03:42:04,937 - krx_fetcher - INFO - Fetching STK data for 20221122
2025-06-12 03:42:07,491 - krx_fetcher - INFO - Fetched 941 rows for STK on 20221122
2025-06-12 03:42:07,491 - krx_fetcher - INFO - Fetching KSQ data for 20221122
2025-06-12 03:42:11,383 - krx_fetcher - INFO - Fetched 1606 rows for KSQ on 20221122
2025-06-12 03:42:11,470 - krx_fetcher - INFO - Updated 941 rows in database
2025-06-12 03:42:11,553 - krx_fetcher - INFO - Updated 1606 rows in database
2025-06-12 03:42:16,112 - krx_fetcher - INFO - Fetching STK data for 20221123
2025-06-12 03:42:18,653 - krx_fetcher - INFO - Fetched 941 rows for STK on 20221123
2025-06-12 03:42:18,653 - krx_fetcher - INFO - Fetching KSQ data for 20221123
2025-06-12 03:42:22,546 - krx_fetcher - INFO - Fetched 1606 rows for KSQ on 20221123
2025-06-12 03:42:22,630 - krx_fetcher - INFO - Updated 941 rows in database
2025-06-12 03:42:22,712 - krx_fetcher - INFO - Updated 1606 rows in database
2025-06-12 03:42:26,430 - krx_fetcher - INFO - Fetching STK data for 20221124
2025-06-12 03:42:28,893 - krx_fetcher - INFO - Fetched 941 rows for STK on 20221124
2025-06-12 03:42:28,894 - krx_fetcher - INFO - Fetching KSQ data for 20221124
2025-06-12 03:42:32,890 - krx_fetcher - INFO - Fetched 1607 rows for KSQ on 20221124
2025-06-12 03:42:32,967 - krx_fetcher - INFO - Updated 941 rows in database
2025-06-12 03:42:33,051 - krx_fetcher - INFO - Updated 1607 rows in database
2025-06-12 03:42:35,110 - krx_fetcher - INFO - Fetching STK data for 20221125
2025-06-12 03:42:37,598 - krx_fetcher - INFO - Fetched 941 rows for STK on 20221125
2025-06-12 03:42:37,598 - krx_fetcher - INFO - Fetching KSQ data for 20221125
2025-06-12 03:42:41,479 - krx_fetcher - INFO - Fetched 1607 rows for KSQ on 20221125
2025-06-12 03:42:41,539 - krx_fetcher - INFO - Updated 941 rows in database
2025-06-12 03:42:41,628 - krx_fetcher - INFO - Updated 1607 rows in database
2025-06-12 03:42:46,263 - krx_fetcher - INFO - Fetching STK data for 20221128
2025-06-12 03:42:48,734 - krx_fetcher - INFO - Fetched 942 rows for STK on 20221128
2025-06-12 03:42:48,734 - krx_fetcher - INFO - Fetching KSQ data for 20221128
2025-06-12 03:42:52,670 - krx_fetcher - INFO - Fetched 1608 rows for KSQ on 20221128
2025-06-12 03:42:52,798 - krx_fetcher - INFO - Updated 942 rows in database
2025-06-12 03:42:52,964 - krx_fetcher - INFO - Updated 1608 rows in database
2025-06-12 03:42:56,934 - krx_fetcher - INFO - Fetching STK data for 20221129
2025-06-12 03:42:59,513 - krx_fetcher - INFO - Fetched 942 rows for STK on 20221129
2025-06-12 03:42:59,513 - krx_fetcher - INFO - Fetching KSQ data for 20221129
2025-06-12 03:43:03,300 - krx_fetcher - INFO - Fetched 1607 rows for KSQ on 20221129
2025-06-12 03:43:03,377 - krx_fetcher - INFO - Updated 942 rows in database
2025-06-12 03:43:03,467 - krx_fetcher - INFO - Updated 1607 rows in database
2025-06-12 03:43:05,941 - krx_fetcher - INFO - Fetching STK data for 20221130
2025-06-12 03:43:08,618 - krx_fetcher - INFO - Fetched 942 rows for STK on 20221130
2025-06-12 03:43:08,618 - krx_fetcher - INFO - Fetching KSQ data for 20221130
2025-06-12 03:43:12,314 - krx_fetcher - INFO - Fetched 1607 rows for KSQ on 20221130
2025-06-12 03:43:12,390 - krx_fetcher - INFO - Updated 942 rows in database
2025-06-12 03:43:12,476 - krx_fetcher - INFO - Updated 1607 rows in database
2025-06-12 03:43:14,958 - krx_fetcher - INFO - Fetching STK data for 20221201
2025-06-12 03:43:17,635 - krx_fetcher - INFO - Fetched 942 rows for STK on 20221201
2025-06-12 03:43:17,635 - krx_fetcher - INFO - Fetching KSQ data for 20221201
2025-06-12 03:43:21,430 - krx_fetcher - INFO - Fetched 1609 rows for KSQ on 20221201
2025-06-12 03:43:21,504 - krx_fetcher - INFO - Updated 942 rows in database
2025-06-12 03:43:21,587 - krx_fetcher - INFO - Updated 1609 rows in database
2025-06-12 03:43:24,180 - krx_fetcher - INFO - Fetching STK data for 20221202
2025-06-12 03:43:26,840 - krx_fetcher - INFO - Fetched 942 rows for STK on 20221202
2025-06-12 03:43:26,840 - krx_fetcher - INFO - Fetching KSQ data for 20221202
2025-06-12 03:43:30,517 - krx_fetcher - INFO - Fetched 1609 rows for KSQ on 20221202
2025-06-12 03:43:30,593 - krx_fetcher - INFO - Updated 942 rows in database
2025-06-12 03:43:30,678 - krx_fetcher - INFO - Updated 1609 rows in database
2025-06-12 03:43:33,363 - krx_fetcher - INFO - Fetching STK data for 20221205
2025-06-12 03:43:36,003 - krx_fetcher - INFO - Fetched 942 rows for STK on 20221205
2025-06-12 03:43:36,003 - krx_fetcher - INFO - Fetching KSQ data for 20221205
2025-06-12 03:43:39,758 - krx_fetcher - INFO - Fetched 1610 rows for KSQ on 20221205
2025-06-12 03:43:39,835 - krx_fetcher - INFO - Updated 942 rows in database
2025-06-12 03:43:39,919 - krx_fetcher - INFO - Updated 1610 rows in database
2025-06-12 03:43:42,844 - krx_fetcher - INFO - Fetching STK data for 20221206
2025-06-12 03:43:45,588 - krx_fetcher - INFO - Fetched 942 rows for STK on 20221206
2025-06-12 03:43:45,589 - krx_fetcher - INFO - Fetching KSQ data for 20221206
2025-06-12 03:43:49,286 - krx_fetcher - INFO - Fetched 1611 rows for KSQ on 20221206
2025-06-12 03:43:49,412 - krx_fetcher - INFO - Updated 942 rows in database
2025-06-12 03:43:49,587 - krx_fetcher - INFO - Updated 1611 rows in database
2025-06-12 03:43:53,181 - krx_fetcher - INFO - Fetching STK data for 20221207
2025-06-12 03:43:55,935 - krx_fetcher - INFO - Fetched 942 rows for STK on 20221207
2025-06-12 03:43:55,935 - krx_fetcher - INFO - Fetching KSQ data for 20221207
2025-06-12 03:43:59,563 - krx_fetcher - INFO - Fetched 1611 rows for KSQ on 20221207
2025-06-12 03:43:59,645 - krx_fetcher - INFO - Updated 942 rows in database
2025-06-12 03:43:59,735 - krx_fetcher - INFO - Updated 1611 rows in database
2025-06-12 03:44:04,476 - krx_fetcher - INFO - Fetching STK data for 20221208
2025-06-12 03:44:07,203 - krx_fetcher - INFO - Fetched 942 rows for STK on 20221208
2025-06-12 03:44:07,204 - krx_fetcher - INFO - Fetching KSQ data for 20221208
2025-06-12 03:44:10,905 - krx_fetcher - INFO - Fetched 1611 rows for KSQ on 20221208
2025-06-12 03:44:11,005 - krx_fetcher - INFO - Updated 942 rows in database
2025-06-12 03:44:11,100 - krx_fetcher - INFO - Updated 1611 rows in database
2025-06-12 03:44:15,205 - krx_fetcher - INFO - Fetching STK data for 20221209
2025-06-12 03:44:17,850 - krx_fetcher - INFO - Fetched 942 rows for STK on 20221209
2025-06-12 03:44:17,850 - krx_fetcher - INFO - Fetching KSQ data for 20221209
2025-06-12 03:44:21,584 - krx_fetcher - INFO - Fetched 1611 rows for KSQ on 20221209
2025-06-12 03:44:21,715 - krx_fetcher - INFO - Updated 942 rows in database
2025-06-12 03:44:21,889 - krx_fetcher - INFO - Updated 1611 rows in database
2025-06-12 03:44:24,785 - krx_fetcher - INFO - Fetching STK data for 20221212
2025-06-12 03:44:27,372 - krx_fetcher - INFO - Fetched 942 rows for STK on 20221212
2025-06-12 03:44:27,372 - krx_fetcher - INFO - Fetching KSQ data for 20221212
2025-06-12 03:44:31,188 - krx_fetcher - INFO - Fetched 1611 rows for KSQ on 20221212
2025-06-12 03:44:31,263 - krx_fetcher - INFO - Updated 942 rows in database
2025-06-12 03:44:31,354 - krx_fetcher - INFO - Updated 1611 rows in database
2025-06-12 03:44:34,715 - krx_fetcher - INFO - Fetching STK data for 20221213
2025-06-12 03:44:37,296 - krx_fetcher - INFO - Fetched 942 rows for STK on 20221213
2025-06-12 03:44:37,296 - krx_fetcher - INFO - Fetching KSQ data for 20221213
2025-06-12 03:44:41,109 - krx_fetcher - INFO - Fetched 1611 rows for KSQ on 20221213
2025-06-12 03:44:41,221 - krx_fetcher - INFO - Updated 942 rows in database
2025-06-12 03:44:41,319 - krx_fetcher - INFO - Updated 1611 rows in database
2025-06-12 03:44:45,639 - krx_fetcher - INFO - Fetching STK data for 20221214
2025-06-12 03:44:48,202 - krx_fetcher - INFO - Fetched 942 rows for STK on 20221214
2025-06-12 03:44:48,202 - krx_fetcher - INFO - Fetching KSQ data for 20221214
2025-06-12 03:44:52,065 - krx_fetcher - INFO - Fetched 1611 rows for KSQ on 20221214
2025-06-12 03:44:52,144 - krx_fetcher - INFO - Updated 942 rows in database
2025-06-12 03:44:52,283 - krx_fetcher - INFO - Updated 1611 rows in database
2025-06-12 03:44:55,571 - krx_fetcher - INFO - Fetching STK data for 20221215
2025-06-12 03:44:58,038 - krx_fetcher - INFO - Fetched 942 rows for STK on 20221215
2025-06-12 03:44:58,038 - krx_fetcher - INFO - Fetching KSQ data for 20221215
2025-06-12 03:45:01,971 - krx_fetcher - INFO - Fetched 1611 rows for KSQ on 20221215
2025-06-12 03:45:02,091 - krx_fetcher - INFO - Updated 942 rows in database
2025-06-12 03:45:02,266 - krx_fetcher - INFO - Updated 1611 rows in database
2025-06-12 03:45:06,537 - krx_fetcher - INFO - Fetching STK data for 20221216
2025-06-12 03:45:09,050 - krx_fetcher - INFO - Fetched 942 rows for STK on 20221216
2025-06-12 03:45:09,050 - krx_fetcher - INFO - Fetching KSQ data for 20221216
2025-06-12 03:45:12,942 - krx_fetcher - INFO - Fetched 1611 rows for KSQ on 20221216
2025-06-12 03:45:13,021 - krx_fetcher - INFO - Updated 942 rows in database
2025-06-12 03:45:13,112 - krx_fetcher - INFO - Updated 1611 rows in database
2025-06-12 03:45:16,231 - krx_fetcher - INFO - Fetching STK data for 20221219
2025-06-12 03:45:18,777 - krx_fetcher - INFO - Fetched 942 rows for STK on 20221219
2025-06-12 03:45:18,777 - krx_fetcher - INFO - Fetching KSQ data for 20221219
2025-06-12 03:45:22,774 - krx_fetcher - INFO - Fetched 1611 rows for KSQ on 20221219
2025-06-12 03:45:22,855 - krx_fetcher - INFO - Updated 942 rows in database
2025-06-12 03:45:22,945 - krx_fetcher - INFO - Updated 1611 rows in database
2025-06-12 03:45:26,897 - krx_fetcher - INFO - Fetching STK data for 20221220
2025-06-12 03:45:29,327 - krx_fetcher - INFO - Fetched 942 rows for STK on 20221220
2025-06-12 03:45:29,327 - krx_fetcher - INFO - Fetching KSQ data for 20221220
2025-06-12 03:45:33,426 - krx_fetcher - INFO - Fetched 1611 rows for KSQ on 20221220
2025-06-12 03:45:33,506 - krx_fetcher - INFO - Updated 942 rows in database
2025-06-12 03:45:33,595 - krx_fetcher - INFO - Updated 1611 rows in database
2025-06-12 03:45:36,197 - krx_fetcher - INFO - Fetching STK data for 20221221
2025-06-12 03:45:38,635 - krx_fetcher - INFO - Fetched 942 rows for STK on 20221221
2025-06-12 03:45:38,635 - krx_fetcher - INFO - Fetching KSQ data for 20221221
2025-06-12 03:45:42,589 - krx_fetcher - INFO - Fetched 1611 rows for KSQ on 20221221
2025-06-12 03:45:42,719 - krx_fetcher - INFO - Updated 942 rows in database
2025-06-12 03:45:42,896 - krx_fetcher - INFO - Updated 1611 rows in database
2025-06-12 03:45:45,798 - krx_fetcher - INFO - Fetching STK data for 20221222
2025-06-12 03:45:48,267 - krx_fetcher - INFO - Fetched 943 rows for STK on 20221222
2025-06-12 03:45:48,267 - krx_fetcher - INFO - Fetching KSQ data for 20221222
2025-06-12 03:45:52,268 - krx_fetcher - INFO - Fetched 1612 rows for KSQ on 20221222
2025-06-12 03:45:52,346 - krx_fetcher - INFO - Updated 943 rows in database
2025-06-12 03:45:52,442 - krx_fetcher - INFO - Updated 1612 rows in database
2025-06-12 03:45:55,892 - krx_fetcher - INFO - Fetching STK data for 20221223
2025-06-12 03:45:58,287 - krx_fetcher - INFO - Fetched 943 rows for STK on 20221223
2025-06-12 03:45:58,288 - krx_fetcher - INFO - Fetching KSQ data for 20221223
2025-06-12 03:46:02,316 - krx_fetcher - INFO - Fetched 1612 rows for KSQ on 20221223
2025-06-12 03:46:02,406 - krx_fetcher - INFO - Updated 943 rows in database
2025-06-12 03:46:02,498 - krx_fetcher - INFO - Updated 1612 rows in database
2025-06-12 03:46:07,002 - krx_fetcher - INFO - Fetching STK data for 20221226
2025-06-12 03:46:09,570 - krx_fetcher - INFO - Fetched 943 rows for STK on 20221226
2025-06-12 03:46:09,571 - krx_fetcher - INFO - Fetching KSQ data for 20221226
2025-06-12 03:46:13,465 - krx_fetcher - INFO - Fetched 1611 rows for KSQ on 20221226
2025-06-12 03:46:13,589 - krx_fetcher - INFO - Updated 943 rows in database
2025-06-12 03:46:13,765 - krx_fetcher - INFO - Updated 1611 rows in database
2025-06-12 03:46:17,536 - krx_fetcher - INFO - Fetching STK data for 20221227
2025-06-12 03:46:19,921 - krx_fetcher - INFO - Fetched 943 rows for STK on 20221227
2025-06-12 03:46:19,922 - krx_fetcher - INFO - Fetching KSQ data for 20221227
2025-06-12 03:46:23,978 - krx_fetcher - INFO - Fetched 1612 rows for KSQ on 20221227
2025-06-12 03:46:24,060 - krx_fetcher - INFO - Updated 943 rows in database
2025-06-12 03:46:24,153 - krx_fetcher - INFO - Updated 1612 rows in database
2025-06-12 03:46:26,313 - krx_fetcher - INFO - Fetching STK data for 20221228
2025-06-12 03:46:28,768 - krx_fetcher - INFO - Fetched 943 rows for STK on 20221228
2025-06-12 03:46:28,769 - krx_fetcher - INFO - Fetching KSQ data for 20221228
2025-06-12 03:46:32,711 - krx_fetcher - INFO - Fetched 1612 rows for KSQ on 20221228
2025-06-12 03:46:32,789 - krx_fetcher - INFO - Updated 943 rows in database
2025-06-12 03:46:32,882 - krx_fetcher - INFO - Updated 1612 rows in database
2025-06-12 03:46:37,771 - krx_fetcher - INFO - Fetching STK data for 20221229
2025-06-12 03:46:41,002 - krx_fetcher - INFO - Fetched 943 rows for STK on 20221229
2025-06-12 03:46:41,003 - krx_fetcher - INFO - Fetching KSQ data for 20221229
2025-06-12 03:46:44,186 - krx_fetcher - INFO - Fetched 1612 rows for KSQ on 20221229
2025-06-12 03:46:44,267 - krx_fetcher - INFO - Updated 943 rows in database
2025-06-12 03:46:44,360 - krx_fetcher - INFO - Updated 1612 rows in database
2025-06-12 03:46:48,725 - krx_fetcher - INFO - Fetching STK data for 20221230
2025-06-12 03:46:50,912 - krx_fetcher - INFO - Fetched 943 rows for STK on 20221230
2025-06-12 03:46:50,913 - krx_fetcher - INFO - Fetching KSQ data for 20221230
2025-06-12 03:46:54,925 - krx_fetcher - INFO - Fetched 1612 rows for KSQ on 20221230
2025-06-12 03:46:54,998 - krx_fetcher - INFO - Updated 943 rows in database
2025-06-12 03:46:55,097 - krx_fetcher - INFO - Updated 1612 rows in database
2025-06-12 03:46:58,201 - krx_fetcher - INFO - Fetching STK data for 20230102
2025-06-12 03:47:00,770 - krx_fetcher - INFO - Fetched 943 rows for STK on 20230102
2025-06-12 03:47:00,770 - krx_fetcher - INFO - Fetching KSQ data for 20230102
2025-06-12 03:47:04,665 - krx_fetcher - INFO - Fetched 1612 rows for KSQ on 20230102
2025-06-12 03:47:04,740 - krx_fetcher - INFO - Updated 943 rows in database
2025-06-12 03:47:04,829 - krx_fetcher - INFO - Updated 1612 rows in database
2025-06-12 03:47:08,664 - krx_fetcher - INFO - Fetching STK data for 20230103
2025-06-12 03:47:11,211 - krx_fetcher - INFO - Fetched 943 rows for STK on 20230103
2025-06-12 03:47:11,211 - krx_fetcher - INFO - Fetching KSQ data for 20230103
2025-06-12 03:47:15,106 - krx_fetcher - INFO - Fetched 1612 rows for KSQ on 20230103
2025-06-12 03:47:15,186 - krx_fetcher - INFO - Updated 943 rows in database
2025-06-12 03:47:15,277 - krx_fetcher - INFO - Updated 1612 rows in database
2025-06-12 03:47:17,559 - krx_fetcher - INFO - Fetching STK data for 20230104
2025-06-12 03:47:20,105 - krx_fetcher - INFO - Fetched 943 rows for STK on 20230104
2025-06-12 03:47:20,106 - krx_fetcher - INFO - Fetching KSQ data for 20230104
2025-06-12 03:47:24,020 - krx_fetcher - INFO - Fetched 1612 rows for KSQ on 20230104
2025-06-12 03:47:24,100 - krx_fetcher - INFO - Updated 943 rows in database
2025-06-12 03:47:24,198 - krx_fetcher - INFO - Updated 1612 rows in database
2025-06-12 03:47:26,402 - krx_fetcher - INFO - Fetching STK data for 20230105
2025-06-12 03:47:28,916 - krx_fetcher - INFO - Fetched 943 rows for STK on 20230105
2025-06-12 03:47:28,917 - krx_fetcher - INFO - Fetching KSQ data for 20230105
2025-06-12 03:47:32,719 - krx_fetcher - INFO - Fetched 1612 rows for KSQ on 20230105
2025-06-12 03:47:32,796 - krx_fetcher - INFO - Updated 943 rows in database
2025-06-12 03:47:32,935 - krx_fetcher - INFO - Updated 1612 rows in database
2025-06-12 03:47:37,877 - krx_fetcher - INFO - Fetching STK data for 20230106
2025-06-12 03:47:40,400 - krx_fetcher - INFO - Fetched 943 rows for STK on 20230106
2025-06-12 03:47:40,400 - krx_fetcher - INFO - Fetching KSQ data for 20230106
2025-06-12 03:47:44,298 - krx_fetcher - INFO - Fetched 1612 rows for KSQ on 20230106
2025-06-12 03:47:44,377 - krx_fetcher - INFO - Updated 943 rows in database
2025-06-12 03:47:44,468 - krx_fetcher - INFO - Updated 1612 rows in database
2025-06-12 03:47:48,943 - krx_fetcher - INFO - Fetching STK data for 20230109
2025-06-12 03:47:51,562 - krx_fetcher - INFO - Fetched 943 rows for STK on 20230109
2025-06-12 03:47:51,562 - krx_fetcher - INFO - Fetching KSQ data for 20230109
2025-06-12 03:47:55,356 - krx_fetcher - INFO - Fetched 1612 rows for KSQ on 20230109
2025-06-12 03:47:55,442 - krx_fetcher - INFO - Updated 943 rows in database
2025-06-12 03:47:55,534 - krx_fetcher - INFO - Updated 1612 rows in database
2025-06-12 03:47:59,074 - krx_fetcher - INFO - Fetching STK data for 20230110
2025-06-12 03:48:01,545 - krx_fetcher - INFO - Fetched 943 rows for STK on 20230110
2025-06-12 03:48:01,546 - krx_fetcher - INFO - Fetching KSQ data for 20230110
2025-06-12 03:48:05,590 - krx_fetcher - INFO - Fetched 1612 rows for KSQ on 20230110
2025-06-12 03:48:05,663 - krx_fetcher - INFO - Updated 943 rows in database
2025-06-12 03:48:05,757 - krx_fetcher - INFO - Updated 1612 rows in database
2025-06-12 03:48:10,521 - krx_fetcher - INFO - Fetching STK data for 20230111
2025-06-12 03:48:13,068 - krx_fetcher - INFO - Fetched 943 rows for STK on 20230111
2025-06-12 03:48:13,068 - krx_fetcher - INFO - Fetching KSQ data for 20230111
2025-06-12 03:48:16,960 - krx_fetcher - INFO - Fetched 1612 rows for KSQ on 20230111
2025-06-12 03:48:17,040 - krx_fetcher - INFO - Updated 943 rows in database
2025-06-12 03:48:17,134 - krx_fetcher - INFO - Updated 1612 rows in database
2025-06-12 03:48:21,275 - krx_fetcher - INFO - Fetching STK data for 20230112
2025-06-12 03:48:23,811 - krx_fetcher - INFO - Fetched 943 rows for STK on 20230112
2025-06-12 03:48:23,811 - krx_fetcher - INFO - Fetching KSQ data for 20230112
2025-06-12 03:48:27,708 - krx_fetcher - INFO - Fetched 1612 rows for KSQ on 20230112
2025-06-12 03:48:27,784 - krx_fetcher - INFO - Updated 943 rows in database
2025-06-12 03:48:27,878 - krx_fetcher - INFO - Updated 1612 rows in database
2025-06-12 03:48:30,762 - krx_fetcher - INFO - Fetching STK data for 20230113
2025-06-12 03:48:33,239 - krx_fetcher - INFO - Fetched 943 rows for STK on 20230113
2025-06-12 03:48:33,239 - krx_fetcher - INFO - Fetching KSQ data for 20230113
2025-06-12 03:48:37,233 - krx_fetcher - INFO - Fetched 1612 rows for KSQ on 20230113
2025-06-12 03:48:37,310 - krx_fetcher - INFO - Updated 943 rows in database
2025-06-12 03:48:37,416 - krx_fetcher - INFO - Updated 1612 rows in database
2025-06-12 03:48:40,839 - krx_fetcher - INFO - Fetching STK data for 20230116
2025-06-12 03:48:43,480 - krx_fetcher - INFO - Fetched 943 rows for STK on 20230116
2025-06-12 03:48:43,480 - krx_fetcher - INFO - Fetching KSQ data for 20230116
2025-06-12 03:48:47,275 - krx_fetcher - INFO - Fetched 1612 rows for KSQ on 20230116
2025-06-12 03:48:47,353 - krx_fetcher - INFO - Updated 943 rows in database
2025-06-12 03:48:47,478 - krx_fetcher - INFO - Updated 1612 rows in database
2025-06-12 03:48:51,963 - krx_fetcher - INFO - Fetching STK data for 20230117
2025-06-12 03:48:54,429 - krx_fetcher - INFO - Fetched 943 rows for STK on 20230117
2025-06-12 03:48:54,430 - krx_fetcher - INFO - Fetching KSQ data for 20230117
2025-06-12 03:48:58,321 - krx_fetcher - INFO - Fetched 1611 rows for KSQ on 20230117
2025-06-12 03:48:58,448 - krx_fetcher - INFO - Updated 943 rows in database
2025-06-12 03:48:58,637 - krx_fetcher - INFO - Updated 1611 rows in database
2025-06-12 03:49:02,281 - krx_fetcher - INFO - Fetching STK data for 20230118
2025-06-12 03:49:04,779 - krx_fetcher - INFO - Fetched 943 rows for STK on 20230118
2025-06-12 03:49:04,779 - krx_fetcher - INFO - Fetching KSQ data for 20230118
2025-06-12 03:49:08,671 - krx_fetcher - INFO - Fetched 1611 rows for KSQ on 20230118
2025-06-12 03:49:08,758 - krx_fetcher - INFO - Updated 943 rows in database
2025-06-12 03:49:08,865 - krx_fetcher - INFO - Updated 1611 rows in database
2025-06-12 03:49:13,736 - krx_fetcher - INFO - Fetching STK data for 20230119
2025-06-12 03:49:16,250 - krx_fetcher - INFO - Fetched 943 rows for STK on 20230119
2025-06-12 03:49:16,250 - krx_fetcher - INFO - Fetching KSQ data for 20230119
2025-06-12 03:49:20,243 - krx_fetcher - INFO - Fetched 1613 rows for KSQ on 20230119
2025-06-12 03:49:20,329 - krx_fetcher - INFO - Updated 943 rows in database
2025-06-12 03:49:20,422 - krx_fetcher - INFO - Updated 1613 rows in database
2025-06-12 03:49:24,852 - krx_fetcher - INFO - Fetching STK data for 20230120
2025-06-12 03:49:27,515 - krx_fetcher - INFO - Fetched 943 rows for STK on 20230120
2025-06-12 03:49:27,515 - krx_fetcher - INFO - Fetching KSQ data for 20230120
2025-06-12 03:49:31,201 - krx_fetcher - INFO - Fetched 1613 rows for KSQ on 20230120
2025-06-12 03:49:31,284 - krx_fetcher - INFO - Updated 943 rows in database
2025-06-12 03:49:31,380 - krx_fetcher - INFO - Updated 1613 rows in database
2025-06-12 03:49:34,766 - krx_fetcher - INFO - Fetching STK data for 20230123
2025-06-12 03:49:36,982 - krx_fetcher - INFO - Fetched 943 rows for STK on 20230123
2025-06-12 03:49:36,982 - krx_fetcher - INFO - Fetching KSQ data for 20230123
2025-06-12 03:49:41,042 - krx_fetcher - INFO - Fetched 1613 rows for KSQ on 20230123
2025-06-12 03:49:41,122 - krx_fetcher - INFO - Updated 943 rows in database
2025-06-12 03:49:41,220 - krx_fetcher - INFO - Updated 1613 rows in database
2025-06-12 03:49:45,447 - krx_fetcher - INFO - Fetching STK data for 20230124
2025-06-12 03:49:47,658 - krx_fetcher - INFO - Fetched 943 rows for STK on 20230124
2025-06-12 03:49:47,659 - krx_fetcher - INFO - Fetching KSQ data for 20230124
2025-06-12 03:49:51,666 - krx_fetcher - INFO - Fetched 1613 rows for KSQ on 20230124
2025-06-12 03:49:51,742 - krx_fetcher - INFO - Updated 943 rows in database
2025-06-12 03:49:51,837 - krx_fetcher - INFO - Updated 1613 rows in database
2025-06-12 03:49:54,680 - krx_fetcher - INFO - Fetching STK data for 20230125
2025-06-12 03:49:57,313 - krx_fetcher - INFO - Fetched 943 rows for STK on 20230125
2025-06-12 03:49:57,314 - krx_fetcher - INFO - Fetching KSQ data for 20230125
2025-06-12 03:50:01,070 - krx_fetcher - INFO - Fetched 1613 rows for KSQ on 20230125
2025-06-12 03:50:01,208 - krx_fetcher - INFO - Updated 943 rows in database
2025-06-12 03:50:01,417 - krx_fetcher - INFO - Updated 1613 rows in database
2025-06-12 03:50:04,838 - krx_fetcher - INFO - Fetching STK data for 20230126
2025-06-12 03:50:07,440 - krx_fetcher - INFO - Fetched 943 rows for STK on 20230126
2025-06-12 03:50:07,440 - krx_fetcher - INFO - Fetching KSQ data for 20230126
2025-06-12 03:50:11,242 - krx_fetcher - INFO - Fetched 1613 rows for KSQ on 20230126
2025-06-12 03:50:11,339 - krx_fetcher - INFO - Updated 943 rows in database
2025-06-12 03:50:11,437 - krx_fetcher - INFO - Updated 1613 rows in database
2025-06-12 03:50:15,880 - krx_fetcher - INFO - Fetching STK data for 20230127
2025-06-12 03:50:18,509 - krx_fetcher - INFO - Fetched 943 rows for STK on 20230127
2025-06-12 03:50:18,509 - krx_fetcher - INFO - Fetching KSQ data for 20230127
2025-06-12 03:50:22,303 - krx_fetcher - INFO - Fetched 1614 rows for KSQ on 20230127
2025-06-12 03:50:22,385 - krx_fetcher - INFO - Updated 943 rows in database
2025-06-12 03:50:22,534 - krx_fetcher - INFO - Updated 1614 rows in database
2025-06-12 03:50:26,074 - krx_fetcher - INFO - Fetching STK data for 20230130
2025-06-12 03:50:28,645 - krx_fetcher - INFO - Fetched 943 rows for STK on 20230130
2025-06-12 03:50:28,646 - krx_fetcher - INFO - Fetching KSQ data for 20230130
2025-06-12 03:50:32,406 - krx_fetcher - INFO - Fetched 1615 rows for KSQ on 20230130
2025-06-12 03:50:32,548 - krx_fetcher - INFO - Updated 943 rows in database
2025-06-12 03:50:32,728 - krx_fetcher - INFO - Updated 1615 rows in database
2025-06-12 03:50:37,462 - krx_fetcher - INFO - Fetching STK data for 20230131
2025-06-12 03:50:40,015 - krx_fetcher - INFO - Fetched 945 rows for STK on 20230131
2025-06-12 03:50:40,015 - krx_fetcher - INFO - Fetching KSQ data for 20230131
2025-06-12 03:50:43,898 - krx_fetcher - INFO - Fetched 1615 rows for KSQ on 20230131
2025-06-12 03:50:43,970 - krx_fetcher - INFO - Updated 945 rows in database
2025-06-12 03:50:44,064 - krx_fetcher - INFO - Updated 1615 rows in database
2025-06-12 03:50:48,130 - krx_fetcher - INFO - Fetching STK data for 20230201
2025-06-12 03:50:50,675 - krx_fetcher - INFO - Fetched 945 rows for STK on 20230201
2025-06-12 03:50:50,675 - krx_fetcher - INFO - Fetching KSQ data for 20230201
2025-06-12 03:50:54,491 - krx_fetcher - INFO - Fetched 1615 rows for KSQ on 20230201
2025-06-12 03:50:54,617 - krx_fetcher - INFO - Updated 945 rows in database
2025-06-12 03:50:54,807 - krx_fetcher - INFO - Updated 1615 rows in database
2025-06-12 03:50:57,620 - krx_fetcher - INFO - Fetching STK data for 20230202
2025-06-12 03:51:00,095 - krx_fetcher - INFO - Fetched 944 rows for STK on 20230202
2025-06-12 03:51:00,095 - krx_fetcher - INFO - Fetching KSQ data for 20230202
2025-06-12 03:51:04,070 - krx_fetcher - INFO - Fetched 1615 rows for KSQ on 20230202
2025-06-12 03:51:04,161 - krx_fetcher - INFO - Updated 944 rows in database
2025-06-12 03:51:04,273 - krx_fetcher - INFO - Updated 1615 rows in database
2025-06-12 03:51:07,553 - krx_fetcher - INFO - Fetching STK data for 20230203
2025-06-12 03:51:10,007 - krx_fetcher - INFO - Fetched 944 rows for STK on 20230203
2025-06-12 03:51:10,007 - krx_fetcher - INFO - Fetching KSQ data for 20230203
2025-06-12 03:51:14,014 - krx_fetcher - INFO - Fetched 1616 rows for KSQ on 20230203
2025-06-12 03:51:14,189 - krx_fetcher - INFO - Updated 944 rows in database
2025-06-12 03:51:14,290 - krx_fetcher - INFO - Updated 1616 rows in database
2025-06-12 03:51:18,587 - krx_fetcher - INFO - Fetching STK data for 20230206
2025-06-12 03:51:21,220 - krx_fetcher - INFO - Fetched 944 rows for STK on 20230206
2025-06-12 03:51:21,221 - krx_fetcher - INFO - Fetching KSQ data for 20230206
2025-06-12 03:51:24,971 - krx_fetcher - INFO - Fetched 1616 rows for KSQ on 20230206
2025-06-12 03:51:25,055 - krx_fetcher - INFO - Updated 944 rows in database
2025-06-12 03:51:25,153 - krx_fetcher - INFO - Updated 1616 rows in database
2025-06-12 03:51:28,313 - krx_fetcher - INFO - Fetching STK data for 20230207
2025-06-12 03:51:31,010 - krx_fetcher - INFO - Fetched 944 rows for STK on 20230207
2025-06-12 03:51:31,010 - krx_fetcher - INFO - Fetching KSQ data for 20230207
2025-06-12 03:51:34,800 - krx_fetcher - INFO - Fetched 1617 rows for KSQ on 20230207
2025-06-12 03:51:34,892 - krx_fetcher - INFO - Updated 944 rows in database
2025-06-12 03:51:34,989 - krx_fetcher - INFO - Updated 1617 rows in database
2025-06-12 03:51:38,985 - krx_fetcher - INFO - Fetching STK data for 20230208
2025-06-12 03:51:41,656 - krx_fetcher - INFO - Fetched 944 rows for STK on 20230208
2025-06-12 03:51:41,657 - krx_fetcher - INFO - Fetching KSQ data for 20230208
2025-06-12 03:51:45,450 - krx_fetcher - INFO - Fetched 1617 rows for KSQ on 20230208
2025-06-12 03:51:45,552 - krx_fetcher - INFO - Updated 944 rows in database
2025-06-12 03:51:45,830 - krx_fetcher - INFO - Updated 1617 rows in database
2025-06-12 03:51:48,666 - krx_fetcher - INFO - Fetching STK data for 20230209
2025-06-12 03:51:51,182 - krx_fetcher - INFO - Fetched 944 rows for STK on 20230209
2025-06-12 03:51:51,182 - krx_fetcher - INFO - Fetching KSQ data for 20230209
2025-06-12 03:51:55,130 - krx_fetcher - INFO - Fetched 1618 rows for KSQ on 20230209
2025-06-12 03:51:55,274 - krx_fetcher - INFO - Updated 944 rows in database
2025-06-12 03:51:55,543 - krx_fetcher - INFO - Updated 1618 rows in database
2025-06-12 03:51:59,092 - krx_fetcher - INFO - Fetching STK data for 20230210
2025-06-12 03:52:01,629 - krx_fetcher - INFO - Fetched 944 rows for STK on 20230210
2025-06-12 03:52:01,630 - krx_fetcher - INFO - Fetching KSQ data for 20230210
2025-06-12 03:52:05,417 - krx_fetcher - INFO - Fetched 1618 rows for KSQ on 20230210
2025-06-12 03:52:05,542 - krx_fetcher - INFO - Updated 944 rows in database
2025-06-12 03:52:05,725 - krx_fetcher - INFO - Updated 1618 rows in database
2025-06-12 03:52:10,456 - krx_fetcher - INFO - Fetching STK data for 20230213
2025-06-12 03:52:12,995 - krx_fetcher - INFO - Fetched 944 rows for STK on 20230213
2025-06-12 03:52:12,995 - krx_fetcher - INFO - Fetching KSQ data for 20230213
2025-06-12 03:52:16,887 - krx_fetcher - INFO - Fetched 1618 rows for KSQ on 20230213
2025-06-12 03:52:17,009 - krx_fetcher - INFO - Updated 944 rows in database
2025-06-12 03:52:17,148 - krx_fetcher - INFO - Updated 1618 rows in database
2025-06-12 03:52:21,302 - krx_fetcher - INFO - Fetching STK data for 20230214
2025-06-12 03:52:23,848 - krx_fetcher - INFO - Fetched 944 rows for STK on 20230214
2025-06-12 03:52:23,849 - krx_fetcher - INFO - Fetching KSQ data for 20230214
2025-06-12 03:52:27,743 - krx_fetcher - INFO - Fetched 1618 rows for KSQ on 20230214
2025-06-12 03:52:27,859 - krx_fetcher - INFO - Updated 944 rows in database
2025-06-12 03:52:28,007 - krx_fetcher - INFO - Updated 1618 rows in database
2025-06-12 03:52:31,020 - krx_fetcher - INFO - Fetching STK data for 20230215
2025-06-12 03:52:33,573 - krx_fetcher - INFO - Fetched 944 rows for STK on 20230215
2025-06-12 03:52:33,574 - krx_fetcher - INFO - Fetching KSQ data for 20230215
2025-06-12 03:52:37,472 - krx_fetcher - INFO - Fetched 1619 rows for KSQ on 20230215
2025-06-12 03:52:37,557 - krx_fetcher - INFO - Updated 944 rows in database
2025-06-12 03:52:37,713 - krx_fetcher - INFO - Updated 1619 rows in database
2025-06-12 03:52:41,432 - krx_fetcher - INFO - Fetching STK data for 20230216
2025-06-12 03:52:44,015 - krx_fetcher - INFO - Fetched 944 rows for STK on 20230216
2025-06-12 03:52:44,015 - krx_fetcher - INFO - Fetching KSQ data for 20230216
2025-06-12 03:52:47,814 - krx_fetcher - INFO - Fetched 1620 rows for KSQ on 20230216
2025-06-12 03:52:47,919 - krx_fetcher - INFO - Updated 944 rows in database
2025-06-12 03:52:48,056 - krx_fetcher - INFO - Updated 1620 rows in database
2025-06-12 03:52:50,118 - krx_fetcher - INFO - Fetching STK data for 20230217
2025-06-12 03:52:52,718 - krx_fetcher - INFO - Fetched 944 rows for STK on 20230217
2025-06-12 03:52:52,719 - krx_fetcher - INFO - Fetching KSQ data for 20230217
2025-06-12 03:52:56,616 - krx_fetcher - INFO - Fetched 1620 rows for KSQ on 20230217
2025-06-12 03:52:56,721 - krx_fetcher - INFO - Updated 944 rows in database
2025-06-12 03:52:56,844 - krx_fetcher - INFO - Updated 1620 rows in database
2025-06-12 03:53:01,693 - krx_fetcher - INFO - Fetching STK data for 20230220
2025-06-12 03:53:04,209 - krx_fetcher - INFO - Fetched 944 rows for STK on 20230220
2025-06-12 03:53:04,209 - krx_fetcher - INFO - Fetching KSQ data for 20230220
2025-06-12 03:53:08,080 - krx_fetcher - INFO - Fetched 1621 rows for KSQ on 20230220
2025-06-12 03:53:08,177 - krx_fetcher - INFO - Updated 944 rows in database
2025-06-12 03:53:08,335 - krx_fetcher - INFO - Updated 1621 rows in database
2025-06-12 03:53:12,679 - krx_fetcher - INFO - Fetching STK data for 20230221
2025-06-12 03:53:15,253 - krx_fetcher - INFO - Fetched 943 rows for STK on 20230221
2025-06-12 03:53:15,253 - krx_fetcher - INFO - Fetching KSQ data for 20230221
2025-06-12 03:53:19,145 - krx_fetcher - INFO - Fetched 1620 rows for KSQ on 20230221
2025-06-12 03:53:19,233 - krx_fetcher - INFO - Updated 943 rows in database
2025-06-12 03:53:19,453 - krx_fetcher - INFO - Updated 1620 rows in database
2025-06-12 03:53:22,913 - krx_fetcher - INFO - Fetching STK data for 20230222
2025-06-12 03:53:25,435 - krx_fetcher - INFO - Fetched 943 rows for STK on 20230222
2025-06-12 03:53:25,435 - krx_fetcher - INFO - Fetching KSQ data for 20230222
2025-06-12 03:53:29,253 - krx_fetcher - INFO - Fetched 1620 rows for KSQ on 20230222
2025-06-12 03:53:29,449 - krx_fetcher - INFO - Updated 943 rows in database
2025-06-12 03:53:29,687 - krx_fetcher - INFO - Updated 1620 rows in database
2025-06-12 03:53:34,382 - krx_fetcher - INFO - Fetching STK data for 20230223
2025-06-12 03:53:36,965 - krx_fetcher - INFO - Fetched 943 rows for STK on 20230223
2025-06-12 03:53:36,965 - krx_fetcher - INFO - Fetching KSQ data for 20230223
2025-06-12 03:53:40,858 - krx_fetcher - INFO - Fetched 1620 rows for KSQ on 20230223
2025-06-12 03:53:40,944 - krx_fetcher - INFO - Updated 943 rows in database
2025-06-12 03:53:41,052 - krx_fetcher - INFO - Updated 1620 rows in database
2025-06-12 03:53:45,111 - krx_fetcher - INFO - Fetching STK data for 20230224
2025-06-12 03:53:47,611 - krx_fetcher - INFO - Fetched 943 rows for STK on 20230224
2025-06-12 03:53:47,611 - krx_fetcher - INFO - Fetching KSQ data for 20230224
2025-06-12 03:53:51,506 - krx_fetcher - INFO - Fetched 1621 rows for KSQ on 20230224
2025-06-12 03:53:51,591 - krx_fetcher - INFO - Updated 943 rows in database
2025-06-12 03:53:51,699 - krx_fetcher - INFO - Updated 1621 rows in database
2025-06-12 03:53:54,406 - krx_fetcher - INFO - Fetching STK data for 20230227
2025-06-12 03:53:56,933 - krx_fetcher - INFO - Fetched 943 rows for STK on 20230227
2025-06-12 03:53:56,933 - krx_fetcher - INFO - Fetching KSQ data for 20230227
2025-06-12 03:54:00,824 - krx_fetcher - INFO - Fetched 1621 rows for KSQ on 20230227
2025-06-12 03:54:00,914 - krx_fetcher - INFO - Updated 943 rows in database
2025-06-12 03:54:01,021 - krx_fetcher - INFO - Updated 1621 rows in database
2025-06-12 03:54:04,049 - krx_fetcher - INFO - Fetching STK data for 20230228
2025-06-12 03:54:06,541 - krx_fetcher - INFO - Fetched 943 rows for STK on 20230228
2025-06-12 03:54:06,541 - krx_fetcher - INFO - Fetching KSQ data for 20230228
2025-06-12 03:54:10,435 - krx_fetcher - INFO - Fetched 1622 rows for KSQ on 20230228
2025-06-12 03:54:10,523 - krx_fetcher - INFO - Updated 943 rows in database
2025-06-12 03:54:10,632 - krx_fetcher - INFO - Updated 1622 rows in database
2025-06-12 03:54:14,265 - krx_fetcher - INFO - Fetching STK data for 20230301
2025-06-12 03:54:16,440 - krx_fetcher - INFO - Fetched 943 rows for STK on 20230301
2025-06-12 03:54:16,440 - krx_fetcher - INFO - Fetching KSQ data for 20230301
2025-06-12 03:54:20,467 - krx_fetcher - INFO - Fetched 1622 rows for KSQ on 20230301
2025-06-12 03:54:20,553 - krx_fetcher - INFO - Updated 943 rows in database
2025-06-12 03:54:20,657 - krx_fetcher - INFO - Updated 1622 rows in database
2025-06-12 03:54:25,321 - krx_fetcher - INFO - Fetching STK data for 20230302
2025-06-12 03:54:27,958 - krx_fetcher - INFO - Fetched 943 rows for STK on 20230302
2025-06-12 03:54:27,958 - krx_fetcher - INFO - Fetching KSQ data for 20230302
2025-06-12 03:54:31,721 - krx_fetcher - INFO - Fetched 1623 rows for KSQ on 20230302
2025-06-12 03:54:31,813 - krx_fetcher - INFO - Updated 943 rows in database
2025-06-12 03:54:31,952 - krx_fetcher - INFO - Updated 1623 rows in database
2025-06-12 03:54:35,911 - krx_fetcher - INFO - Fetching STK data for 20230303
2025-06-12 03:54:38,508 - krx_fetcher - INFO - Fetched 943 rows for STK on 20230303
2025-06-12 03:54:38,508 - krx_fetcher - INFO - Fetching KSQ data for 20230303
2025-06-12 03:54:42,402 - krx_fetcher - INFO - Fetched 1624 rows for KSQ on 20230303
2025-06-12 03:54:42,488 - krx_fetcher - INFO - Updated 943 rows in database
2025-06-12 03:54:42,646 - krx_fetcher - INFO - Updated 1624 rows in database
2025-06-12 03:54:45,299 - krx_fetcher - INFO - Fetching STK data for 20230306
2025-06-12 03:54:47,930 - krx_fetcher - INFO - Fetched 943 rows for STK on 20230306
2025-06-12 03:54:47,930 - krx_fetcher - INFO - Fetching KSQ data for 20230306
2025-06-12 03:54:51,721 - krx_fetcher - INFO - Fetched 1624 rows for KSQ on 20230306
2025-06-12 03:54:51,810 - krx_fetcher - INFO - Updated 943 rows in database
2025-06-12 03:54:51,911 - krx_fetcher - INFO - Updated 1624 rows in database
2025-06-12 03:54:54,828 - krx_fetcher - INFO - Fetching STK data for 20230307
2025-06-12 03:54:57,352 - krx_fetcher - INFO - Fetched 943 rows for STK on 20230307
2025-06-12 03:54:57,352 - krx_fetcher - INFO - Fetching KSQ data for 20230307
2025-06-12 03:55:01,350 - krx_fetcher - INFO - Fetched 1626 rows for KSQ on 20230307
2025-06-12 03:55:01,434 - krx_fetcher - INFO - Updated 943 rows in database
2025-06-12 03:55:01,536 - krx_fetcher - INFO - Updated 1626 rows in database
2025-06-12 03:55:05,079 - krx_fetcher - INFO - Fetching STK data for 20230308
2025-06-12 03:55:07,692 - krx_fetcher - INFO - Fetched 943 rows for STK on 20230308
2025-06-12 03:55:07,692 - krx_fetcher - INFO - Fetching KSQ data for 20230308
2025-06-12 03:55:11,583 - krx_fetcher - INFO - Fetched 1626 rows for KSQ on 20230308
2025-06-12 03:55:11,666 - krx_fetcher - INFO - Updated 943 rows in database
2025-06-12 03:55:11,769 - krx_fetcher - INFO - Updated 1626 rows in database
2025-06-12 03:55:16,545 - krx_fetcher - INFO - Fetching STK data for 20230309
2025-06-12 03:55:19,072 - krx_fetcher - INFO - Fetched 943 rows for STK on 20230309
2025-06-12 03:55:19,072 - krx_fetcher - INFO - Fetching KSQ data for 20230309
2025-06-12 03:55:22,955 - krx_fetcher - INFO - Fetched 1627 rows for KSQ on 20230309
2025-06-12 03:55:23,041 - krx_fetcher - INFO - Updated 943 rows in database
2025-06-12 03:55:23,188 - krx_fetcher - INFO - Updated 1627 rows in database
2025-06-12 03:55:27,383 - krx_fetcher - INFO - Fetching STK data for 20230310
2025-06-12 03:55:29,919 - krx_fetcher - INFO - Fetched 943 rows for STK on 20230310
2025-06-12 03:55:29,919 - krx_fetcher - INFO - Fetching KSQ data for 20230310
2025-06-12 03:55:33,762 - krx_fetcher - INFO - Fetched 1626 rows for KSQ on 20230310
2025-06-12 03:55:33,843 - krx_fetcher - INFO - Updated 943 rows in database
2025-06-12 03:55:33,942 - krx_fetcher - INFO - Updated 1626 rows in database
2025-06-12 03:55:36,892 - krx_fetcher - INFO - Fetching STK data for 20230313
2025-06-12 03:55:39,438 - krx_fetcher - INFO - Fetched 943 rows for STK on 20230313
2025-06-12 03:55:39,438 - krx_fetcher - INFO - Fetching KSQ data for 20230313
2025-06-12 03:55:43,328 - krx_fetcher - INFO - Fetched 1627 rows for KSQ on 20230313
2025-06-12 03:55:43,411 - krx_fetcher - INFO - Updated 943 rows in database
2025-06-12 03:55:43,512 - krx_fetcher - INFO - Updated 1627 rows in database
2025-06-12 03:55:47,031 - krx_fetcher - INFO - Fetching STK data for 20230314
2025-06-12 03:55:49,673 - krx_fetcher - INFO - Fetched 943 rows for STK on 20230314
2025-06-12 03:55:49,674 - krx_fetcher - INFO - Fetching KSQ data for 20230314
2025-06-12 03:55:53,469 - krx_fetcher - INFO - Fetched 1627 rows for KSQ on 20230314
2025-06-12 03:55:53,551 - krx_fetcher - INFO - Updated 943 rows in database
2025-06-12 03:55:53,653 - krx_fetcher - INFO - Updated 1627 rows in database
2025-06-12 03:55:58,313 - krx_fetcher - INFO - Fetching STK data for 20230315
2025-06-12 03:56:00,839 - krx_fetcher - INFO - Fetched 943 rows for STK on 20230315
2025-06-12 03:56:00,839 - krx_fetcher - INFO - Fetching KSQ data for 20230315
2025-06-12 03:56:04,732 - krx_fetcher - INFO - Fetched 1628 rows for KSQ on 20230315
2025-06-12 03:56:04,811 - krx_fetcher - INFO - Updated 943 rows in database
2025-06-12 03:56:04,954 - krx_fetcher - INFO - Updated 1628 rows in database
2025-06-12 03:56:08,915 - krx_fetcher - INFO - Fetching STK data for 20230316
2025-06-12 03:56:11,490 - krx_fetcher - INFO - Fetched 943 rows for STK on 20230316
2025-06-12 03:56:11,490 - krx_fetcher - INFO - Fetching KSQ data for 20230316
2025-06-12 03:56:15,283 - krx_fetcher - INFO - Fetched 1628 rows for KSQ on 20230316
2025-06-12 03:56:15,367 - krx_fetcher - INFO - Updated 943 rows in database
2025-06-12 03:56:15,511 - krx_fetcher - INFO - Updated 1628 rows in database
2025-06-12 03:56:18,029 - krx_fetcher - INFO - Fetching STK data for 20230317
2025-06-12 03:56:20,600 - krx_fetcher - INFO - Fetched 943 rows for STK on 20230317
2025-06-12 03:56:20,600 - krx_fetcher - INFO - Fetching KSQ data for 20230317
2025-06-12 03:56:24,361 - krx_fetcher - INFO - Fetched 1629 rows for KSQ on 20230317
2025-06-12 03:56:24,446 - krx_fetcher - INFO - Updated 943 rows in database
2025-06-12 03:56:24,548 - krx_fetcher - INFO - Updated 1629 rows in database
2025-06-12 03:56:27,102 - krx_fetcher - INFO - Fetching STK data for 20230320
2025-06-12 03:56:29,609 - krx_fetcher - INFO - Fetched 943 rows for STK on 20230320
2025-06-12 03:56:29,609 - krx_fetcher - INFO - Fetching KSQ data for 20230320
2025-06-12 03:56:33,509 - krx_fetcher - INFO - Fetched 1629 rows for KSQ on 20230320
2025-06-12 03:56:33,591 - krx_fetcher - INFO - Updated 943 rows in database
2025-06-12 03:56:33,694 - krx_fetcher - INFO - Updated 1629 rows in database
2025-06-12 03:56:36,395 - krx_fetcher - INFO - Fetching STK data for 20230321
2025-06-12 03:56:38,930 - krx_fetcher - INFO - Fetched 943 rows for STK on 20230321
2025-06-12 03:56:38,931 - krx_fetcher - INFO - Fetching KSQ data for 20230321
2025-06-12 03:56:42,822 - krx_fetcher - INFO - Fetched 1629 rows for KSQ on 20230321
2025-06-12 03:56:42,911 - krx_fetcher - INFO - Updated 943 rows in database
2025-06-12 03:56:43,011 - krx_fetcher - INFO - Updated 1629 rows in database
2025-06-12 03:56:46,028 - krx_fetcher - INFO - Fetching STK data for 20230322
2025-06-12 03:56:48,556 - krx_fetcher - INFO - Fetched 943 rows for STK on 20230322
2025-06-12 03:56:48,556 - krx_fetcher - INFO - Fetching KSQ data for 20230322
2025-06-12 03:56:52,454 - krx_fetcher - INFO - Fetched 1629 rows for KSQ on 20230322
2025-06-12 03:56:52,540 - krx_fetcher - INFO - Updated 943 rows in database
2025-06-12 03:56:52,684 - krx_fetcher - INFO - Updated 1629 rows in database
2025-06-12 03:56:56,375 - krx_fetcher - INFO - Fetching STK data for 20230323
2025-06-12 03:56:58,897 - krx_fetcher - INFO - Fetched 943 rows for STK on 20230323
2025-06-12 03:56:58,898 - krx_fetcher - INFO - Fetching KSQ data for 20230323
2025-06-12 03:57:02,794 - krx_fetcher - INFO - Fetched 1629 rows for KSQ on 20230323
2025-06-12 03:57:02,882 - krx_fetcher - INFO - Updated 943 rows in database
2025-06-12 03:57:02,982 - krx_fetcher - INFO - Updated 1629 rows in database
2025-06-12 03:57:07,971 - krx_fetcher - INFO - Fetching STK data for 20230324
2025-06-12 03:57:10,449 - krx_fetcher - INFO - Fetched 943 rows for STK on 20230324
2025-06-12 03:57:10,449 - krx_fetcher - INFO - Fetching KSQ data for 20230324
2025-06-12 03:57:14,466 - krx_fetcher - INFO - Fetched 1629 rows for KSQ on 20230324
2025-06-12 03:57:14,550 - krx_fetcher - INFO - Updated 943 rows in database
2025-06-12 03:57:14,651 - krx_fetcher - INFO - Updated 1629 rows in database
2025-06-12 03:57:19,308 - krx_fetcher - INFO - Fetching STK data for 20230327
2025-06-12 03:57:21,941 - krx_fetcher - INFO - Fetched 944 rows for STK on 20230327
2025-06-12 03:57:21,941 - krx_fetcher - INFO - Fetching KSQ data for 20230327
2025-06-12 03:57:25,730 - krx_fetcher - INFO - Fetched 1629 rows for KSQ on 20230327
2025-06-12 03:57:25,814 - krx_fetcher - INFO - Updated 944 rows in database
2025-06-12 03:57:25,918 - krx_fetcher - INFO - Updated 1629 rows in database
2025-06-12 03:57:29,844 - krx_fetcher - INFO - Fetching STK data for 20230328
2025-06-12 03:57:32,323 - krx_fetcher - INFO - Fetched 944 rows for STK on 20230328
2025-06-12 03:57:32,323 - krx_fetcher - INFO - Fetching KSQ data for 20230328
2025-06-12 03:57:36,234 - krx_fetcher - INFO - Fetched 1629 rows for KSQ on 20230328
2025-06-12 03:57:36,321 - krx_fetcher - INFO - Updated 944 rows in database
2025-06-12 03:57:36,468 - krx_fetcher - INFO - Updated 1629 rows in database
2025-06-12 03:57:38,944 - krx_fetcher - INFO - Fetching STK data for 20230329
2025-06-12 03:57:41,499 - krx_fetcher - INFO - Fetched 944 rows for STK on 20230329
2025-06-12 03:57:41,500 - krx_fetcher - INFO - Fetching KSQ data for 20230329
2025-06-12 03:57:45,394 - krx_fetcher - INFO - Fetched 1630 rows for KSQ on 20230329
2025-06-12 03:57:45,526 - krx_fetcher - INFO - Updated 944 rows in database
2025-06-12 03:57:45,666 - krx_fetcher - INFO - Updated 1630 rows in database
2025-06-12 03:57:48,338 - krx_fetcher - INFO - Fetching STK data for 20230330
2025-06-12 03:57:50,850 - krx_fetcher - INFO - Fetched 944 rows for STK on 20230330
2025-06-12 03:57:50,851 - krx_fetcher - INFO - Fetching KSQ data for 20230330
2025-06-12 03:57:54,664 - krx_fetcher - INFO - Fetched 1630 rows for KSQ on 20230330
2025-06-12 03:57:54,766 - krx_fetcher - INFO - Updated 944 rows in database
2025-06-12 03:57:54,872 - krx_fetcher - INFO - Updated 1630 rows in database
2025-06-12 03:57:57,751 - krx_fetcher - INFO - Fetching STK data for 20230331
2025-06-12 03:58:00,342 - krx_fetcher - INFO - Fetched 946 rows for STK on 20230331
2025-06-12 03:58:00,343 - krx_fetcher - INFO - Fetching KSQ data for 20230331
2025-06-12 03:58:04,226 - krx_fetcher - INFO - Fetched 1630 rows for KSQ on 20230331
2025-06-12 03:58:04,310 - krx_fetcher - INFO - Updated 946 rows in database
2025-06-12 03:58:04,410 - krx_fetcher - INFO - Updated 1630 rows in database
2025-06-12 03:58:07,826 - krx_fetcher - INFO - Fetching STK data for 20230403
2025-06-12 03:58:10,377 - krx_fetcher - INFO - Fetched 946 rows for STK on 20230403
2025-06-12 03:58:10,377 - krx_fetcher - INFO - Fetching KSQ data for 20230403
2025-06-12 03:58:14,154 - krx_fetcher - INFO - Fetched 1630 rows for KSQ on 20230403
2025-06-12 03:58:14,226 - krx_fetcher - INFO - Updated 946 rows in database
2025-06-12 03:58:14,460 - krx_fetcher - INFO - Updated 1630 rows in database
2025-06-12 03:58:18,927 - krx_fetcher - INFO - Fetching STK data for 20230404
2025-06-12 03:58:21,465 - krx_fetcher - INFO - Fetched 946 rows for STK on 20230404
2025-06-12 03:58:21,465 - krx_fetcher - INFO - Fetching KSQ data for 20230404
2025-06-12 03:58:25,365 - krx_fetcher - INFO - Fetched 1630 rows for KSQ on 20230404
2025-06-12 03:58:25,485 - krx_fetcher - INFO - Updated 946 rows in database
2025-06-12 03:58:25,588 - krx_fetcher - INFO - Updated 1630 rows in database
2025-06-12 03:58:29,182 - krx_fetcher - INFO - Fetching STK data for 20230405
2025-06-12 03:58:31,712 - krx_fetcher - INFO - Fetched 946 rows for STK on 20230405
2025-06-12 03:58:31,712 - krx_fetcher - INFO - Fetching KSQ data for 20230405
2025-06-12 03:58:35,572 - krx_fetcher - INFO - Fetched 1630 rows for KSQ on 20230405
2025-06-12 03:58:35,759 - krx_fetcher - INFO - Updated 946 rows in database
2025-06-12 03:58:36,019 - krx_fetcher - INFO - Updated 1630 rows in database
2025-06-12 03:58:38,049 - krx_fetcher - INFO - Fetching STK data for 20230406
2025-06-12 03:58:40,682 - krx_fetcher - INFO - Fetched 946 rows for STK on 20230406
2025-06-12 03:58:40,682 - krx_fetcher - INFO - Fetching KSQ data for 20230406
2025-06-12 03:58:44,482 - krx_fetcher - INFO - Fetched 1632 rows for KSQ on 20230406
2025-06-12 03:58:44,665 - krx_fetcher - INFO - Updated 946 rows in database
2025-06-12 03:58:45,011 - krx_fetcher - INFO - Updated 1632 rows in database
2025-06-12 03:58:47,034 - krx_fetcher - INFO - Fetching STK data for 20230407
2025-06-12 03:58:49,594 - krx_fetcher - INFO - Fetched 946 rows for STK on 20230407
2025-06-12 03:58:49,594 - krx_fetcher - INFO - Fetching KSQ data for 20230407
2025-06-12 03:58:53,492 - krx_fetcher - INFO - Fetched 1633 rows for KSQ on 20230407
2025-06-12 03:58:53,584 - krx_fetcher - INFO - Updated 946 rows in database
2025-06-12 03:58:53,744 - krx_fetcher - INFO - Updated 1633 rows in database
2025-06-12 03:58:58,500 - krx_fetcher - INFO - Fetching STK data for 20230410
2025-06-12 03:59:01,167 - krx_fetcher - INFO - Fetched 948 rows for STK on 20230410
2025-06-12 03:59:01,167 - krx_fetcher - INFO - Fetching KSQ data for 20230410
2025-06-12 03:59:04,959 - krx_fetcher - INFO - Fetched 1633 rows for KSQ on 20230410
2025-06-12 03:59:05,144 - krx_fetcher - INFO - Updated 948 rows in database
2025-06-12 03:59:05,389 - krx_fetcher - INFO - Updated 1633 rows in database
2025-06-12 03:59:09,790 - krx_fetcher - INFO - Fetching STK data for 20230411
2025-06-12 03:59:12,328 - krx_fetcher - INFO - Fetched 948 rows for STK on 20230411
2025-06-12 03:59:12,328 - krx_fetcher - INFO - Fetching KSQ data for 20230411
2025-06-12 03:59:16,223 - krx_fetcher - INFO - Fetched 1633 rows for KSQ on 20230411
2025-06-12 03:59:16,402 - krx_fetcher - INFO - Updated 948 rows in database
2025-06-12 03:59:16,656 - krx_fetcher - INFO - Updated 1633 rows in database
2025-06-12 03:59:20,316 - krx_fetcher - INFO - Fetching STK data for 20230412
2025-06-12 03:59:22,881 - krx_fetcher - INFO - Fetched 948 rows for STK on 20230412
2025-06-12 03:59:22,881 - krx_fetcher - INFO - Fetching KSQ data for 20230412
2025-06-12 03:59:26,772 - krx_fetcher - INFO - Fetched 1633 rows for KSQ on 20230412
2025-06-12 03:59:26,872 - krx_fetcher - INFO - Updated 948 rows in database
2025-06-12 03:59:26,990 - krx_fetcher - INFO - Updated 1633 rows in database
2025-06-12 03:59:31,987 - krx_fetcher - INFO - Fetching STK data for 20230413
2025-06-12 03:59:34,450 - krx_fetcher - INFO - Fetched 948 rows for STK on 20230413
2025-06-12 03:59:34,450 - krx_fetcher - INFO - Fetching KSQ data for 20230413
2025-06-12 03:59:38,444 - krx_fetcher - INFO - Fetched 1633 rows for KSQ on 20230413
2025-06-12 03:59:38,653 - krx_fetcher - INFO - Updated 948 rows in database
2025-06-12 03:59:38,906 - krx_fetcher - INFO - Updated 1633 rows in database
2025-06-12 03:59:43,823 - krx_fetcher - INFO - Fetching STK data for 20230414
2025-06-12 03:59:46,428 - krx_fetcher - INFO - Fetched 948 rows for STK on 20230414
2025-06-12 03:59:46,429 - krx_fetcher - INFO - Fetching KSQ data for 20230414
2025-06-12 03:59:50,221 - krx_fetcher - INFO - Fetched 1632 rows for KSQ on 20230414
2025-06-12 03:59:50,312 - krx_fetcher - INFO - Updated 948 rows in database
2025-06-12 03:59:50,430 - krx_fetcher - INFO - Updated 1632 rows in database
2025-06-12 03:59:54,871 - krx_fetcher - INFO - Fetching STK data for 20230417
2025-06-12 03:59:57,492 - krx_fetcher - INFO - Fetched 948 rows for STK on 20230417
2025-06-12 03:59:57,492 - krx_fetcher - INFO - Fetching KSQ data for 20230417
2025-06-12 04:00:01,382 - krx_fetcher - INFO - Fetched 1632 rows for KSQ on 20230417
2025-06-12 04:00:01,471 - krx_fetcher - INFO - Updated 948 rows in database
2025-06-12 04:00:01,586 - krx_fetcher - INFO - Updated 1632 rows in database
2025-06-12 04:00:05,184 - krx_fetcher - INFO - Fetching STK data for 20230418
2025-06-12 04:00:07,731 - krx_fetcher - INFO - Fetched 948 rows for STK on 20230418
2025-06-12 04:00:07,731 - krx_fetcher - INFO - Fetching KSQ data for 20230418
2025-06-12 04:00:11,621 - krx_fetcher - INFO - Fetched 1632 rows for KSQ on 20230418
2025-06-12 04:00:11,711 - krx_fetcher - INFO - Updated 948 rows in database
2025-06-12 04:00:11,827 - krx_fetcher - INFO - Updated 1632 rows in database
2025-06-12 04:00:16,670 - krx_fetcher - INFO - Fetching STK data for 20230419
2025-06-12 04:00:19,292 - krx_fetcher - INFO - Fetched 949 rows for STK on 20230419
2025-06-12 04:00:19,292 - krx_fetcher - INFO - Fetching KSQ data for 20230419
2025-06-12 04:00:23,091 - krx_fetcher - INFO - Fetched 1631 rows for KSQ on 20230419
2025-06-12 04:00:23,229 - krx_fetcher - INFO - Updated 949 rows in database
2025-06-12 04:00:23,372 - krx_fetcher - INFO - Updated 1631 rows in database
2025-06-12 04:00:27,756 - krx_fetcher - INFO - Fetching STK data for 20230420
2025-06-12 04:00:30,361 - krx_fetcher - INFO - Fetched 949 rows for STK on 20230420
2025-06-12 04:00:30,361 - krx_fetcher - INFO - Fetching KSQ data for 20230420
2025-06-12 04:00:34,253 - krx_fetcher - INFO - Fetched 1631 rows for KSQ on 20230420
2025-06-12 04:00:34,341 - krx_fetcher - INFO - Updated 949 rows in database
2025-06-12 04:00:34,451 - krx_fetcher - INFO - Updated 1631 rows in database
2025-06-12 04:00:37,914 - krx_fetcher - INFO - Fetching STK data for 20230421
2025-06-12 04:00:40,499 - krx_fetcher - INFO - Fetched 949 rows for STK on 20230421
2025-06-12 04:00:40,499 - krx_fetcher - INFO - Fetching KSQ data for 20230421
2025-06-12 04:00:44,380 - krx_fetcher - INFO - Fetched 1631 rows for KSQ on 20230421
2025-06-12 04:00:44,454 - krx_fetcher - INFO - Updated 949 rows in database
2025-06-12 04:00:44,563 - krx_fetcher - INFO - Updated 1631 rows in database
2025-06-12 04:00:49,138 - krx_fetcher - INFO - Fetching STK data for 20230424
2025-06-12 04:00:51,764 - krx_fetcher - INFO - Fetched 949 rows for STK on 20230424
2025-06-12 04:00:51,764 - krx_fetcher - INFO - Fetching KSQ data for 20230424
2025-06-12 04:00:55,556 - krx_fetcher - INFO - Fetched 1631 rows for KSQ on 20230424
2025-06-12 04:00:55,651 - krx_fetcher - INFO - Updated 949 rows in database
2025-06-12 04:00:55,759 - krx_fetcher - INFO - Updated 1631 rows in database
2025-06-12 04:00:59,530 - krx_fetcher - INFO - Fetching STK data for 20230425
2025-06-12 04:01:02,097 - krx_fetcher - INFO - Fetched 948 rows for STK on 20230425
2025-06-12 04:01:02,097 - krx_fetcher - INFO - Fetching KSQ data for 20230425
2025-06-12 04:01:05,998 - krx_fetcher - INFO - Fetched 1631 rows for KSQ on 20230425
2025-06-12 04:01:06,085 - krx_fetcher - INFO - Updated 948 rows in database
2025-06-12 04:01:06,195 - krx_fetcher - INFO - Updated 1631 rows in database
2025-06-12 04:01:08,401 - krx_fetcher - INFO - Fetching STK data for 20230426
2025-06-12 04:01:11,110 - krx_fetcher - INFO - Fetched 948 rows for STK on 20230426
2025-06-12 04:01:11,110 - krx_fetcher - INFO - Fetching KSQ data for 20230426
2025-06-12 04:01:15,318 - krx_fetcher - INFO - Fetched 1632 rows for KSQ on 20230426
2025-06-12 04:01:15,407 - krx_fetcher - INFO - Updated 948 rows in database
2025-06-12 04:01:15,517 - krx_fetcher - INFO - Updated 1632 rows in database
2025-06-12 04:01:18,046 - krx_fetcher - INFO - Fetching STK data for 20230427
2025-06-12 04:01:22,970 - krx_fetcher - INFO - Fetched 948 rows for STK on 20230427
2025-06-12 04:01:22,970 - krx_fetcher - INFO - Fetching KSQ data for 20230427
2025-06-12 04:01:25,865 - krx_fetcher - INFO - Fetched 1633 rows for KSQ on 20230427
2025-06-12 04:01:25,959 - krx_fetcher - INFO - Updated 948 rows in database
2025-06-12 04:01:26,066 - krx_fetcher - INFO - Updated 1633 rows in database
2025-06-12 04:01:30,143 - krx_fetcher - INFO - Fetching STK data for 20230428
2025-06-12 04:01:32,929 - krx_fetcher - INFO - Fetched 948 rows for STK on 20230428
2025-06-12 04:01:32,929 - krx_fetcher - INFO - Fetching KSQ data for 20230428
2025-06-12 04:01:37,436 - krx_fetcher - INFO - Fetched 1633 rows for KSQ on 20230428
2025-06-12 04:01:37,533 - krx_fetcher - INFO - Updated 948 rows in database
2025-06-12 04:01:37,657 - krx_fetcher - INFO - Updated 1633 rows in database
2025-06-12 04:01:41,326 - krx_fetcher - INFO - Fetching STK data for 20230501
2025-06-12 04:01:43,560 - krx_fetcher - INFO - Fetched 948 rows for STK on 20230501
2025-06-12 04:01:43,560 - krx_fetcher - INFO - Fetching KSQ data for 20230501
2025-06-12 04:01:47,587 - krx_fetcher - INFO - Fetched 1633 rows for KSQ on 20230501
2025-06-12 04:01:47,698 - krx_fetcher - INFO - Updated 948 rows in database
2025-06-12 04:01:47,899 - krx_fetcher - INFO - Updated 1633 rows in database
2025-06-12 04:01:52,810 - krx_fetcher - INFO - Fetching STK data for 20230502
2025-06-12 04:01:55,869 - krx_fetcher - INFO - Fetched 948 rows for STK on 20230502
2025-06-12 04:01:55,869 - krx_fetcher - INFO - Fetching KSQ data for 20230502
2025-06-12 04:01:59,224 - krx_fetcher - INFO - Fetched 1633 rows for KSQ on 20230502
2025-06-12 04:01:59,391 - krx_fetcher - INFO - Updated 948 rows in database
2025-06-12 04:01:59,676 - krx_fetcher - INFO - Updated 1633 rows in database
2025-06-12 04:02:04,364 - krx_fetcher - INFO - Fetching STK data for 20230503
2025-06-12 04:02:08,026 - krx_fetcher - INFO - Fetched 948 rows for STK on 20230503
2025-06-12 04:02:08,027 - krx_fetcher - INFO - Fetching KSQ data for 20230503
2025-06-12 04:02:10,923 - krx_fetcher - INFO - Fetched 1633 rows for KSQ on 20230503
2025-06-12 04:02:11,074 - krx_fetcher - INFO - Updated 948 rows in database
2025-06-12 04:02:11,293 - krx_fetcher - INFO - Updated 1633 rows in database
2025-06-12 04:02:15,588 - krx_fetcher - INFO - Fetching STK data for 20230504
2025-06-12 04:02:19,107 - krx_fetcher - INFO - Fetched 948 rows for STK on 20230504
2025-06-12 04:02:19,108 - krx_fetcher - INFO - Fetching KSQ data for 20230504
2025-06-12 04:02:21,929 - krx_fetcher - INFO - Fetched 1634 rows for KSQ on 20230504
2025-06-12 04:02:22,121 - krx_fetcher - INFO - Updated 948 rows in database
2025-06-12 04:02:22,408 - krx_fetcher - INFO - Updated 1634 rows in database
2025-06-12 04:02:25,819 - krx_fetcher - INFO - Fetching STK data for 20230505
2025-06-12 04:02:28,018 - krx_fetcher - INFO - Fetched 948 rows for STK on 20230505
2025-06-12 04:02:28,018 - krx_fetcher - INFO - Fetching KSQ data for 20230505
2025-06-12 04:02:32,007 - krx_fetcher - INFO - Fetched 1634 rows for KSQ on 20230505
2025-06-12 04:02:32,097 - krx_fetcher - INFO - Updated 948 rows in database
2025-06-12 04:02:32,225 - krx_fetcher - INFO - Updated 1634 rows in database
2025-06-12 04:02:36,461 - krx_fetcher - INFO - Fetching STK data for 20230508
2025-06-12 04:02:39,000 - krx_fetcher - INFO - Fetched 948 rows for STK on 20230508
2025-06-12 04:02:39,000 - krx_fetcher - INFO - Fetching KSQ data for 20230508
2025-06-12 04:02:42,973 - krx_fetcher - INFO - Fetched 1633 rows for KSQ on 20230508
2025-06-12 04:02:43,071 - krx_fetcher - INFO - Updated 948 rows in database
2025-06-12 04:02:43,193 - krx_fetcher - INFO - Updated 1633 rows in database
2025-06-12 04:02:46,404 - krx_fetcher - INFO - Fetching STK data for 20230509
2025-06-12 04:02:49,219 - krx_fetcher - INFO - Fetched 948 rows for STK on 20230509
2025-06-12 04:02:49,219 - krx_fetcher - INFO - Fetching KSQ data for 20230509
2025-06-12 04:02:52,807 - krx_fetcher - INFO - Fetched 1633 rows for KSQ on 20230509
2025-06-12 04:02:52,906 - krx_fetcher - INFO - Updated 948 rows in database
2025-06-12 04:02:53,064 - krx_fetcher - INFO - Updated 1633 rows in database
2025-06-12 04:02:57,132 - krx_fetcher - INFO - Fetching STK data for 20230510
2025-06-12 04:02:59,663 - krx_fetcher - INFO - Fetched 948 rows for STK on 20230510
2025-06-12 04:02:59,663 - krx_fetcher - INFO - Fetching KSQ data for 20230510
2025-06-12 04:03:05,374 - krx_fetcher - INFO - Fetched 1633 rows for KSQ on 20230510
2025-06-12 04:03:05,466 - krx_fetcher - INFO - Updated 948 rows in database
2025-06-12 04:03:05,581 - krx_fetcher - INFO - Updated 1633 rows in database
2025-06-12 04:03:10,168 - krx_fetcher - INFO - Fetching STK data for 20230511
2025-06-12 04:03:13,179 - krx_fetcher - INFO - Fetched 948 rows for STK on 20230511
2025-06-12 04:03:13,179 - krx_fetcher - INFO - Fetching KSQ data for 20230511
2025-06-12 04:03:18,514 - krx_fetcher - INFO - Fetched 1633 rows for KSQ on 20230511
2025-06-12 04:03:18,605 - krx_fetcher - INFO - Updated 948 rows in database
2025-06-12 04:03:18,767 - krx_fetcher - INFO - Updated 1633 rows in database
2025-06-12 04:03:21,541 - krx_fetcher - INFO - Fetching STK data for 20230512
2025-06-12 04:03:24,092 - krx_fetcher - INFO - Fetched 948 rows for STK on 20230512
2025-06-12 04:03:24,092 - krx_fetcher - INFO - Fetching KSQ data for 20230512
2025-06-12 04:03:28,340 - krx_fetcher - INFO - Fetched 1633 rows for KSQ on 20230512
2025-06-12 04:03:28,426 - krx_fetcher - INFO - Updated 948 rows in database
2025-06-12 04:03:28,542 - krx_fetcher - INFO - Updated 1633 rows in database
2025-06-12 04:03:32,090 - krx_fetcher - INFO - Fetching STK data for 20230515
2025-06-12 04:03:35,398 - krx_fetcher - INFO - Fetched 948 rows for STK on 20230515
2025-06-12 04:03:35,398 - krx_fetcher - INFO - Fetching KSQ data for 20230515
2025-06-12 04:03:39,693 - krx_fetcher - INFO - Fetched 1633 rows for KSQ on 20230515
2025-06-12 04:03:39,779 - krx_fetcher - INFO - Updated 948 rows in database
2025-06-12 04:03:39,896 - krx_fetcher - INFO - Updated 1633 rows in database
2025-06-12 04:03:42,799 - krx_fetcher - INFO - Fetching STK data for 20230516
2025-06-12 04:03:45,741 - krx_fetcher - INFO - Fetched 948 rows for STK on 20230516
2025-06-12 04:03:45,741 - krx_fetcher - INFO - Fetching KSQ data for 20230516
2025-06-12 04:03:49,741 - krx_fetcher - INFO - Fetched 1633 rows for KSQ on 20230516
2025-06-12 04:03:49,826 - krx_fetcher - INFO - Updated 948 rows in database
2025-06-12 04:03:49,942 - krx_fetcher - INFO - Updated 1633 rows in database
2025-06-12 04:03:53,894 - krx_fetcher - INFO - Fetching STK data for 20230517
2025-06-12 04:03:57,588 - krx_fetcher - INFO - Fetched 948 rows for STK on 20230517
2025-06-12 04:03:57,588 - krx_fetcher - INFO - Fetching KSQ data for 20230517
2025-06-12 04:04:01,698 - krx_fetcher - INFO - Fetched 1634 rows for KSQ on 20230517
2025-06-12 04:04:01,795 - krx_fetcher - INFO - Updated 948 rows in database
2025-06-12 04:04:01,905 - krx_fetcher - INFO - Updated 1634 rows in database
2025-06-12 04:04:05,816 - krx_fetcher - INFO - Fetching STK data for 20230518
2025-06-12 04:04:08,374 - krx_fetcher - INFO - Fetched 948 rows for STK on 20230518
2025-06-12 04:04:08,374 - krx_fetcher - INFO - Fetching KSQ data for 20230518
2025-06-12 04:04:13,984 - krx_fetcher - INFO - Fetched 1634 rows for KSQ on 20230518
2025-06-12 04:04:14,073 - krx_fetcher - INFO - Updated 948 rows in database
2025-06-12 04:04:14,238 - krx_fetcher - INFO - Updated 1634 rows in database
2025-06-12 04:04:18,483 - krx_fetcher - INFO - Fetching STK data for 20230519
2025-06-12 04:04:21,893 - krx_fetcher - INFO - Fetched 948 rows for STK on 20230519
2025-06-12 04:04:21,893 - krx_fetcher - INFO - Fetching KSQ data for 20230519
2025-06-12 04:04:24,820 - krx_fetcher - INFO - Fetched 1636 rows for KSQ on 20230519
2025-06-12 04:04:24,918 - krx_fetcher - INFO - Updated 948 rows in database
2025-06-12 04:04:25,068 - krx_fetcher - INFO - Updated 1636 rows in database
2025-06-12 04:04:28,139 - krx_fetcher - INFO - Fetching STK data for 20230522
2025-06-12 04:04:31,407 - krx_fetcher - INFO - Fetched 948 rows for STK on 20230522
2025-06-12 04:04:31,407 - krx_fetcher - INFO - Fetching KSQ data for 20230522
2025-06-12 04:04:34,591 - krx_fetcher - INFO - Fetched 1636 rows for KSQ on 20230522
2025-06-12 04:04:34,678 - krx_fetcher - INFO - Updated 948 rows in database
2025-06-12 04:04:34,789 - krx_fetcher - INFO - Updated 1636 rows in database
2025-06-12 04:04:38,580 - krx_fetcher - INFO - Fetching STK data for 20230523
2025-06-12 04:04:41,072 - krx_fetcher - INFO - Fetched 948 rows for STK on 20230523
2025-06-12 04:04:41,073 - krx_fetcher - INFO - Fetching KSQ data for 20230523
2025-06-12 04:04:46,751 - krx_fetcher - INFO - Fetched 1636 rows for KSQ on 20230523
2025-06-12 04:04:46,972 - krx_fetcher - INFO - Updated 948 rows in database
2025-06-12 04:04:47,239 - krx_fetcher - INFO - Updated 1636 rows in database
2025-06-12 04:04:51,485 - krx_fetcher - INFO - Fetching STK data for 20230524
2025-06-12 04:04:53,997 - krx_fetcher - INFO - Fetched 948 rows for STK on 20230524
2025-06-12 04:04:53,997 - krx_fetcher - INFO - Fetching KSQ data for 20230524
2025-06-12 04:04:57,894 - krx_fetcher - INFO - Fetched 1637 rows for KSQ on 20230524
2025-06-12 04:04:58,025 - krx_fetcher - INFO - Updated 948 rows in database
2025-06-12 04:04:58,229 - krx_fetcher - INFO - Updated 1637 rows in database
2025-06-12 04:05:01,464 - krx_fetcher - INFO - Fetching STK data for 20230525
2025-06-12 04:05:05,175 - krx_fetcher - INFO - Fetched 948 rows for STK on 20230525
2025-06-12 04:05:05,175 - krx_fetcher - INFO - Fetching KSQ data for 20230525
2025-06-12 04:05:08,487 - krx_fetcher - INFO - Fetched 1637 rows for KSQ on 20230525
2025-06-12 04:05:08,582 - krx_fetcher - INFO - Updated 948 rows in database
2025-06-12 04:05:08,770 - krx_fetcher - INFO - Updated 1637 rows in database
2025-06-12 04:05:13,548 - krx_fetcher - INFO - Fetching STK data for 20230526
2025-06-12 04:05:18,495 - krx_fetcher - INFO - Fetched 948 rows for STK on 20230526
2025-06-12 04:05:18,495 - krx_fetcher - INFO - Fetching KSQ data for 20230526
2025-06-12 04:05:22,100 - krx_fetcher - INFO - Fetched 1637 rows for KSQ on 20230526
2025-06-12 04:05:22,184 - krx_fetcher - INFO - Updated 948 rows in database
2025-06-12 04:05:22,303 - krx_fetcher - INFO - Updated 1637 rows in database
2025-06-12 04:05:25,613 - krx_fetcher - INFO - Fetching STK data for 20230529
2025-06-12 04:05:27,813 - krx_fetcher - INFO - Fetched 948 rows for STK on 20230529
2025-06-12 04:05:27,813 - krx_fetcher - INFO - Fetching KSQ data for 20230529
2025-06-12 04:05:31,839 - krx_fetcher - INFO - Fetched 1637 rows for KSQ on 20230529
2025-06-12 04:05:31,937 - krx_fetcher - INFO - Updated 948 rows in database
2025-06-12 04:05:32,052 - krx_fetcher - INFO - Updated 1637 rows in database
2025-06-12 04:05:36,110 - krx_fetcher - INFO - Fetching STK data for 20230530
2025-06-12 04:05:39,407 - krx_fetcher - INFO - Fetched 949 rows for STK on 20230530
2025-06-12 04:05:39,407 - krx_fetcher - INFO - Fetching KSQ data for 20230530
2025-06-12 04:05:44,088 - krx_fetcher - INFO - Fetched 1637 rows for KSQ on 20230530
2025-06-12 04:05:44,171 - krx_fetcher - INFO - Updated 949 rows in database
2025-06-12 04:05:44,325 - krx_fetcher - INFO - Updated 1637 rows in database
2025-06-12 04:05:48,656 - krx_fetcher - INFO - Fetching STK data for 20230531
2025-06-12 04:05:52,616 - krx_fetcher - INFO - Fetched 950 rows for STK on 20230531
2025-06-12 04:05:52,616 - krx_fetcher - INFO - Fetching KSQ data for 20230531
2025-06-12 04:05:56,213 - krx_fetcher - INFO - Fetched 1637 rows for KSQ on 20230531
2025-06-12 04:05:56,310 - krx_fetcher - INFO - Updated 950 rows in database
2025-06-12 04:05:56,481 - krx_fetcher - INFO - Updated 1637 rows in database
2025-06-12 04:06:00,970 - krx_fetcher - INFO - Fetching STK data for 20230601
2025-06-12 04:06:04,577 - krx_fetcher - INFO - Fetched 950 rows for STK on 20230601
2025-06-12 04:06:04,577 - krx_fetcher - INFO - Fetching KSQ data for 20230601
2025-06-12 04:06:08,287 - krx_fetcher - INFO - Fetched 1638 rows for KSQ on 20230601
2025-06-12 04:06:08,398 - krx_fetcher - INFO - Updated 950 rows in database
2025-06-12 04:06:08,544 - krx_fetcher - INFO - Updated 1638 rows in database
2025-06-12 04:06:13,102 - krx_fetcher - INFO - Fetching STK data for 20230602
2025-06-12 04:06:15,660 - krx_fetcher - INFO - Fetched 950 rows for STK on 20230602
2025-06-12 04:06:15,661 - krx_fetcher - INFO - Fetching KSQ data for 20230602
2025-06-12 04:06:20,265 - krx_fetcher - INFO - Fetched 1639 rows for KSQ on 20230602
2025-06-12 04:06:20,379 - krx_fetcher - INFO - Updated 950 rows in database
2025-06-12 04:06:20,586 - krx_fetcher - INFO - Updated 1639 rows in database
2025-06-12 04:06:25,179 - krx_fetcher - INFO - Fetching STK data for 20230605
2025-06-12 04:06:27,951 - krx_fetcher - INFO - Fetched 950 rows for STK on 20230605
2025-06-12 04:06:27,952 - krx_fetcher - INFO - Fetching KSQ data for 20230605
2025-06-12 04:06:31,640 - krx_fetcher - INFO - Fetched 1639 rows for KSQ on 20230605
2025-06-12 04:06:31,779 - krx_fetcher - INFO - Updated 950 rows in database
2025-06-12 04:06:32,028 - krx_fetcher - INFO - Updated 1639 rows in database
2025-06-12 04:06:36,064 - krx_fetcher - INFO - Fetching STK data for 20230606
2025-06-12 04:06:38,291 - krx_fetcher - INFO - Fetched 950 rows for STK on 20230606
2025-06-12 04:06:38,291 - krx_fetcher - INFO - Fetching KSQ data for 20230606
2025-06-12 04:06:42,295 - krx_fetcher - INFO - Fetched 1639 rows for KSQ on 20230606
2025-06-12 04:06:42,426 - krx_fetcher - INFO - Updated 950 rows in database
2025-06-12 04:06:42,706 - krx_fetcher - INFO - Updated 1639 rows in database
2025-06-12 04:06:45,418 - krx_fetcher - INFO - Fetching STK data for 20230607
2025-06-12 04:06:48,119 - krx_fetcher - INFO - Fetched 950 rows for STK on 20230607
2025-06-12 04:06:48,119 - krx_fetcher - INFO - Fetching KSQ data for 20230607
2025-06-12 04:06:51,807 - krx_fetcher - INFO - Fetched 1639 rows for KSQ on 20230607
2025-06-12 04:06:51,987 - krx_fetcher - INFO - Updated 950 rows in database
2025-06-12 04:06:52,262 - krx_fetcher - INFO - Updated 1639 rows in database
2025-06-12 04:06:55,530 - krx_fetcher - INFO - Fetching STK data for 20230608
2025-06-12 04:06:58,070 - krx_fetcher - INFO - Fetched 950 rows for STK on 20230608
2025-06-12 04:06:58,071 - krx_fetcher - INFO - Fetching KSQ data for 20230608
2025-06-12 04:07:01,950 - krx_fetcher - INFO - Fetched 1640 rows for KSQ on 20230608
2025-06-12 04:07:02,071 - krx_fetcher - INFO - Updated 950 rows in database
2025-06-12 04:07:02,278 - krx_fetcher - INFO - Updated 1640 rows in database
2025-06-12 04:07:06,562 - krx_fetcher - INFO - Fetching STK data for 20230609
2025-06-12 04:07:09,107 - krx_fetcher - INFO - Fetched 950 rows for STK on 20230609
2025-06-12 04:07:09,107 - krx_fetcher - INFO - Fetching KSQ data for 20230609
2025-06-12 04:07:13,008 - krx_fetcher - INFO - Fetched 1640 rows for KSQ on 20230609
2025-06-12 04:07:13,115 - krx_fetcher - INFO - Updated 950 rows in database
2025-06-12 04:07:13,326 - krx_fetcher - INFO - Updated 1640 rows in database
2025-06-12 04:07:16,659 - krx_fetcher - INFO - Fetching STK data for 20230612
2025-06-12 04:07:19,154 - krx_fetcher - INFO - Fetched 950 rows for STK on 20230612
2025-06-12 04:07:19,154 - krx_fetcher - INFO - Fetching KSQ data for 20230612
2025-06-12 04:07:23,145 - krx_fetcher - INFO - Fetched 1640 rows for KSQ on 20230612
2025-06-12 04:07:23,297 - krx_fetcher - INFO - Updated 950 rows in database
2025-06-12 04:07:23,506 - krx_fetcher - INFO - Updated 1640 rows in database
2025-06-12 04:07:28,018 - krx_fetcher - INFO - Fetching STK data for 20230613
2025-06-12 04:07:30,519 - krx_fetcher - INFO - Fetched 950 rows for STK on 20230613
2025-06-12 04:07:30,519 - krx_fetcher - INFO - Fetching KSQ data for 20230613
2025-06-12 04:07:34,411 - krx_fetcher - INFO - Fetched 1640 rows for KSQ on 20230613
2025-06-12 04:07:34,516 - krx_fetcher - INFO - Updated 950 rows in database
2025-06-12 04:07:34,728 - krx_fetcher - INFO - Updated 1640 rows in database
2025-06-12 04:07:38,463 - krx_fetcher - INFO - Fetching STK data for 20230614
2025-06-12 04:07:41,069 - krx_fetcher - INFO - Fetched 950 rows for STK on 20230614
2025-06-12 04:07:41,069 - krx_fetcher - INFO - Fetching KSQ data for 20230614
2025-06-12 04:07:44,855 - krx_fetcher - INFO - Fetched 1640 rows for KSQ on 20230614
2025-06-12 04:07:44,986 - krx_fetcher - INFO - Updated 950 rows in database
2025-06-12 04:07:45,231 - krx_fetcher - INFO - Updated 1640 rows in database
2025-06-12 04:07:47,468 - krx_fetcher - INFO - Fetching STK data for 20230615
2025-06-12 04:07:50,075 - krx_fetcher - INFO - Fetched 950 rows for STK on 20230615
2025-06-12 04:07:50,075 - krx_fetcher - INFO - Fetching KSQ data for 20230615
2025-06-12 04:07:53,888 - krx_fetcher - INFO - Fetched 1641 rows for KSQ on 20230615
2025-06-12 04:07:54,048 - krx_fetcher - INFO - Updated 950 rows in database
2025-06-12 04:07:54,220 - krx_fetcher - INFO - Updated 1641 rows in database
2025-06-12 04:07:56,448 - krx_fetcher - INFO - Fetching STK data for 20230616
2025-06-12 04:07:58,986 - krx_fetcher - INFO - Fetched 952 rows for STK on 20230616
2025-06-12 04:07:58,986 - krx_fetcher - INFO - Fetching KSQ data for 20230616
2025-06-12 04:08:02,879 - krx_fetcher - INFO - Fetched 1642 rows for KSQ on 20230616
2025-06-12 04:08:03,004 - krx_fetcher - INFO - Updated 952 rows in database
2025-06-12 04:08:03,150 - krx_fetcher - INFO - Updated 1642 rows in database
2025-06-12 04:08:05,305 - krx_fetcher - INFO - Fetching STK data for 20230619
2025-06-12 04:08:07,893 - krx_fetcher - INFO - Fetched 952 rows for STK on 20230619
2025-06-12 04:08:07,893 - krx_fetcher - INFO - Fetching KSQ data for 20230619
2025-06-12 04:08:11,684 - krx_fetcher - INFO - Fetched 1642 rows for KSQ on 20230619
2025-06-12 04:08:11,808 - krx_fetcher - INFO - Updated 952 rows in database
2025-06-12 04:08:11,956 - krx_fetcher - INFO - Updated 1642 rows in database
2025-06-12 04:08:16,919 - krx_fetcher - INFO - Fetching STK data for 20230620
2025-06-12 04:08:19,464 - krx_fetcher - INFO - Fetched 953 rows for STK on 20230620
2025-06-12 04:08:19,464 - krx_fetcher - INFO - Fetching KSQ data for 20230620
2025-06-12 04:08:23,259 - krx_fetcher - INFO - Fetched 1641 rows for KSQ on 20230620
2025-06-12 04:08:23,381 - krx_fetcher - INFO - Updated 953 rows in database
2025-06-12 04:08:23,528 - krx_fetcher - INFO - Updated 1641 rows in database
2025-06-12 04:08:28,064 - krx_fetcher - INFO - Fetching STK data for 20230621
2025-06-12 04:08:30,622 - krx_fetcher - INFO - Fetched 953 rows for STK on 20230621
2025-06-12 04:08:30,622 - krx_fetcher - INFO - Fetching KSQ data for 20230621
2025-06-12 04:08:34,382 - krx_fetcher - INFO - Fetched 1641 rows for KSQ on 20230621
2025-06-12 04:08:34,489 - krx_fetcher - INFO - Updated 953 rows in database
2025-06-12 04:08:34,654 - krx_fetcher - INFO - Updated 1641 rows in database
2025-06-12 04:08:38,309 - krx_fetcher - INFO - Fetching STK data for 20230622
2025-06-12 04:08:40,793 - krx_fetcher - INFO - Fetched 953 rows for STK on 20230622
2025-06-12 04:08:40,793 - krx_fetcher - INFO - Fetching KSQ data for 20230622
2025-06-12 04:08:44,765 - krx_fetcher - INFO - Fetched 1642 rows for KSQ on 20230622
2025-06-12 04:08:44,935 - krx_fetcher - INFO - Updated 953 rows in database
2025-06-12 04:08:45,271 - krx_fetcher - INFO - Updated 1642 rows in database
2025-06-12 04:08:47,550 - krx_fetcher - INFO - Fetching STK data for 20230623
2025-06-12 04:08:50,086 - krx_fetcher - INFO - Fetched 953 rows for STK on 20230623
2025-06-12 04:08:50,086 - krx_fetcher - INFO - Fetching KSQ data for 20230623
2025-06-12 04:08:53,976 - krx_fetcher - INFO - Fetched 1644 rows for KSQ on 20230623
2025-06-12 04:08:54,156 - krx_fetcher - INFO - Updated 953 rows in database
2025-06-12 04:08:54,429 - krx_fetcher - INFO - Updated 1644 rows in database
2025-06-12 04:08:56,864 - krx_fetcher - INFO - Fetching STK data for 20230626
2025-06-12 04:08:59,433 - krx_fetcher - INFO - Fetched 953 rows for STK on 20230626
2025-06-12 04:08:59,433 - krx_fetcher - INFO - Fetching KSQ data for 20230626
2025-06-12 04:09:03,295 - krx_fetcher - INFO - Fetched 1644 rows for KSQ on 20230626
2025-06-12 04:09:03,429 - krx_fetcher - INFO - Updated 953 rows in database
2025-06-12 04:09:03,558 - krx_fetcher - INFO - Updated 1644 rows in database
2025-06-12 04:09:06,123 - krx_fetcher - INFO - Fetching STK data for 20230627
2025-06-12 04:09:08,719 - krx_fetcher - INFO - Fetched 953 rows for STK on 20230627
2025-06-12 04:09:08,719 - krx_fetcher - INFO - Fetching KSQ data for 20230627
2025-06-12 04:09:12,509 - krx_fetcher - INFO - Fetched 1644 rows for KSQ on 20230627
2025-06-12 04:09:12,696 - krx_fetcher - INFO - Updated 953 rows in database
2025-06-12 04:09:13,004 - krx_fetcher - INFO - Updated 1644 rows in database
2025-06-12 04:09:16,014 - krx_fetcher - INFO - Fetching STK data for 20230628
2025-06-12 04:09:18,551 - krx_fetcher - INFO - Fetched 953 rows for STK on 20230628
2025-06-12 04:09:18,551 - krx_fetcher - INFO - Fetching KSQ data for 20230628
2025-06-12 04:09:22,444 - krx_fetcher - INFO - Fetched 1645 rows for KSQ on 20230628
2025-06-12 04:09:22,546 - krx_fetcher - INFO - Updated 953 rows in database
2025-06-12 04:09:22,685 - krx_fetcher - INFO - Updated 1645 rows in database
2025-06-12 04:09:26,375 - krx_fetcher - INFO - Fetching STK data for 20230629
2025-06-12 04:09:28,995 - krx_fetcher - INFO - Fetched 953 rows for STK on 20230629
2025-06-12 04:09:28,995 - krx_fetcher - INFO - Fetching KSQ data for 20230629
2025-06-12 04:09:32,703 - krx_fetcher - INFO - Fetched 1646 rows for KSQ on 20230629
2025-06-12 04:09:32,832 - krx_fetcher - INFO - Updated 953 rows in database
2025-06-12 04:09:33,001 - krx_fetcher - INFO - Updated 1646 rows in database
2025-06-12 04:09:35,008 - krx_fetcher - INFO - Fetching STK data for 20230630
2025-06-12 04:09:37,588 - krx_fetcher - INFO - Fetched 953 rows for STK on 20230630
2025-06-12 04:09:37,588 - krx_fetcher - INFO - Fetching KSQ data for 20230630
2025-06-12 04:09:41,392 - krx_fetcher - INFO - Fetched 1648 rows for KSQ on 20230630
2025-06-12 04:09:41,494 - krx_fetcher - INFO - Updated 953 rows in database
2025-06-12 04:09:41,641 - krx_fetcher - INFO - Updated 1648 rows in database
2025-06-12 04:09:46,289 - krx_fetcher - INFO - Fetching STK data for 20230703
2025-06-12 04:09:48,799 - krx_fetcher - INFO - Fetched 953 rows for STK on 20230703
2025-06-12 04:09:48,800 - krx_fetcher - INFO - Fetching KSQ data for 20230703
2025-06-12 04:09:52,590 - krx_fetcher - INFO - Fetched 1648 rows for KSQ on 20230703
2025-06-12 04:09:52,674 - krx_fetcher - INFO - Updated 953 rows in database
2025-06-12 04:09:52,799 - krx_fetcher - INFO - Updated 1648 rows in database
2025-06-12 04:09:56,599 - krx_fetcher - INFO - Fetching STK data for 20230704
2025-06-12 04:09:59,136 - krx_fetcher - INFO - Fetched 953 rows for STK on 20230704
2025-06-12 04:09:59,136 - krx_fetcher - INFO - Fetching KSQ data for 20230704
2025-06-12 04:10:03,045 - krx_fetcher - INFO - Fetched 1648 rows for KSQ on 20230704
2025-06-12 04:10:03,287 - krx_fetcher - INFO - Updated 953 rows in database
2025-06-12 04:10:03,572 - krx_fetcher - INFO - Updated 1648 rows in database
2025-06-12 04:10:06,152 - krx_fetcher - INFO - Fetching STK data for 20230705
2025-06-12 04:10:08,726 - krx_fetcher - INFO - Fetched 953 rows for STK on 20230705
2025-06-12 04:10:08,726 - krx_fetcher - INFO - Fetching KSQ data for 20230705
2025-06-12 04:10:12,517 - krx_fetcher - INFO - Fetched 1648 rows for KSQ on 20230705
2025-06-12 04:10:12,617 - krx_fetcher - INFO - Updated 953 rows in database
2025-06-12 04:10:12,745 - krx_fetcher - INFO - Updated 1648 rows in database
2025-06-12 04:10:15,496 - krx_fetcher - INFO - Fetching STK data for 20230706
2025-06-12 04:10:18,047 - krx_fetcher - INFO - Fetched 953 rows for STK on 20230706
2025-06-12 04:10:18,047 - krx_fetcher - INFO - Fetching KSQ data for 20230706
2025-06-12 04:10:21,939 - krx_fetcher - INFO - Fetched 1650 rows for KSQ on 20230706
2025-06-12 04:10:22,040 - krx_fetcher - INFO - Updated 953 rows in database
2025-06-12 04:10:22,173 - krx_fetcher - INFO - Updated 1650 rows in database
2025-06-12 04:10:25,349 - krx_fetcher - INFO - Fetching STK data for 20230707
2025-06-12 04:10:27,981 - krx_fetcher - INFO - Fetched 953 rows for STK on 20230707
2025-06-12 04:10:27,981 - krx_fetcher - INFO - Fetching KSQ data for 20230707
2025-06-12 04:10:31,704 - krx_fetcher - INFO - Fetched 1650 rows for KSQ on 20230707
2025-06-12 04:10:31,830 - krx_fetcher - INFO - Updated 953 rows in database
2025-06-12 04:10:32,034 - krx_fetcher - INFO - Updated 1650 rows in database
2025-06-12 04:10:36,075 - krx_fetcher - INFO - Fetching STK data for 20230710
2025-06-12 04:10:38,628 - krx_fetcher - INFO - Fetched 953 rows for STK on 20230710
2025-06-12 04:10:38,628 - krx_fetcher - INFO - Fetching KSQ data for 20230710
2025-06-12 04:10:42,521 - krx_fetcher - INFO - Fetched 1650 rows for KSQ on 20230710
2025-06-12 04:10:42,711 - krx_fetcher - INFO - Updated 953 rows in database
2025-06-12 04:10:42,995 - krx_fetcher - INFO - Updated 1650 rows in database
2025-06-12 04:10:45,997 - krx_fetcher - INFO - Fetching STK data for 20230711
2025-06-12 04:10:48,562 - krx_fetcher - INFO - Fetched 953 rows for STK on 20230711
2025-06-12 04:10:48,562 - krx_fetcher - INFO - Fetching KSQ data for 20230711
2025-06-12 04:10:52,447 - krx_fetcher - INFO - Fetched 1650 rows for KSQ on 20230711
2025-06-12 04:10:52,593 - krx_fetcher - INFO - Updated 953 rows in database
2025-06-12 04:10:52,832 - krx_fetcher - INFO - Updated 1650 rows in database
2025-06-12 04:10:56,671 - krx_fetcher - INFO - Fetching STK data for 20230712
2025-06-12 04:10:59,212 - krx_fetcher - INFO - Fetched 953 rows for STK on 20230712
2025-06-12 04:10:59,213 - krx_fetcher - INFO - Fetching KSQ data for 20230712
2025-06-12 04:11:03,097 - krx_fetcher - INFO - Fetched 1651 rows for KSQ on 20230712
2025-06-12 04:11:03,196 - krx_fetcher - INFO - Updated 953 rows in database
2025-06-12 04:11:03,377 - krx_fetcher - INFO - Updated 1651 rows in database
2025-06-12 04:11:05,761 - krx_fetcher - INFO - Fetching STK data for 20230713
2025-06-12 04:11:08,325 - krx_fetcher - INFO - Fetched 953 rows for STK on 20230713
2025-06-12 04:11:08,325 - krx_fetcher - INFO - Fetching KSQ data for 20230713
2025-06-12 04:11:12,215 - krx_fetcher - INFO - Fetched 1651 rows for KSQ on 20230713
2025-06-12 04:11:12,336 - krx_fetcher - INFO - Updated 953 rows in database
2025-06-12 04:11:12,491 - krx_fetcher - INFO - Updated 1651 rows in database
2025-06-12 04:11:14,990 - krx_fetcher - INFO - Fetching STK data for 20230714
2025-06-12 04:11:17,639 - krx_fetcher - INFO - Fetched 953 rows for STK on 20230714
2025-06-12 04:11:17,639 - krx_fetcher - INFO - Fetching KSQ data for 20230714
2025-06-12 04:11:21,435 - krx_fetcher - INFO - Fetched 1652 rows for KSQ on 20230714
2025-06-12 04:11:21,536 - krx_fetcher - INFO - Updated 953 rows in database
2025-06-12 04:11:21,661 - krx_fetcher - INFO - Updated 1652 rows in database
2025-06-12 04:11:24,329 - krx_fetcher - INFO - Fetching STK data for 20230717
2025-06-12 04:11:26,966 - krx_fetcher - INFO - Fetched 948 rows for STK on 20230717
2025-06-12 04:11:26,967 - krx_fetcher - INFO - Fetching KSQ data for 20230717
2025-06-12 04:11:30,755 - krx_fetcher - INFO - Fetched 1650 rows for KSQ on 20230717
2025-06-12 04:11:30,951 - krx_fetcher - INFO - Updated 948 rows in database
2025-06-12 04:11:31,255 - krx_fetcher - INFO - Updated 1650 rows in database
2025-06-12 04:11:34,516 - krx_fetcher - INFO - Fetching STK data for 20230718
2025-06-12 04:11:37,041 - krx_fetcher - INFO - Fetched 948 rows for STK on 20230718
2025-06-12 04:11:37,041 - krx_fetcher - INFO - Fetching KSQ data for 20230718
2025-06-12 04:11:40,992 - krx_fetcher - INFO - Fetched 1650 rows for KSQ on 20230718
2025-06-12 04:11:41,100 - krx_fetcher - INFO - Updated 948 rows in database
2025-06-12 04:11:41,235 - krx_fetcher - INFO - Updated 1650 rows in database
2025-06-12 04:11:45,484 - krx_fetcher - INFO - Fetching STK data for 20230719
2025-06-12 04:11:48,157 - krx_fetcher - INFO - Fetched 948 rows for STK on 20230719
2025-06-12 04:11:48,157 - krx_fetcher - INFO - Fetching KSQ data for 20230719
2025-06-12 04:11:51,950 - krx_fetcher - INFO - Fetched 1651 rows for KSQ on 20230719
2025-06-12 04:11:52,042 - krx_fetcher - INFO - Updated 948 rows in database
2025-06-12 04:11:52,217 - krx_fetcher - INFO - Updated 1651 rows in database
2025-06-12 04:11:55,445 - krx_fetcher - INFO - Fetching STK data for 20230720
2025-06-12 04:11:57,937 - krx_fetcher - INFO - Fetched 948 rows for STK on 20230720
2025-06-12 04:11:57,938 - krx_fetcher - INFO - Fetching KSQ data for 20230720
2025-06-12 04:12:01,992 - krx_fetcher - INFO - Fetched 1652 rows for KSQ on 20230720
2025-06-12 04:12:02,084 - krx_fetcher - INFO - Updated 948 rows in database
2025-06-12 04:12:02,206 - krx_fetcher - INFO - Updated 1652 rows in database
2025-06-12 04:12:06,424 - krx_fetcher - INFO - Fetching STK data for 20230721
2025-06-12 04:12:09,046 - krx_fetcher - INFO - Fetched 948 rows for STK on 20230721
2025-06-12 04:12:09,046 - krx_fetcher - INFO - Fetching KSQ data for 20230721
2025-06-12 04:12:12,841 - krx_fetcher - INFO - Fetched 1652 rows for KSQ on 20230721
2025-06-12 04:12:12,935 - krx_fetcher - INFO - Updated 948 rows in database
2025-06-12 04:12:13,059 - krx_fetcher - INFO - Updated 1652 rows in database
2025-06-12 04:12:16,128 - krx_fetcher - INFO - Fetching STK data for 20230724
2025-06-12 04:12:18,673 - krx_fetcher - INFO - Fetched 948 rows for STK on 20230724
2025-06-12 04:12:18,673 - krx_fetcher - INFO - Fetching KSQ data for 20230724
2025-06-12 04:12:22,668 - krx_fetcher - INFO - Fetched 1653 rows for KSQ on 20230724
2025-06-12 04:12:22,762 - krx_fetcher - INFO - Updated 948 rows in database
2025-06-12 04:12:22,924 - krx_fetcher - INFO - Updated 1653 rows in database
2025-06-12 04:12:26,861 - krx_fetcher - INFO - Fetching STK data for 20230725
2025-06-12 04:12:29,409 - krx_fetcher - INFO - Fetched 948 rows for STK on 20230725
2025-06-12 04:12:29,409 - krx_fetcher - INFO - Fetching KSQ data for 20230725
2025-06-12 04:12:33,222 - krx_fetcher - INFO - Fetched 1653 rows for KSQ on 20230725
2025-06-12 04:12:33,416 - krx_fetcher - INFO - Updated 948 rows in database
2025-06-12 04:12:33,787 - krx_fetcher - INFO - Updated 1653 rows in database
2025-06-12 04:12:36,580 - krx_fetcher - INFO - Fetching STK data for 20230726
2025-06-12 04:12:39,156 - krx_fetcher - INFO - Fetched 948 rows for STK on 20230726
2025-06-12 04:12:39,156 - krx_fetcher - INFO - Fetching KSQ data for 20230726
2025-06-12 04:12:43,050 - krx_fetcher - INFO - Fetched 1654 rows for KSQ on 20230726
2025-06-12 04:12:43,144 - krx_fetcher - INFO - Updated 948 rows in database
2025-06-12 04:12:43,277 - krx_fetcher - INFO - Updated 1654 rows in database
2025-06-12 04:12:46,560 - krx_fetcher - INFO - Fetching STK data for 20230727
2025-06-12 04:12:49,190 - krx_fetcher - INFO - Fetched 948 rows for STK on 20230727
2025-06-12 04:12:49,190 - krx_fetcher - INFO - Fetching KSQ data for 20230727
2025-06-12 04:12:52,988 - krx_fetcher - INFO - Fetched 1657 rows for KSQ on 20230727
2025-06-12 04:12:53,086 - krx_fetcher - INFO - Updated 948 rows in database
2025-06-12 04:12:53,218 - krx_fetcher - INFO - Updated 1657 rows in database
2025-06-12 04:12:57,443 - krx_fetcher - INFO - Fetching STK data for 20230728
2025-06-12 04:12:59,985 - krx_fetcher - INFO - Fetched 949 rows for STK on 20230728
2025-06-12 04:12:59,985 - krx_fetcher - INFO - Fetching KSQ data for 20230728
2025-06-12 04:13:03,834 - krx_fetcher - INFO - Fetched 1657 rows for KSQ on 20230728
2025-06-12 04:13:03,956 - krx_fetcher - INFO - Updated 949 rows in database
2025-06-12 04:13:04,103 - krx_fetcher - INFO - Updated 1657 rows in database
2025-06-12 04:13:07,212 - krx_fetcher - INFO - Fetching STK data for 20230731
2025-06-12 04:13:09,774 - krx_fetcher - INFO - Fetched 949 rows for STK on 20230731
2025-06-12 04:13:09,774 - krx_fetcher - INFO - Fetching KSQ data for 20230731
2025-06-12 04:13:13,619 - krx_fetcher - INFO - Fetched 1657 rows for KSQ on 20230731
2025-06-12 04:13:13,795 - krx_fetcher - INFO - Updated 949 rows in database
2025-06-12 04:13:14,112 - krx_fetcher - INFO - Updated 1657 rows in database
2025-06-12 04:13:18,231 - krx_fetcher - INFO - Fetching STK data for 20230801
2025-06-12 04:13:20,771 - krx_fetcher - INFO - Fetched 949 rows for STK on 20230801
2025-06-12 04:13:20,771 - krx_fetcher - INFO - Fetching KSQ data for 20230801
2025-06-12 04:13:24,571 - krx_fetcher - INFO - Fetched 1657 rows for KSQ on 20230801
2025-06-12 04:13:24,682 - krx_fetcher - INFO - Updated 949 rows in database
2025-06-12 04:13:24,873 - krx_fetcher - INFO - Updated 1657 rows in database
2025-06-12 04:13:27,753 - krx_fetcher - INFO - Fetching STK data for 20230802
2025-06-12 04:13:30,255 - krx_fetcher - INFO - Fetched 949 rows for STK on 20230802
2025-06-12 04:13:30,255 - krx_fetcher - INFO - Fetching KSQ data for 20230802
2025-06-12 04:13:34,250 - krx_fetcher - INFO - Fetched 1657 rows for KSQ on 20230802
2025-06-12 04:13:34,345 - krx_fetcher - INFO - Updated 949 rows in database
2025-06-12 04:13:34,521 - krx_fetcher - INFO - Updated 1657 rows in database
2025-06-12 04:13:38,048 - krx_fetcher - INFO - Fetching STK data for 20230803
2025-06-12 04:13:40,590 - krx_fetcher - INFO - Fetched 949 rows for STK on 20230803
2025-06-12 04:13:40,590 - krx_fetcher - INFO - Fetching KSQ data for 20230803
2025-06-12 04:13:44,490 - krx_fetcher - INFO - Fetched 1658 rows for KSQ on 20230803
2025-06-12 04:13:44,588 - krx_fetcher - INFO - Updated 949 rows in database
2025-06-12 04:13:44,721 - krx_fetcher - INFO - Updated 1658 rows in database
2025-06-12 04:13:49,449 - krx_fetcher - INFO - Fetching STK data for 20230804
2025-06-12 04:13:51,858 - krx_fetcher - INFO - Fetched 949 rows for STK on 20230804
2025-06-12 04:13:51,859 - krx_fetcher - INFO - Fetching KSQ data for 20230804
2025-06-12 04:13:55,861 - krx_fetcher - INFO - Fetched 1659 rows for KSQ on 20230804
2025-06-12 04:13:55,955 - krx_fetcher - INFO - Updated 949 rows in database
2025-06-12 04:13:56,077 - krx_fetcher - INFO - Updated 1659 rows in database
2025-06-12 04:14:00,162 - krx_fetcher - INFO - Fetching STK data for 20230807
2025-06-12 04:14:02,715 - krx_fetcher - INFO - Fetched 949 rows for STK on 20230807
2025-06-12 04:14:02,715 - krx_fetcher - INFO - Fetching KSQ data for 20230807
2025-06-12 04:14:06,605 - krx_fetcher - INFO - Fetched 1660 rows for KSQ on 20230807
2025-06-12 04:14:06,692 - krx_fetcher - INFO - Updated 949 rows in database
2025-06-12 04:14:06,853 - krx_fetcher - INFO - Updated 1660 rows in database
2025-06-12 04:14:09,713 - krx_fetcher - INFO - Fetching STK data for 20230808
2025-06-12 04:14:12,343 - krx_fetcher - INFO - Fetched 950 rows for STK on 20230808
2025-06-12 04:14:12,343 - krx_fetcher - INFO - Fetching KSQ data for 20230808
2025-06-12 04:14:16,135 - krx_fetcher - INFO - Fetched 1659 rows for KSQ on 20230808
2025-06-12 04:14:16,231 - krx_fetcher - INFO - Updated 950 rows in database
2025-06-12 04:14:16,350 - krx_fetcher - INFO - Updated 1659 rows in database
2025-06-12 04:14:19,707 - krx_fetcher - INFO - Fetching STK data for 20230809
2025-06-12 04:14:22,272 - krx_fetcher - INFO - Fetched 950 rows for STK on 20230809
2025-06-12 04:14:22,273 - krx_fetcher - INFO - Fetching KSQ data for 20230809
2025-06-12 04:14:26,172 - krx_fetcher - INFO - Fetched 1659 rows for KSQ on 20230809
2025-06-12 04:14:26,266 - krx_fetcher - INFO - Updated 950 rows in database
2025-06-12 04:14:26,382 - krx_fetcher - INFO - Updated 1659 rows in database
2025-06-12 04:14:30,771 - krx_fetcher - INFO - Fetching STK data for 20230810
2025-06-12 04:14:33,335 - krx_fetcher - INFO - Fetched 950 rows for STK on 20230810
2025-06-12 04:14:33,335 - krx_fetcher - INFO - Fetching KSQ data for 20230810
2025-06-12 04:14:37,228 - krx_fetcher - INFO - Fetched 1663 rows for KSQ on 20230810
2025-06-12 04:14:37,321 - krx_fetcher - INFO - Updated 950 rows in database
2025-06-12 04:14:37,442 - krx_fetcher - INFO - Updated 1663 rows in database
2025-06-12 04:14:40,890 - krx_fetcher - INFO - Fetching STK data for 20230811
2025-06-12 04:14:43,470 - krx_fetcher - INFO - Fetched 950 rows for STK on 20230811
2025-06-12 04:14:43,470 - krx_fetcher - INFO - Fetching KSQ data for 20230811
2025-06-12 04:14:47,366 - krx_fetcher - INFO - Fetched 1664 rows for KSQ on 20230811
2025-06-12 04:14:47,460 - krx_fetcher - INFO - Updated 950 rows in database
2025-06-12 04:14:47,618 - krx_fetcher - INFO - Updated 1664 rows in database
2025-06-12 04:14:52,244 - krx_fetcher - INFO - Fetching STK data for 20230814
2025-06-12 04:14:54,807 - krx_fetcher - INFO - Fetched 950 rows for STK on 20230814
2025-06-12 04:14:54,807 - krx_fetcher - INFO - Fetching KSQ data for 20230814
2025-06-12 04:14:58,650 - krx_fetcher - INFO - Fetched 1663 rows for KSQ on 20230814
2025-06-12 04:14:58,744 - krx_fetcher - INFO - Updated 950 rows in database
2025-06-12 04:14:58,868 - krx_fetcher - INFO - Updated 1663 rows in database
2025-06-12 04:15:02,742 - krx_fetcher - INFO - Fetching STK data for 20230815
2025-06-12 04:15:04,914 - krx_fetcher - INFO - Fetched 950 rows for STK on 20230815
2025-06-12 04:15:04,915 - krx_fetcher - INFO - Fetching KSQ data for 20230815
2025-06-12 04:15:09,587 - krx_fetcher - INFO - Fetched 1663 rows for KSQ on 20230815
2025-06-12 04:15:09,680 - krx_fetcher - INFO - Updated 950 rows in database
2025-06-12 04:15:09,810 - krx_fetcher - INFO - Updated 1663 rows in database
2025-06-12 04:15:12,627 - krx_fetcher - INFO - Fetching STK data for 20230816
2025-06-12 04:15:15,205 - krx_fetcher - INFO - Fetched 950 rows for STK on 20230816
2025-06-12 04:15:15,205 - krx_fetcher - INFO - Fetching KSQ data for 20230816
2025-06-12 04:15:19,111 - krx_fetcher - INFO - Fetched 1663 rows for KSQ on 20230816
2025-06-12 04:15:19,300 - krx_fetcher - INFO - Updated 950 rows in database
2025-06-12 04:15:19,622 - krx_fetcher - INFO - Updated 1663 rows in database
2025-06-12 04:15:23,251 - krx_fetcher - INFO - Fetching STK data for 20230817
2025-06-12 04:15:25,731 - krx_fetcher - INFO - Fetched 950 rows for STK on 20230817
2025-06-12 04:15:25,731 - krx_fetcher - INFO - Fetching KSQ data for 20230817
2025-06-12 04:15:29,651 - krx_fetcher - INFO - Fetched 1664 rows for KSQ on 20230817
2025-06-12 04:15:29,752 - krx_fetcher - INFO - Updated 950 rows in database
2025-06-12 04:15:29,942 - krx_fetcher - INFO - Updated 1664 rows in database
2025-06-12 04:15:34,892 - krx_fetcher - INFO - Fetching STK data for 20230818
2025-06-12 04:15:37,435 - krx_fetcher - INFO - Fetched 950 rows for STK on 20230818
2025-06-12 04:15:37,435 - krx_fetcher - INFO - Fetching KSQ data for 20230818
2025-06-12 04:15:41,333 - krx_fetcher - INFO - Fetched 1664 rows for KSQ on 20230818
2025-06-12 04:15:41,536 - krx_fetcher - INFO - Updated 950 rows in database
2025-06-12 04:15:41,859 - krx_fetcher - INFO - Updated 1664 rows in database
2025-06-12 04:15:46,725 - krx_fetcher - INFO - Fetching STK data for 20230821
2025-06-12 04:15:49,316 - krx_fetcher - INFO - Fetched 951 rows for STK on 20230821
2025-06-12 04:15:49,316 - krx_fetcher - INFO - Fetching KSQ data for 20230821
2025-06-12 04:15:53,208 - krx_fetcher - INFO - Fetched 1664 rows for KSQ on 20230821
2025-06-12 04:15:53,309 - krx_fetcher - INFO - Updated 951 rows in database
2025-06-12 04:15:53,441 - krx_fetcher - INFO - Updated 1664 rows in database
2025-06-12 04:15:57,888 - krx_fetcher - INFO - Fetching STK data for 20230822
2025-06-12 04:16:00,404 - krx_fetcher - INFO - Fetched 951 rows for STK on 20230822
2025-06-12 04:16:00,404 - krx_fetcher - INFO - Fetching KSQ data for 20230822
2025-06-12 04:16:04,271 - krx_fetcher - INFO - Fetched 1665 rows for KSQ on 20230822
2025-06-12 04:16:04,474 - krx_fetcher - INFO - Updated 951 rows in database
2025-06-12 04:16:04,801 - krx_fetcher - INFO - Updated 1665 rows in database
2025-06-12 04:16:08,608 - krx_fetcher - INFO - Fetching STK data for 20230823
2025-06-12 04:16:11,233 - krx_fetcher - INFO - Fetched 951 rows for STK on 20230823
2025-06-12 04:16:11,234 - krx_fetcher - INFO - Fetching KSQ data for 20230823
2025-06-12 04:16:14,958 - krx_fetcher - INFO - Fetched 1665 rows for KSQ on 20230823
2025-06-12 04:16:15,065 - krx_fetcher - INFO - Updated 951 rows in database
2025-06-12 04:16:15,209 - krx_fetcher - INFO - Updated 1665 rows in database
2025-06-12 04:16:17,424 - krx_fetcher - INFO - Fetching STK data for 20230824
2025-06-12 04:16:20,034 - krx_fetcher - INFO - Fetched 951 rows for STK on 20230824
2025-06-12 04:16:20,034 - krx_fetcher - INFO - Fetching KSQ data for 20230824
2025-06-12 04:16:23,792 - krx_fetcher - INFO - Fetched 1666 rows for KSQ on 20230824
2025-06-12 04:16:23,892 - krx_fetcher - INFO - Updated 951 rows in database
2025-06-12 04:16:24,027 - krx_fetcher - INFO - Updated 1666 rows in database
2025-06-12 04:16:26,061 - krx_fetcher - INFO - Fetching STK data for 20230825
2025-06-12 04:16:28,626 - krx_fetcher - INFO - Fetched 951 rows for STK on 20230825
2025-06-12 04:16:28,626 - krx_fetcher - INFO - Fetching KSQ data for 20230825
2025-06-12 04:16:32,403 - krx_fetcher - INFO - Fetched 1666 rows for KSQ on 20230825
2025-06-12 04:16:32,657 - krx_fetcher - INFO - Updated 951 rows in database
2025-06-12 04:16:32,965 - krx_fetcher - INFO - Updated 1666 rows in database
2025-06-12 04:16:37,933 - krx_fetcher - INFO - Fetching STK data for 20230828
2025-06-12 04:16:40,821 - krx_fetcher - INFO - Fetched 950 rows for STK on 20230828
2025-06-12 04:16:40,821 - krx_fetcher - INFO - Fetching KSQ data for 20230828
2025-06-12 04:16:44,299 - krx_fetcher - INFO - Fetched 1665 rows for KSQ on 20230828
2025-06-12 04:16:44,499 - krx_fetcher - INFO - Updated 950 rows in database
2025-06-12 04:16:44,786 - krx_fetcher - INFO - Updated 1665 rows in database
2025-06-12 04:16:49,579 - krx_fetcher - INFO - Fetching STK data for 20230829
2025-06-12 04:16:52,176 - krx_fetcher - INFO - Fetched 950 rows for STK on 20230829
2025-06-12 04:16:52,177 - krx_fetcher - INFO - Fetching KSQ data for 20230829
2025-06-12 04:16:55,953 - krx_fetcher - INFO - Fetched 1665 rows for KSQ on 20230829
2025-06-12 04:16:56,143 - krx_fetcher - INFO - Updated 950 rows in database
2025-06-12 04:16:56,505 - krx_fetcher - INFO - Updated 1665 rows in database
2025-06-12 04:17:01,017 - krx_fetcher - INFO - Fetching STK data for 20230830
2025-06-12 04:17:03,543 - krx_fetcher - INFO - Fetched 950 rows for STK on 20230830
2025-06-12 04:17:03,543 - krx_fetcher - INFO - Fetching KSQ data for 20230830
2025-06-12 04:17:07,450 - krx_fetcher - INFO - Fetched 1667 rows for KSQ on 20230830
2025-06-12 04:17:07,550 - krx_fetcher - INFO - Updated 950 rows in database
2025-06-12 04:17:07,684 - krx_fetcher - INFO - Updated 1667 rows in database
2025-06-12 04:17:11,375 - krx_fetcher - INFO - Fetching STK data for 20230831
2025-06-12 04:17:14,002 - krx_fetcher - INFO - Fetched 950 rows for STK on 20230831
2025-06-12 04:17:14,002 - krx_fetcher - INFO - Fetching KSQ data for 20230831
2025-06-12 04:17:17,899 - krx_fetcher - INFO - Fetched 1667 rows for KSQ on 20230831
2025-06-12 04:17:18,086 - krx_fetcher - INFO - Updated 950 rows in database
2025-06-12 04:17:18,379 - krx_fetcher - INFO - Updated 1667 rows in database
2025-06-12 04:17:20,761 - krx_fetcher - INFO - Fetching STK data for 20230901
2025-06-12 04:17:23,304 - krx_fetcher - INFO - Fetched 950 rows for STK on 20230901
2025-06-12 04:17:23,304 - krx_fetcher - INFO - Fetching KSQ data for 20230901
2025-06-12 04:17:27,294 - krx_fetcher - INFO - Fetched 1668 rows for KSQ on 20230901
2025-06-12 04:17:27,436 - krx_fetcher - INFO - Updated 950 rows in database
2025-06-12 04:17:27,586 - krx_fetcher - INFO - Updated 1668 rows in database
2025-06-12 04:17:30,179 - krx_fetcher - INFO - Fetching STK data for 20230904
2025-06-12 04:17:32,732 - krx_fetcher - INFO - Fetched 950 rows for STK on 20230904
2025-06-12 04:17:32,732 - krx_fetcher - INFO - Fetching KSQ data for 20230904
2025-06-12 04:17:36,545 - krx_fetcher - INFO - Fetched 1669 rows for KSQ on 20230904
2025-06-12 04:17:36,784 - krx_fetcher - INFO - Updated 950 rows in database
2025-06-12 04:17:37,067 - krx_fetcher - INFO - Updated 1669 rows in database
2025-06-12 04:17:40,141 - krx_fetcher - INFO - Fetching STK data for 20230905
2025-06-12 04:17:42,731 - krx_fetcher - INFO - Fetched 950 rows for STK on 20230905
2025-06-12 04:17:42,731 - krx_fetcher - INFO - Fetching KSQ data for 20230905
2025-06-12 04:17:46,752 - krx_fetcher - INFO - Fetched 1669 rows for KSQ on 20230905
2025-06-12 04:17:46,854 - krx_fetcher - INFO - Updated 950 rows in database
2025-06-12 04:17:46,993 - krx_fetcher - INFO - Updated 1669 rows in database
2025-06-12 04:17:50,993 - krx_fetcher - INFO - Fetching STK data for 20230906
2025-06-12 04:17:53,499 - krx_fetcher - INFO - Fetched 950 rows for STK on 20230906
2025-06-12 04:17:53,499 - krx_fetcher - INFO - Fetching KSQ data for 20230906
2025-06-12 04:17:57,436 - krx_fetcher - INFO - Fetched 1669 rows for KSQ on 20230906
2025-06-12 04:17:57,648 - krx_fetcher - INFO - Updated 950 rows in database
2025-06-12 04:17:57,954 - krx_fetcher - INFO - Updated 1669 rows in database
2025-06-12 04:18:00,914 - krx_fetcher - INFO - Fetching STK data for 20230907
2025-06-12 04:18:03,461 - krx_fetcher - INFO - Fetched 950 rows for STK on 20230907
2025-06-12 04:18:03,461 - krx_fetcher - INFO - Fetching KSQ data for 20230907
2025-06-12 04:18:07,327 - krx_fetcher - INFO - Fetched 1670 rows for KSQ on 20230907
2025-06-12 04:18:07,534 - krx_fetcher - INFO - Updated 950 rows in database
2025-06-12 04:18:07,829 - krx_fetcher - INFO - Updated 1670 rows in database
2025-06-12 04:18:11,665 - krx_fetcher - INFO - Fetching STK data for 20230908
2025-06-12 04:18:14,171 - krx_fetcher - INFO - Fetched 950 rows for STK on 20230908
2025-06-12 04:18:14,172 - krx_fetcher - INFO - Fetching KSQ data for 20230908
2025-06-12 04:18:17,985 - krx_fetcher - INFO - Fetched 1670 rows for KSQ on 20230908
2025-06-12 04:18:18,248 - krx_fetcher - INFO - Updated 950 rows in database
2025-06-12 04:18:18,567 - krx_fetcher - INFO - Updated 1670 rows in database
2025-06-12 04:18:21,141 - krx_fetcher - INFO - Fetching STK data for 20230911
2025-06-12 04:18:23,677 - krx_fetcher - INFO - Fetched 950 rows for STK on 20230911
2025-06-12 04:18:23,677 - krx_fetcher - INFO - Fetching KSQ data for 20230911
2025-06-12 04:18:27,489 - krx_fetcher - INFO - Fetched 1670 rows for KSQ on 20230911
2025-06-12 04:18:27,728 - krx_fetcher - INFO - Updated 950 rows in database
2025-06-12 04:18:28,101 - krx_fetcher - INFO - Updated 1670 rows in database
2025-06-12 04:18:31,209 - krx_fetcher - INFO - Fetching STK data for 20230912
2025-06-12 04:18:33,876 - krx_fetcher - INFO - Fetched 950 rows for STK on 20230912
2025-06-12 04:18:33,877 - krx_fetcher - INFO - Fetching KSQ data for 20230912
2025-06-12 04:18:37,593 - krx_fetcher - INFO - Fetched 1670 rows for KSQ on 20230912
2025-06-12 04:18:37,795 - krx_fetcher - INFO - Updated 950 rows in database
2025-06-12 04:18:38,105 - krx_fetcher - INFO - Updated 1670 rows in database
2025-06-12 04:18:42,215 - krx_fetcher - INFO - Fetching STK data for 20230913
2025-06-12 04:18:44,834 - krx_fetcher - INFO - Fetched 950 rows for STK on 20230913
2025-06-12 04:18:44,834 - krx_fetcher - INFO - Fetching KSQ data for 20230913
2025-06-12 04:18:48,571 - krx_fetcher - INFO - Fetched 1670 rows for KSQ on 20230913
2025-06-12 04:18:48,802 - krx_fetcher - INFO - Updated 950 rows in database
2025-06-12 04:18:49,088 - krx_fetcher - INFO - Updated 1670 rows in database
2025-06-12 04:18:52,182 - krx_fetcher - INFO - Fetching STK data for 20230914
2025-06-12 04:18:54,696 - krx_fetcher - INFO - Fetched 950 rows for STK on 20230914
2025-06-12 04:18:54,696 - krx_fetcher - INFO - Fetching KSQ data for 20230914
2025-06-12 04:18:58,628 - krx_fetcher - INFO - Fetched 1671 rows for KSQ on 20230914
2025-06-12 04:18:58,730 - krx_fetcher - INFO - Updated 950 rows in database
2025-06-12 04:18:58,874 - krx_fetcher - INFO - Updated 1671 rows in database
2025-06-12 04:19:02,756 - krx_fetcher - INFO - Fetching STK data for 20230915
2025-06-12 04:19:05,415 - krx_fetcher - INFO - Fetched 951 rows for STK on 20230915
2025-06-12 04:19:05,416 - krx_fetcher - INFO - Fetching KSQ data for 20230915
2025-06-12 04:19:09,209 - krx_fetcher - INFO - Fetched 1671 rows for KSQ on 20230915
2025-06-12 04:19:09,402 - krx_fetcher - INFO - Updated 951 rows in database
2025-06-12 04:19:09,737 - krx_fetcher - INFO - Updated 1671 rows in database
2025-06-12 04:19:12,480 - krx_fetcher - INFO - Fetching STK data for 20230918
2025-06-12 04:19:15,044 - krx_fetcher - INFO - Fetched 951 rows for STK on 20230918
2025-06-12 04:19:15,044 - krx_fetcher - INFO - Fetching KSQ data for 20230918
2025-06-12 04:19:18,934 - krx_fetcher - INFO - Fetched 1671 rows for KSQ on 20230918
2025-06-12 04:19:19,054 - krx_fetcher - INFO - Updated 951 rows in database
2025-06-12 04:19:19,210 - krx_fetcher - INFO - Updated 1671 rows in database
2025-06-12 04:19:22,427 - krx_fetcher - INFO - Fetching STK data for 20230919
2025-06-12 04:19:25,028 - krx_fetcher - INFO - Fetched 951 rows for STK on 20230919
2025-06-12 04:19:25,029 - krx_fetcher - INFO - Fetching KSQ data for 20230919
2025-06-12 04:19:28,798 - krx_fetcher - INFO - Fetched 1671 rows for KSQ on 20230919
2025-06-12 04:19:28,993 - krx_fetcher - INFO - Updated 951 rows in database
2025-06-12 04:19:29,317 - krx_fetcher - INFO - Updated 1671 rows in database
2025-06-12 04:19:33,640 - krx_fetcher - INFO - Fetching STK data for 20230920
2025-06-12 04:19:36,238 - krx_fetcher - INFO - Fetched 951 rows for STK on 20230920
2025-06-12 04:19:36,239 - krx_fetcher - INFO - Fetching KSQ data for 20230920
2025-06-12 04:19:40,031 - krx_fetcher - INFO - Fetched 1671 rows for KSQ on 20230920
2025-06-12 04:19:40,149 - krx_fetcher - INFO - Updated 951 rows in database
2025-06-12 04:19:40,287 - krx_fetcher - INFO - Updated 1671 rows in database
2025-06-12 04:19:43,581 - krx_fetcher - INFO - Fetching STK data for 20230921
2025-06-12 04:19:46,171 - krx_fetcher - INFO - Fetched 951 rows for STK on 20230921
2025-06-12 04:19:46,171 - krx_fetcher - INFO - Fetching KSQ data for 20230921
2025-06-12 04:19:49,962 - krx_fetcher - INFO - Fetched 1671 rows for KSQ on 20230921
2025-06-12 04:19:50,076 - krx_fetcher - INFO - Updated 951 rows in database
2025-06-12 04:19:50,209 - krx_fetcher - INFO - Updated 1671 rows in database
2025-06-12 04:19:54,424 - krx_fetcher - INFO - Fetching STK data for 20230922
2025-06-12 04:19:56,925 - krx_fetcher - INFO - Fetched 951 rows for STK on 20230922
2025-06-12 04:19:56,925 - krx_fetcher - INFO - Fetching KSQ data for 20230922
2025-06-12 04:20:00,739 - krx_fetcher - INFO - Fetched 1670 rows for KSQ on 20230922
2025-06-12 04:20:00,826 - krx_fetcher - INFO - Updated 951 rows in database
2025-06-12 04:20:00,957 - krx_fetcher - INFO - Updated 1670 rows in database
2025-06-12 04:20:03,918 - krx_fetcher - INFO - Fetching STK data for 20230925
2025-06-12 04:20:06,546 - krx_fetcher - INFO - Fetched 951 rows for STK on 20230925
2025-06-12 04:20:06,546 - krx_fetcher - INFO - Fetching KSQ data for 20230925
2025-06-12 04:20:10,341 - krx_fetcher - INFO - Fetched 1671 rows for KSQ on 20230925
2025-06-12 04:20:10,439 - krx_fetcher - INFO - Updated 951 rows in database
2025-06-12 04:20:10,564 - krx_fetcher - INFO - Updated 1671 rows in database
2025-06-12 04:20:14,136 - krx_fetcher - INFO - Fetching STK data for 20230926
2025-06-12 04:20:16,686 - krx_fetcher - INFO - Fetched 951 rows for STK on 20230926
2025-06-12 04:20:16,686 - krx_fetcher - INFO - Fetching KSQ data for 20230926
2025-06-12 04:20:20,685 - krx_fetcher - INFO - Fetched 1671 rows for KSQ on 20230926
2025-06-12 04:20:20,784 - krx_fetcher - INFO - Updated 951 rows in database
2025-06-12 04:20:20,909 - krx_fetcher - INFO - Updated 1671 rows in database
2025-06-12 04:20:25,825 - krx_fetcher - INFO - Fetching STK data for 20230927
2025-06-12 04:20:28,369 - krx_fetcher - INFO - Fetched 951 rows for STK on 20230927
2025-06-12 04:20:28,369 - krx_fetcher - INFO - Fetching KSQ data for 20230927
2025-06-12 04:20:32,354 - krx_fetcher - INFO - Fetched 1672 rows for KSQ on 20230927
2025-06-12 04:20:32,455 - krx_fetcher - INFO - Updated 951 rows in database
2025-06-12 04:20:32,578 - krx_fetcher - INFO - Updated 1672 rows in database
2025-06-12 04:20:37,162 - krx_fetcher - INFO - Fetching STK data for 20230928
2025-06-12 04:20:39,287 - krx_fetcher - INFO - Fetched 951 rows for STK on 20230928
2025-06-12 04:20:39,287 - krx_fetcher - INFO - Fetching KSQ data for 20230928
2025-06-12 04:20:43,442 - krx_fetcher - INFO - Fetched 1672 rows for KSQ on 20230928
2025-06-12 04:20:43,538 - krx_fetcher - INFO - Updated 951 rows in database
2025-06-12 04:20:43,668 - krx_fetcher - INFO - Updated 1672 rows in database
2025-06-12 04:20:47,343 - krx_fetcher - INFO - Fetching STK data for 20230929
2025-06-12 04:20:49,562 - krx_fetcher - INFO - Fetched 951 rows for STK on 20230929
2025-06-12 04:20:49,562 - krx_fetcher - INFO - Fetching KSQ data for 20230929
2025-06-12 04:20:53,521 - krx_fetcher - INFO - Fetched 1672 rows for KSQ on 20230929
2025-06-12 04:20:53,602 - krx_fetcher - INFO - Updated 951 rows in database
2025-06-12 04:20:53,728 - krx_fetcher - INFO - Updated 1672 rows in database
2025-06-12 04:20:58,459 - krx_fetcher - INFO - Fetching STK data for 20231002
2025-06-12 04:21:00,676 - krx_fetcher - INFO - Fetched 951 rows for STK on 20231002
2025-06-12 04:21:00,676 - krx_fetcher - INFO - Fetching KSQ data for 20231002
2025-06-12 04:21:04,693 - krx_fetcher - INFO - Fetched 1672 rows for KSQ on 20231002
2025-06-12 04:21:04,782 - krx_fetcher - INFO - Updated 951 rows in database
2025-06-12 04:21:04,900 - krx_fetcher - INFO - Updated 1672 rows in database
2025-06-12 04:21:08,807 - krx_fetcher - INFO - Fetching STK data for 20231003
2025-06-12 04:21:10,998 - krx_fetcher - INFO - Fetched 951 rows for STK on 20231003
2025-06-12 04:21:10,998 - krx_fetcher - INFO - Fetching KSQ data for 20231003
2025-06-12 04:21:15,085 - krx_fetcher - INFO - Fetched 1672 rows for KSQ on 20231003
2025-06-12 04:21:15,188 - krx_fetcher - INFO - Updated 951 rows in database
2025-06-12 04:21:15,316 - krx_fetcher - INFO - Updated 1672 rows in database
2025-06-12 04:21:17,639 - krx_fetcher - INFO - Fetching STK data for 20231004
2025-06-12 04:21:20,278 - krx_fetcher - INFO - Fetched 951 rows for STK on 20231004
2025-06-12 04:21:20,278 - krx_fetcher - INFO - Fetching KSQ data for 20231004
2025-06-12 04:21:24,039 - krx_fetcher - INFO - Fetched 1674 rows for KSQ on 20231004
2025-06-12 04:21:24,134 - krx_fetcher - INFO - Updated 951 rows in database
2025-06-12 04:21:24,258 - krx_fetcher - INFO - Updated 1674 rows in database
2025-06-12 04:21:26,524 - krx_fetcher - INFO - Fetching STK data for 20231005
2025-06-12 04:21:29,168 - krx_fetcher - INFO - Fetched 952 rows for STK on 20231005
2025-06-12 04:21:29,168 - krx_fetcher - INFO - Fetching KSQ data for 20231005
2025-06-12 04:21:32,934 - krx_fetcher - INFO - Fetched 1674 rows for KSQ on 20231005
2025-06-12 04:21:33,029 - krx_fetcher - INFO - Updated 952 rows in database
2025-06-12 04:21:33,155 - krx_fetcher - INFO - Updated 1674 rows in database
2025-06-12 04:21:35,316 - krx_fetcher - INFO - Fetching STK data for 20231006
2025-06-12 04:21:37,835 - krx_fetcher - INFO - Fetched 952 rows for STK on 20231006
2025-06-12 04:21:37,835 - krx_fetcher - INFO - Fetching KSQ data for 20231006
2025-06-12 04:21:41,652 - krx_fetcher - INFO - Fetched 1675 rows for KSQ on 20231006
2025-06-12 04:21:41,756 - krx_fetcher - INFO - Updated 952 rows in database
2025-06-12 04:21:41,874 - krx_fetcher - INFO - Updated 1675 rows in database
2025-06-12 04:21:46,755 - krx_fetcher - INFO - Fetching STK data for 20231009
2025-06-12 04:21:48,982 - krx_fetcher - INFO - Fetched 952 rows for STK on 20231009
2025-06-12 04:21:48,983 - krx_fetcher - INFO - Fetching KSQ data for 20231009
2025-06-12 04:21:52,970 - krx_fetcher - INFO - Fetched 1675 rows for KSQ on 20231009
2025-06-12 04:21:53,075 - krx_fetcher - INFO - Updated 952 rows in database
2025-06-12 04:21:53,197 - krx_fetcher - INFO - Updated 1675 rows in database
2025-06-12 04:21:57,400 - krx_fetcher - INFO - Fetching STK data for 20231010
2025-06-12 04:22:00,009 - krx_fetcher - INFO - Fetched 952 rows for STK on 20231010
2025-06-12 04:22:00,010 - krx_fetcher - INFO - Fetching KSQ data for 20231010
2025-06-12 04:22:03,763 - krx_fetcher - INFO - Fetched 1676 rows for KSQ on 20231010
2025-06-12 04:22:03,863 - krx_fetcher - INFO - Updated 952 rows in database
2025-06-12 04:22:04,030 - krx_fetcher - INFO - Updated 1676 rows in database
2025-06-12 04:22:07,066 - krx_fetcher - INFO - Fetching STK data for 20231011
2025-06-12 04:22:09,622 - krx_fetcher - INFO - Fetched 952 rows for STK on 20231011
2025-06-12 04:22:09,623 - krx_fetcher - INFO - Fetching KSQ data for 20231011
2025-06-12 04:22:13,400 - krx_fetcher - INFO - Fetched 1676 rows for KSQ on 20231011
2025-06-12 04:22:13,493 - krx_fetcher - INFO - Updated 952 rows in database
2025-06-12 04:22:13,616 - krx_fetcher - INFO - Updated 1676 rows in database
2025-06-12 04:22:17,239 - krx_fetcher - INFO - Fetching STK data for 20231012
2025-06-12 04:22:19,872 - krx_fetcher - INFO - Fetched 952 rows for STK on 20231012
2025-06-12 04:22:19,872 - krx_fetcher - INFO - Fetching KSQ data for 20231012
2025-06-12 04:22:23,626 - krx_fetcher - INFO - Fetched 1676 rows for KSQ on 20231012
2025-06-12 04:22:23,731 - krx_fetcher - INFO - Updated 952 rows in database
2025-06-12 04:22:23,847 - krx_fetcher - INFO - Updated 1676 rows in database
2025-06-12 04:22:28,701 - krx_fetcher - INFO - Fetching STK data for 20231013
2025-06-12 04:22:31,243 - krx_fetcher - INFO - Fetched 952 rows for STK on 20231013
2025-06-12 04:22:31,243 - krx_fetcher - INFO - Fetching KSQ data for 20231013
2025-06-12 04:22:35,138 - krx_fetcher - INFO - Fetched 1677 rows for KSQ on 20231013
2025-06-12 04:22:35,229 - krx_fetcher - INFO - Updated 952 rows in database
2025-06-12 04:22:35,346 - krx_fetcher - INFO - Updated 1677 rows in database
2025-06-12 04:22:39,699 - krx_fetcher - INFO - Fetching STK data for 20231016
2025-06-12 04:22:42,302 - krx_fetcher - INFO - Fetched 952 rows for STK on 20231016
2025-06-12 04:22:42,302 - krx_fetcher - INFO - Fetching KSQ data for 20231016
2025-06-12 04:22:46,090 - krx_fetcher - INFO - Fetched 1677 rows for KSQ on 20231016
2025-06-12 04:22:46,182 - krx_fetcher - INFO - Updated 952 rows in database
2025-06-12 04:22:46,300 - krx_fetcher - INFO - Updated 1677 rows in database
2025-06-12 04:22:49,606 - krx_fetcher - INFO - Fetching STK data for 20231017
2025-06-12 04:22:52,237 - krx_fetcher - INFO - Fetched 952 rows for STK on 20231017
2025-06-12 04:22:52,237 - krx_fetcher - INFO - Fetching KSQ data for 20231017
2025-06-12 04:22:56,026 - krx_fetcher - INFO - Fetched 1677 rows for KSQ on 20231017
2025-06-12 04:22:56,119 - krx_fetcher - INFO - Updated 952 rows in database
2025-06-12 04:22:56,236 - krx_fetcher - INFO - Updated 1677 rows in database
2025-06-12 04:23:00,479 - krx_fetcher - INFO - Fetching STK data for 20231018
2025-06-12 04:23:03,089 - krx_fetcher - INFO - Fetched 952 rows for STK on 20231018
2025-06-12 04:23:03,090 - krx_fetcher - INFO - Fetching KSQ data for 20231018
2025-06-12 04:23:06,951 - krx_fetcher - INFO - Fetched 1678 rows for KSQ on 20231018
2025-06-12 04:23:07,046 - krx_fetcher - INFO - Updated 952 rows in database
2025-06-12 04:23:07,162 - krx_fetcher - INFO - Updated 1678 rows in database
2025-06-12 04:23:10,331 - krx_fetcher - INFO - Fetching STK data for 20231019
2025-06-12 04:23:12,915 - krx_fetcher - INFO - Fetched 952 rows for STK on 20231019
2025-06-12 04:23:12,916 - krx_fetcher - INFO - Fetching KSQ data for 20231019
2025-06-12 04:23:16,818 - krx_fetcher - INFO - Fetched 1679 rows for KSQ on 20231019
2025-06-12 04:23:16,913 - krx_fetcher - INFO - Updated 952 rows in database
2025-06-12 04:23:17,030 - krx_fetcher - INFO - Updated 1679 rows in database
2025-06-12 04:23:21,067 - krx_fetcher - INFO - Fetching STK data for 20231020
2025-06-12 04:23:23,565 - krx_fetcher - INFO - Fetched 952 rows for STK on 20231020
2025-06-12 04:23:23,565 - krx_fetcher - INFO - Fetching KSQ data for 20231020
2025-06-12 04:23:27,487 - krx_fetcher - INFO - Fetched 1679 rows for KSQ on 20231020
2025-06-12 04:23:27,583 - krx_fetcher - INFO - Updated 952 rows in database
2025-06-12 04:23:27,700 - krx_fetcher - INFO - Updated 1679 rows in database
2025-06-12 04:23:30,406 - krx_fetcher - INFO - Fetching STK data for 20231023
2025-06-12 04:23:32,990 - krx_fetcher - INFO - Fetched 952 rows for STK on 20231023
2025-06-12 04:23:32,991 - krx_fetcher - INFO - Fetching KSQ data for 20231023
2025-06-12 04:23:36,785 - krx_fetcher - INFO - Fetched 1679 rows for KSQ on 20231023
2025-06-12 04:23:36,881 - krx_fetcher - INFO - Updated 952 rows in database
2025-06-12 04:23:36,998 - krx_fetcher - INFO - Updated 1679 rows in database
2025-06-12 04:23:40,002 - krx_fetcher - INFO - Fetching STK data for 20231024
2025-06-12 04:23:42,620 - krx_fetcher - INFO - Fetched 952 rows for STK on 20231024
2025-06-12 04:23:42,620 - krx_fetcher - INFO - Fetching KSQ data for 20231024
2025-06-12 04:23:46,515 - krx_fetcher - INFO - Fetched 1679 rows for KSQ on 20231024
2025-06-12 04:23:46,614 - krx_fetcher - INFO - Updated 952 rows in database
2025-06-12 04:23:46,733 - krx_fetcher - INFO - Updated 1679 rows in database
2025-06-12 04:23:50,472 - krx_fetcher - INFO - Fetching STK data for 20231025
2025-06-12 04:23:53,064 - krx_fetcher - INFO - Fetched 952 rows for STK on 20231025
2025-06-12 04:23:53,064 - krx_fetcher - INFO - Fetching KSQ data for 20231025
2025-06-12 04:23:56,965 - krx_fetcher - INFO - Fetched 1679 rows for KSQ on 20231025
2025-06-12 04:23:57,061 - krx_fetcher - INFO - Updated 952 rows in database
2025-06-12 04:23:57,176 - krx_fetcher - INFO - Updated 1679 rows in database
2025-06-12 04:23:59,358 - krx_fetcher - INFO - Fetching STK data for 20231026
2025-06-12 04:24:01,972 - krx_fetcher - INFO - Fetched 952 rows for STK on 20231026
2025-06-12 04:24:01,972 - krx_fetcher - INFO - Fetching KSQ data for 20231026
2025-06-12 04:24:05,860 - krx_fetcher - INFO - Fetched 1680 rows for KSQ on 20231026
2025-06-12 04:24:05,949 - krx_fetcher - INFO - Updated 952 rows in database
2025-06-12 04:24:06,067 - krx_fetcher - INFO - Updated 1680 rows in database
2025-06-12 04:24:08,140 - krx_fetcher - INFO - Fetching STK data for 20231027
2025-06-12 04:24:10,700 - krx_fetcher - INFO - Fetched 952 rows for STK on 20231027
2025-06-12 04:24:10,700 - krx_fetcher - INFO - Fetching KSQ data for 20231027
2025-06-12 04:24:14,569 - krx_fetcher - INFO - Fetched 1679 rows for KSQ on 20231027
2025-06-12 04:24:14,659 - krx_fetcher - INFO - Updated 952 rows in database
2025-06-12 04:24:14,778 - krx_fetcher - INFO - Updated 1679 rows in database
2025-06-12 04:24:19,561 - krx_fetcher - INFO - Fetching STK data for 20231030
2025-06-12 04:24:22,096 - krx_fetcher - INFO - Fetched 952 rows for STK on 20231030
2025-06-12 04:24:22,096 - krx_fetcher - INFO - Fetching KSQ data for 20231030
2025-06-12 04:24:25,878 - krx_fetcher - INFO - Fetched 1679 rows for KSQ on 20231030
2025-06-12 04:24:25,974 - krx_fetcher - INFO - Updated 952 rows in database
2025-06-12 04:24:26,092 - krx_fetcher - INFO - Updated 1679 rows in database
2025-06-12 04:24:30,190 - krx_fetcher - INFO - Fetching STK data for 20231031
2025-06-12 04:24:32,799 - krx_fetcher - INFO - Fetched 952 rows for STK on 20231031
2025-06-12 04:24:32,799 - krx_fetcher - INFO - Fetching KSQ data for 20231031
2025-06-12 04:24:36,688 - krx_fetcher - INFO - Fetched 1679 rows for KSQ on 20231031
2025-06-12 04:24:36,787 - krx_fetcher - INFO - Updated 952 rows in database
2025-06-12 04:24:36,909 - krx_fetcher - INFO - Updated 1679 rows in database
2025-06-12 04:24:39,821 - krx_fetcher - INFO - Fetching STK data for 20231101
2025-06-12 04:24:42,522 - krx_fetcher - INFO - Fetched 952 rows for STK on 20231101
2025-06-12 04:24:42,522 - krx_fetcher - INFO - Fetching KSQ data for 20231101
2025-06-12 04:24:46,313 - krx_fetcher - INFO - Fetched 1679 rows for KSQ on 20231101
2025-06-12 04:24:46,406 - krx_fetcher - INFO - Updated 952 rows in database
2025-06-12 04:24:46,521 - krx_fetcher - INFO - Updated 1679 rows in database
2025-06-12 04:24:50,049 - krx_fetcher - INFO - Fetching STK data for 20231102
2025-06-12 04:24:52,759 - krx_fetcher - INFO - Fetched 952 rows for STK on 20231102
2025-06-12 04:24:52,759 - krx_fetcher - INFO - Fetching KSQ data for 20231102
2025-06-12 04:24:56,453 - krx_fetcher - INFO - Fetched 1681 rows for KSQ on 20231102
2025-06-12 04:24:56,547 - krx_fetcher - INFO - Updated 952 rows in database
2025-06-12 04:24:56,666 - krx_fetcher - INFO - Updated 1681 rows in database
2025-06-12 04:25:01,338 - krx_fetcher - INFO - Fetching STK data for 20231103
2025-06-12 04:25:03,926 - krx_fetcher - INFO - Fetched 952 rows for STK on 20231103
2025-06-12 04:25:03,926 - krx_fetcher - INFO - Fetching KSQ data for 20231103
2025-06-12 04:25:07,823 - krx_fetcher - INFO - Fetched 1682 rows for KSQ on 20231103
2025-06-12 04:25:07,917 - krx_fetcher - INFO - Updated 952 rows in database
2025-06-12 04:25:08,035 - krx_fetcher - INFO - Updated 1682 rows in database
2025-06-12 04:25:12,077 - krx_fetcher - INFO - Fetching STK data for 20231106
2025-06-12 04:25:14,578 - krx_fetcher - INFO - Fetched 952 rows for STK on 20231106
2025-06-12 04:25:14,579 - krx_fetcher - INFO - Fetching KSQ data for 20231106
2025-06-12 04:25:18,520 - krx_fetcher - INFO - Fetched 1682 rows for KSQ on 20231106
2025-06-12 04:25:18,623 - krx_fetcher - INFO - Updated 952 rows in database
2025-06-12 04:25:18,745 - krx_fetcher - INFO - Updated 1682 rows in database
2025-06-12 04:25:21,497 - krx_fetcher - INFO - Fetching STK data for 20231107
2025-06-12 04:25:24,024 - krx_fetcher - INFO - Fetched 951 rows for STK on 20231107
2025-06-12 04:25:24,024 - krx_fetcher - INFO - Fetching KSQ data for 20231107
2025-06-12 04:25:27,891 - krx_fetcher - INFO - Fetched 1683 rows for KSQ on 20231107
2025-06-12 04:25:27,982 - krx_fetcher - INFO - Updated 951 rows in database
2025-06-12 04:25:28,098 - krx_fetcher - INFO - Updated 1683 rows in database
2025-06-12 04:25:31,202 - krx_fetcher - INFO - Fetching STK data for 20231108
2025-06-12 04:25:33,825 - krx_fetcher - INFO - Fetched 951 rows for STK on 20231108
2025-06-12 04:25:33,826 - krx_fetcher - INFO - Fetching KSQ data for 20231108
2025-06-12 04:25:37,546 - krx_fetcher - INFO - Fetched 1683 rows for KSQ on 20231108
2025-06-12 04:25:37,650 - krx_fetcher - INFO - Updated 951 rows in database
2025-06-12 04:25:37,766 - krx_fetcher - INFO - Updated 1683 rows in database
2025-06-12 04:25:41,538 - krx_fetcher - INFO - Fetching STK data for 20231109
2025-06-12 04:25:44,170 - krx_fetcher - INFO - Fetched 951 rows for STK on 20231109
2025-06-12 04:25:44,171 - krx_fetcher - INFO - Fetching KSQ data for 20231109
2025-06-12 04:25:48,061 - krx_fetcher - INFO - Fetched 1687 rows for KSQ on 20231109
2025-06-12 04:25:48,165 - krx_fetcher - INFO - Updated 951 rows in database
2025-06-12 04:25:48,282 - krx_fetcher - INFO - Updated 1687 rows in database
2025-06-12 04:25:50,571 - krx_fetcher - INFO - Fetching STK data for 20231110
2025-06-12 04:25:53,181 - krx_fetcher - INFO - Fetched 951 rows for STK on 20231110
2025-06-12 04:25:53,181 - krx_fetcher - INFO - Fetching KSQ data for 20231110
2025-06-12 04:25:56,972 - krx_fetcher - INFO - Fetched 1687 rows for KSQ on 20231110
2025-06-12 04:25:57,076 - krx_fetcher - INFO - Updated 951 rows in database
2025-06-12 04:25:57,193 - krx_fetcher - INFO - Updated 1687 rows in database
2025-06-12 04:25:59,393 - krx_fetcher - INFO - Fetching STK data for 20231113
2025-06-12 04:26:01,986 - krx_fetcher - INFO - Fetched 951 rows for STK on 20231113
2025-06-12 04:26:01,987 - krx_fetcher - INFO - Fetching KSQ data for 20231113
2025-06-12 04:26:05,780 - krx_fetcher - INFO - Fetched 1690 rows for KSQ on 20231113
2025-06-12 04:26:05,883 - krx_fetcher - INFO - Updated 951 rows in database
2025-06-12 04:26:06,001 - krx_fetcher - INFO - Updated 1690 rows in database
2025-06-12 04:26:08,009 - krx_fetcher - INFO - Fetching STK data for 20231114
2025-06-12 04:26:10,588 - krx_fetcher - INFO - Fetched 951 rows for STK on 20231114
2025-06-12 04:26:10,588 - krx_fetcher - INFO - Fetching KSQ data for 20231114
2025-06-12 04:26:14,380 - krx_fetcher - INFO - Fetched 1690 rows for KSQ on 20231114
2025-06-12 04:26:14,470 - krx_fetcher - INFO - Updated 951 rows in database
2025-06-12 04:26:14,583 - krx_fetcher - INFO - Updated 1690 rows in database
2025-06-12 04:26:19,173 - krx_fetcher - INFO - Fetching STK data for 20231115
2025-06-12 04:26:21,647 - krx_fetcher - INFO - Fetched 951 rows for STK on 20231115
2025-06-12 04:26:21,647 - krx_fetcher - INFO - Fetching KSQ data for 20231115
2025-06-12 04:26:25,554 - krx_fetcher - INFO - Fetched 1691 rows for KSQ on 20231115
2025-06-12 04:26:25,656 - krx_fetcher - INFO - Updated 951 rows in database
2025-06-12 04:26:25,772 - krx_fetcher - INFO - Updated 1691 rows in database
2025-06-12 04:26:29,551 - krx_fetcher - INFO - Fetching STK data for 20231116
2025-06-12 04:26:32,194 - krx_fetcher - INFO - Fetched 951 rows for STK on 20231116
2025-06-12 04:26:32,194 - krx_fetcher - INFO - Fetching KSQ data for 20231116
2025-06-12 04:26:35,979 - krx_fetcher - INFO - Fetched 1691 rows for KSQ on 20231116
2025-06-12 04:26:36,070 - krx_fetcher - INFO - Updated 951 rows in database
2025-06-12 04:26:36,183 - krx_fetcher - INFO - Updated 1691 rows in database
2025-06-12 04:26:38,373 - krx_fetcher - INFO - Fetching STK data for 20231117
2025-06-12 04:26:40,991 - krx_fetcher - INFO - Fetched 952 rows for STK on 20231117
2025-06-12 04:26:40,991 - krx_fetcher - INFO - Fetching KSQ data for 20231117
2025-06-12 04:26:44,798 - krx_fetcher - INFO - Fetched 1691 rows for KSQ on 20231117
2025-06-12 04:26:44,892 - krx_fetcher - INFO - Updated 952 rows in database
2025-06-12 04:26:45,058 - krx_fetcher - INFO - Updated 1691 rows in database
2025-06-12 04:26:47,123 - krx_fetcher - INFO - Fetching STK data for 20231120
2025-06-12 04:26:49,711 - krx_fetcher - INFO - Fetched 952 rows for STK on 20231120
2025-06-12 04:26:49,711 - krx_fetcher - INFO - Fetching KSQ data for 20231120
2025-06-12 04:26:53,603 - krx_fetcher - INFO - Fetched 1692 rows for KSQ on 20231120
2025-06-12 04:26:53,696 - krx_fetcher - INFO - Updated 952 rows in database
2025-06-12 04:26:53,811 - krx_fetcher - INFO - Updated 1692 rows in database
2025-06-12 04:26:58,627 - krx_fetcher - INFO - Fetching STK data for 20231121
2025-06-12 04:27:01,172 - krx_fetcher - INFO - Fetched 953 rows for STK on 20231121
2025-06-12 04:27:01,172 - krx_fetcher - INFO - Fetching KSQ data for 20231121
2025-06-12 04:27:05,011 - krx_fetcher - INFO - Fetched 1693 rows for KSQ on 20231121
2025-06-12 04:27:05,104 - krx_fetcher - INFO - Updated 953 rows in database
2025-06-12 04:27:05,223 - krx_fetcher - INFO - Updated 1693 rows in database
2025-06-12 04:27:09,452 - krx_fetcher - INFO - Fetching STK data for 20231122
2025-06-12 04:27:12,029 - krx_fetcher - INFO - Fetched 953 rows for STK on 20231122
2025-06-12 04:27:12,029 - krx_fetcher - INFO - Fetching KSQ data for 20231122
2025-06-12 04:27:15,922 - krx_fetcher - INFO - Fetched 1693 rows for KSQ on 20231122
2025-06-12 04:27:16,015 - krx_fetcher - INFO - Updated 953 rows in database
2025-06-12 04:27:16,131 - krx_fetcher - INFO - Updated 1693 rows in database
2025-06-12 04:27:19,269 - krx_fetcher - INFO - Fetching STK data for 20231123
2025-06-12 04:27:21,866 - krx_fetcher - INFO - Fetched 953 rows for STK on 20231123
2025-06-12 04:27:21,867 - krx_fetcher - INFO - Fetching KSQ data for 20231123
2025-06-12 04:27:25,753 - krx_fetcher - INFO - Fetched 1693 rows for KSQ on 20231123
2025-06-12 04:27:25,842 - krx_fetcher - INFO - Updated 953 rows in database
2025-06-12 04:27:25,959 - krx_fetcher - INFO - Updated 1693 rows in database
2025-06-12 04:27:29,924 - krx_fetcher - INFO - Fetching STK data for 20231124
2025-06-12 04:27:32,510 - krx_fetcher - INFO - Fetched 952 rows for STK on 20231124
2025-06-12 04:27:32,510 - krx_fetcher - INFO - Fetching KSQ data for 20231124
2025-06-12 04:27:36,355 - krx_fetcher - INFO - Fetched 1695 rows for KSQ on 20231124
2025-06-12 04:27:36,449 - krx_fetcher - INFO - Updated 952 rows in database
2025-06-12 04:27:36,613 - krx_fetcher - INFO - Updated 1695 rows in database
2025-06-12 04:27:39,233 - krx_fetcher - INFO - Fetching STK data for 20231127
2025-06-12 04:27:41,777 - krx_fetcher - INFO - Fetched 952 rows for STK on 20231127
2025-06-12 04:27:41,777 - krx_fetcher - INFO - Fetching KSQ data for 20231127
2025-06-12 04:27:45,620 - krx_fetcher - INFO - Fetched 1695 rows for KSQ on 20231127
2025-06-12 04:27:45,713 - krx_fetcher - INFO - Updated 952 rows in database
2025-06-12 04:27:45,835 - krx_fetcher - INFO - Updated 1695 rows in database
2025-06-12 04:27:48,679 - krx_fetcher - INFO - Fetching STK data for 20231128
2025-06-12 04:27:51,252 - krx_fetcher - INFO - Fetched 952 rows for STK on 20231128
2025-06-12 04:27:51,252 - krx_fetcher - INFO - Fetching KSQ data for 20231128
2025-06-12 04:27:55,055 - krx_fetcher - INFO - Fetched 1696 rows for KSQ on 20231128
2025-06-12 04:27:55,147 - krx_fetcher - INFO - Updated 952 rows in database
2025-06-12 04:27:55,311 - krx_fetcher - INFO - Updated 1696 rows in database
2025-06-12 04:27:58,629 - krx_fetcher - INFO - Fetching STK data for 20231129
2025-06-12 04:28:01,282 - krx_fetcher - INFO - Fetched 952 rows for STK on 20231129
2025-06-12 04:28:01,282 - krx_fetcher - INFO - Fetching KSQ data for 20231129
2025-06-12 04:28:05,080 - krx_fetcher - INFO - Fetched 1696 rows for KSQ on 20231129
2025-06-12 04:28:05,170 - krx_fetcher - INFO - Updated 952 rows in database
2025-06-12 04:28:05,331 - krx_fetcher - INFO - Updated 1696 rows in database
2025-06-12 04:28:09,670 - krx_fetcher - INFO - Fetching STK data for 20231130
2025-06-12 04:28:12,125 - krx_fetcher - INFO - Fetched 952 rows for STK on 20231130
2025-06-12 04:28:12,125 - krx_fetcher - INFO - Fetching KSQ data for 20231130
2025-06-12 04:28:16,024 - krx_fetcher - INFO - Fetched 1696 rows for KSQ on 20231130
2025-06-12 04:28:16,115 - krx_fetcher - INFO - Updated 952 rows in database
2025-06-12 04:28:16,239 - krx_fetcher - INFO - Updated 1696 rows in database
2025-06-12 04:28:19,484 - krx_fetcher - INFO - Fetching STK data for 20231201
2025-06-12 04:28:22,074 - krx_fetcher - INFO - Fetched 952 rows for STK on 20231201
2025-06-12 04:28:22,074 - krx_fetcher - INFO - Fetching KSQ data for 20231201
2025-06-12 04:28:25,911 - krx_fetcher - INFO - Fetched 1698 rows for KSQ on 20231201
2025-06-12 04:28:25,998 - krx_fetcher - INFO - Updated 952 rows in database
2025-06-12 04:28:26,124 - krx_fetcher - INFO - Updated 1698 rows in database
2025-06-12 04:28:30,254 - krx_fetcher - INFO - Fetching STK data for 20231204
2025-06-12 04:28:32,827 - krx_fetcher - INFO - Fetched 952 rows for STK on 20231204
2025-06-12 04:28:32,827 - krx_fetcher - INFO - Fetching KSQ data for 20231204
2025-06-12 04:28:36,664 - krx_fetcher - INFO - Fetched 1699 rows for KSQ on 20231204
2025-06-12 04:28:36,772 - krx_fetcher - INFO - Updated 952 rows in database
2025-06-12 04:28:36,892 - krx_fetcher - INFO - Updated 1699 rows in database
2025-06-12 04:28:39,808 - krx_fetcher - INFO - Fetching STK data for 20231205
2025-06-12 04:28:42,367 - krx_fetcher - INFO - Fetched 952 rows for STK on 20231205
2025-06-12 04:28:42,367 - krx_fetcher - INFO - Fetching KSQ data for 20231205
2025-06-12 04:28:46,241 - krx_fetcher - INFO - Fetched 1701 rows for KSQ on 20231205
2025-06-12 04:28:46,334 - krx_fetcher - INFO - Updated 952 rows in database
2025-06-12 04:28:46,451 - krx_fetcher - INFO - Updated 1701 rows in database
2025-06-12 04:28:49,909 - krx_fetcher - INFO - Fetching STK data for 20231206
2025-06-12 04:28:52,486 - krx_fetcher - INFO - Fetched 952 rows for STK on 20231206
2025-06-12 04:28:52,487 - krx_fetcher - INFO - Fetching KSQ data for 20231206
2025-06-12 04:28:56,382 - krx_fetcher - INFO - Fetched 1701 rows for KSQ on 20231206
2025-06-12 04:28:56,473 - krx_fetcher - INFO - Updated 952 rows in database
2025-06-12 04:28:56,595 - krx_fetcher - INFO - Updated 1701 rows in database
2025-06-12 04:29:01,200 - krx_fetcher - INFO - Fetching STK data for 20231207
2025-06-12 04:29:03,724 - krx_fetcher - INFO - Fetched 952 rows for STK on 20231207
2025-06-12 04:29:03,724 - krx_fetcher - INFO - Fetching KSQ data for 20231207
2025-06-12 04:29:07,647 - krx_fetcher - INFO - Fetched 1701 rows for KSQ on 20231207
2025-06-12 04:29:07,824 - krx_fetcher - INFO - Updated 952 rows in database
2025-06-12 04:29:08,077 - krx_fetcher - INFO - Updated 1701 rows in database
2025-06-12 04:29:12,160 - krx_fetcher - INFO - Fetching STK data for 20231208
2025-06-12 04:29:14,707 - krx_fetcher - INFO - Fetched 952 rows for STK on 20231208
2025-06-12 04:29:14,707 - krx_fetcher - INFO - Fetching KSQ data for 20231208
2025-06-12 04:29:18,600 - krx_fetcher - INFO - Fetched 1701 rows for KSQ on 20231208
2025-06-12 04:29:18,703 - krx_fetcher - INFO - Updated 952 rows in database
2025-06-12 04:29:18,842 - krx_fetcher - INFO - Updated 1701 rows in database
2025-06-12 04:29:21,689 - krx_fetcher - INFO - Fetching STK data for 20231211
2025-06-12 04:29:24,310 - krx_fetcher - INFO - Fetched 952 rows for STK on 20231211
2025-06-12 04:29:24,311 - krx_fetcher - INFO - Fetching KSQ data for 20231211
2025-06-12 04:29:28,226 - krx_fetcher - INFO - Fetched 1701 rows for KSQ on 20231211
2025-06-12 04:29:28,326 - krx_fetcher - INFO - Updated 952 rows in database
2025-06-12 04:29:28,460 - krx_fetcher - INFO - Updated 1701 rows in database
2025-06-12 04:29:31,927 - krx_fetcher - INFO - Fetching STK data for 20231212
2025-06-12 04:29:34,580 - krx_fetcher - INFO - Fetched 952 rows for STK on 20231212
2025-06-12 04:29:34,580 - krx_fetcher - INFO - Fetching KSQ data for 20231212
2025-06-12 04:29:38,365 - krx_fetcher - INFO - Fetched 1702 rows for KSQ on 20231212
2025-06-12 04:29:38,463 - krx_fetcher - INFO - Updated 952 rows in database
2025-06-12 04:29:38,589 - krx_fetcher - INFO - Updated 1702 rows in database
2025-06-12 04:29:43,185 - krx_fetcher - INFO - Fetching STK data for 20231213
2025-06-12 04:29:45,839 - krx_fetcher - INFO - Fetched 952 rows for STK on 20231213
2025-06-12 04:29:45,839 - krx_fetcher - INFO - Fetching KSQ data for 20231213
2025-06-12 04:29:49,625 - krx_fetcher - INFO - Fetched 1702 rows for KSQ on 20231213
2025-06-12 04:29:49,730 - krx_fetcher - INFO - Updated 952 rows in database
2025-06-12 04:29:49,851 - krx_fetcher - INFO - Updated 1702 rows in database
2025-06-12 04:29:53,706 - krx_fetcher - INFO - Fetching STK data for 20231214
2025-06-12 04:29:56,269 - krx_fetcher - INFO - Fetched 952 rows for STK on 20231214
2025-06-12 04:29:56,269 - krx_fetcher - INFO - Fetching KSQ data for 20231214
2025-06-12 04:30:00,048 - krx_fetcher - INFO - Fetched 1702 rows for KSQ on 20231214
2025-06-12 04:30:00,140 - krx_fetcher - INFO - Updated 952 rows in database
2025-06-12 04:30:00,261 - krx_fetcher - INFO - Updated 1702 rows in database
2025-06-12 04:30:02,529 - krx_fetcher - INFO - Fetching STK data for 20231215
2025-06-12 04:30:05,061 - krx_fetcher - INFO - Fetched 952 rows for STK on 20231215
2025-06-12 04:30:05,061 - krx_fetcher - INFO - Fetching KSQ data for 20231215
2025-06-12 04:30:08,971 - krx_fetcher - INFO - Fetched 1702 rows for KSQ on 20231215
2025-06-12 04:30:09,064 - krx_fetcher - INFO - Updated 952 rows in database
2025-06-12 04:30:09,186 - krx_fetcher - INFO - Updated 1702 rows in database
2025-06-12 04:30:11,378 - krx_fetcher - INFO - Fetching STK data for 20231218
2025-06-12 04:30:13,985 - krx_fetcher - INFO - Fetched 952 rows for STK on 20231218
2025-06-12 04:30:13,985 - krx_fetcher - INFO - Fetching KSQ data for 20231218
2025-06-12 04:30:17,877 - krx_fetcher - INFO - Fetched 1701 rows for KSQ on 20231218
2025-06-12 04:30:17,968 - krx_fetcher - INFO - Updated 952 rows in database
2025-06-12 04:30:18,086 - krx_fetcher - INFO - Updated 1701 rows in database
2025-06-12 04:30:20,178 - krx_fetcher - INFO - Fetching STK data for 20231219
2025-06-12 04:30:22,790 - krx_fetcher - INFO - Fetched 952 rows for STK on 20231219
2025-06-12 04:30:22,791 - krx_fetcher - INFO - Fetching KSQ data for 20231219
2025-06-12 04:30:26,580 - krx_fetcher - INFO - Fetched 1701 rows for KSQ on 20231219
2025-06-12 04:30:26,681 - krx_fetcher - INFO - Updated 952 rows in database
2025-06-12 04:30:26,802 - krx_fetcher - INFO - Updated 1701 rows in database
2025-06-12 04:30:31,611 - krx_fetcher - INFO - Fetching STK data for 20231220
2025-06-12 04:30:34,165 - krx_fetcher - INFO - Fetched 952 rows for STK on 20231220
2025-06-12 04:30:34,165 - krx_fetcher - INFO - Fetching KSQ data for 20231220
2025-06-12 04:30:37,945 - krx_fetcher - INFO - Fetched 1701 rows for KSQ on 20231220
2025-06-12 04:30:38,044 - krx_fetcher - INFO - Updated 952 rows in database
2025-06-12 04:30:38,161 - krx_fetcher - INFO - Updated 1701 rows in database
2025-06-12 04:30:42,328 - krx_fetcher - INFO - Fetching STK data for 20231221
2025-06-12 04:30:44,905 - krx_fetcher - INFO - Fetched 952 rows for STK on 20231221
2025-06-12 04:30:44,906 - krx_fetcher - INFO - Fetching KSQ data for 20231221
2025-06-12 04:30:48,708 - krx_fetcher - INFO - Fetched 1701 rows for KSQ on 20231221
2025-06-12 04:30:48,792 - krx_fetcher - INFO - Updated 952 rows in database
2025-06-12 04:30:48,919 - krx_fetcher - INFO - Updated 1701 rows in database
2025-06-12 04:30:51,844 - krx_fetcher - INFO - Fetching STK data for 20231222
2025-06-12 04:30:53,921 - krx_fetcher - ERROR - Failed to download/parse data: No columns to parse from file
2025-06-12 04:30:53,921 - krx_fetcher - ERROR - Error fetching STK data for 20231222: No columns to parse from file
Traceback (most recent call last):
  File "/Users/kmj/Desktop/Python/timefolio-2025-main/krx_fetcher.py", line 290, in fetch_daily_data
    df = self._download_data(otp)
  File "/Users/kmj/Desktop/Python/timefolio-2025-main/krx_fetcher.py", line 207, in _download_data
    df = pd.read_csv(BytesIO(response.content), encoding='EUC-KR')
  File "/Users/kmj/Desktop/Python/timefolio-2025-main/venv/lib/python3.13/site-packages/pandas/io/parsers/readers.py", line 1026, in read_csv
    return _read(filepath_or_buffer, kwds)
  File "/Users/kmj/Desktop/Python/timefolio-2025-main/venv/lib/python3.13/site-packages/pandas/io/parsers/readers.py", line 620, in _read
    parser = TextFileReader(filepath_or_buffer, **kwds)
  File "/Users/kmj/Desktop/Python/timefolio-2025-main/venv/lib/python3.13/site-packages/pandas/io/parsers/readers.py", line 1620, in __init__
    self._engine = self._make_engine(f, self.engine)
                   ~~~~~~~~~~~~~~~~~^^^^^^^^^^^^^^^^
  File "/Users/kmj/Desktop/Python/timefolio-2025-main/venv/lib/python3.13/site-packages/pandas/io/parsers/readers.py", line 1898, in _make_engine
    return mapping[engine](f, **self.options)
           ~~~~~~~~~~~~~~~^^^^^^^^^^^^^^^^^^^
  File "/Users/kmj/Desktop/Python/timefolio-2025-main/venv/lib/python3.13/site-packages/pandas/io/parsers/c_parser_wrapper.py", line 93, in __init__
    self._reader = parsers.TextReader(src, **kwds)
                   ~~~~~~~~~~~~~~~~~~^^^^^^^^^^^^^
  File "pandas/_libs/parsers.pyx", line 581, in pandas._libs.parsers.TextReader.__cinit__
pandas.errors.EmptyDataError: No columns to parse from file
2025-06-12 04:30:53,928 - krx_fetcher - INFO - Fetching KSQ data for 20231222
2025-06-12 04:30:57,943 - krx_fetcher - ERROR - Failed to download/parse data: No columns to parse from file
2025-06-12 04:30:57,944 - krx_fetcher - ERROR - Error fetching KSQ data for 20231222: No columns to parse from file
Traceback (most recent call last):
  File "/Users/kmj/Desktop/Python/timefolio-2025-main/krx_fetcher.py", line 290, in fetch_daily_data
    df = self._download_data(otp)
  File "/Users/kmj/Desktop/Python/timefolio-2025-main/krx_fetcher.py", line 207, in _download_data
    df = pd.read_csv(BytesIO(response.content), encoding='EUC-KR')
  File "/Users/kmj/Desktop/Python/timefolio-2025-main/venv/lib/python3.13/site-packages/pandas/io/parsers/readers.py", line 1026, in read_csv
    return _read(filepath_or_buffer, kwds)
  File "/Users/kmj/Desktop/Python/timefolio-2025-main/venv/lib/python3.13/site-packages/pandas/io/parsers/readers.py", line 620, in _read
    parser = TextFileReader(filepath_or_buffer, **kwds)
  File "/Users/kmj/Desktop/Python/timefolio-2025-main/venv/lib/python3.13/site-packages/pandas/io/parsers/readers.py", line 1620, in __init__
    self._engine = self._make_engine(f, self.engine)
                   ~~~~~~~~~~~~~~~~~^^^^^^^^^^^^^^^^
  File "/Users/kmj/Desktop/Python/timefolio-2025-main/venv/lib/python3.13/site-packages/pandas/io/parsers/readers.py", line 1898, in _make_engine
    return mapping[engine](f, **self.options)
           ~~~~~~~~~~~~~~~^^^^^^^^^^^^^^^^^^^
  File "/Users/kmj/Desktop/Python/timefolio-2025-main/venv/lib/python3.13/site-packages/pandas/io/parsers/c_parser_wrapper.py", line 93, in __init__
    self._reader = parsers.TextReader(src, **kwds)
                   ~~~~~~~~~~~~~~~~~~^^^^^^^^^^^^^
  File "pandas/_libs/parsers.pyx", line 581, in pandas._libs.parsers.TextReader.__cinit__
pandas.errors.EmptyDataError: No columns to parse from file
2025-06-12 04:30:57,946 - backfill_krx - WARNING - No data returned for 20231222
2025-06-12 04:30:57,946 - krx_fetcher - INFO - Fetching STK data for 20231225
2025-06-12 04:31:02,104 - krx_fetcher - INFO - Fetched 953 rows for STK on 20231225
2025-06-12 04:31:02,104 - krx_fetcher - INFO - Fetching KSQ data for 20231225
2025-06-12 04:31:06,114 - krx_fetcher - INFO - Fetched 1703 rows for KSQ on 20231225
2025-06-12 04:31:06,202 - krx_fetcher - INFO - Updated 953 rows in database
2025-06-12 04:31:06,333 - krx_fetcher - INFO - Updated 1703 rows in database
2025-06-12 04:31:08,672 - krx_fetcher - INFO - Fetching STK data for 20231226
2025-06-12 04:31:11,213 - krx_fetcher - INFO - Fetched 953 rows for STK on 20231226
2025-06-12 04:31:11,213 - krx_fetcher - INFO - Fetching KSQ data for 20231226
2025-06-12 04:31:15,091 - krx_fetcher - INFO - Fetched 1703 rows for KSQ on 20231226
2025-06-12 04:31:15,172 - krx_fetcher - INFO - Updated 953 rows in database
2025-06-12 04:31:15,312 - krx_fetcher - INFO - Updated 1703 rows in database
2025-06-12 04:31:17,631 - krx_fetcher - INFO - Fetching STK data for 20231227
2025-06-12 04:31:20,101 - krx_fetcher - INFO - Fetched 953 rows for STK on 20231227
2025-06-12 04:31:20,101 - krx_fetcher - INFO - Fetching KSQ data for 20231227
2025-06-12 04:31:24,091 - krx_fetcher - INFO - Fetched 1702 rows for KSQ on 20231227
2025-06-12 04:31:24,178 - krx_fetcher - INFO - Updated 953 rows in database
2025-06-12 04:31:24,350 - krx_fetcher - INFO - Updated 1702 rows in database
2025-06-12 04:31:26,706 - krx_fetcher - INFO - Fetching STK data for 20231228
2025-06-12 04:31:29,279 - krx_fetcher - INFO - Fetched 953 rows for STK on 20231228
2025-06-12 04:31:29,280 - krx_fetcher - INFO - Fetching KSQ data for 20231228
2025-06-12 04:31:33,050 - krx_fetcher - INFO - Fetched 1702 rows for KSQ on 20231228
2025-06-12 04:31:33,142 - krx_fetcher - INFO - Updated 953 rows in database
2025-06-12 04:31:33,321 - krx_fetcher - INFO - Updated 1702 rows in database
2025-06-12 04:31:35,649 - krx_fetcher - INFO - Fetching STK data for 20231229
2025-06-12 04:31:37,894 - krx_fetcher - INFO - Fetched 953 rows for STK on 20231229
2025-06-12 04:31:37,894 - krx_fetcher - INFO - Fetching KSQ data for 20231229
2025-06-12 04:31:42,051 - krx_fetcher - INFO - Fetched 1702 rows for KSQ on 20231229
2025-06-12 04:31:42,158 - krx_fetcher - INFO - Updated 953 rows in database
2025-06-12 04:31:42,298 - krx_fetcher - INFO - Updated 1702 rows in database
2025-06-12 04:31:44,602 - krx_fetcher - INFO - Fetching STK data for 20240101
2025-06-12 04:31:46,762 - krx_fetcher - INFO - Fetched 953 rows for STK on 20240101
2025-06-12 04:31:46,763 - krx_fetcher - INFO - Fetching KSQ data for 20240101
2025-06-12 04:31:50,870 - krx_fetcher - INFO - Fetched 1702 rows for KSQ on 20240101
2025-06-12 04:31:50,976 - krx_fetcher - INFO - Updated 953 rows in database
2025-06-12 04:31:51,103 - krx_fetcher - INFO - Updated 1702 rows in database
2025-06-12 04:31:53,213 - krx_fetcher - INFO - Fetching STK data for 20240102
2025-06-12 04:31:55,874 - krx_fetcher - INFO - Fetched 953 rows for STK on 20240102
2025-06-12 04:31:55,874 - krx_fetcher - INFO - Fetching KSQ data for 20240102
2025-06-12 04:31:59,608 - krx_fetcher - INFO - Fetched 1701 rows for KSQ on 20240102
2025-06-12 04:31:59,702 - krx_fetcher - INFO - Updated 953 rows in database
2025-06-12 04:31:59,875 - krx_fetcher - INFO - Updated 1701 rows in database
2025-06-12 04:32:04,755 - krx_fetcher - INFO - Fetching STK data for 20240103
2025-06-12 04:32:07,261 - krx_fetcher - INFO - Fetched 953 rows for STK on 20240103
2025-06-12 04:32:07,261 - krx_fetcher - INFO - Fetching KSQ data for 20240103
2025-06-12 04:32:11,229 - krx_fetcher - INFO - Fetched 1700 rows for KSQ on 20240103
2025-06-12 04:32:11,333 - krx_fetcher - INFO - Updated 953 rows in database
2025-06-12 04:32:11,528 - krx_fetcher - INFO - Updated 1700 rows in database
2025-06-12 04:32:16,063 - krx_fetcher - INFO - Fetching STK data for 20240104
2025-06-12 04:32:18,693 - krx_fetcher - INFO - Fetched 953 rows for STK on 20240104
2025-06-12 04:32:18,693 - krx_fetcher - INFO - Fetching KSQ data for 20240104
2025-06-12 04:32:22,485 - krx_fetcher - INFO - Fetched 1700 rows for KSQ on 20240104
2025-06-12 04:32:22,618 - krx_fetcher - INFO - Updated 953 rows in database
2025-06-12 04:32:22,775 - krx_fetcher - INFO - Updated 1700 rows in database
2025-06-12 04:32:26,558 - krx_fetcher - INFO - Fetching STK data for 20240105
2025-06-12 04:32:29,137 - krx_fetcher - INFO - Fetched 953 rows for STK on 20240105
2025-06-12 04:32:29,137 - krx_fetcher - INFO - Fetching KSQ data for 20240105
2025-06-12 04:32:32,983 - krx_fetcher - INFO - Fetched 1700 rows for KSQ on 20240105
2025-06-12 04:32:33,086 - krx_fetcher - INFO - Updated 953 rows in database
2025-06-12 04:32:33,250 - krx_fetcher - INFO - Updated 1700 rows in database
2025-06-12 04:32:35,506 - krx_fetcher - INFO - Fetching STK data for 20240108
2025-06-12 04:32:38,156 - krx_fetcher - INFO - Fetched 953 rows for STK on 20240108
2025-06-12 04:32:38,156 - krx_fetcher - INFO - Fetching KSQ data for 20240108
2025-06-12 04:32:41,959 - krx_fetcher - INFO - Fetched 1700 rows for KSQ on 20240108
2025-06-12 04:32:42,095 - krx_fetcher - INFO - Updated 953 rows in database
2025-06-12 04:32:42,345 - krx_fetcher - INFO - Updated 1700 rows in database
2025-06-12 04:32:44,697 - krx_fetcher - INFO - Fetching STK data for 20240109
2025-06-12 04:32:47,378 - krx_fetcher - INFO - Fetched 953 rows for STK on 20240109
2025-06-12 04:32:47,379 - krx_fetcher - INFO - Fetching KSQ data for 20240109
2025-06-12 04:32:51,175 - krx_fetcher - INFO - Fetched 1700 rows for KSQ on 20240109
2025-06-12 04:32:51,275 - krx_fetcher - INFO - Updated 953 rows in database
2025-06-12 04:32:51,405 - krx_fetcher - INFO - Updated 1700 rows in database
2025-06-12 04:32:53,816 - krx_fetcher - INFO - Fetching STK data for 20240110
2025-06-12 04:32:56,389 - krx_fetcher - INFO - Fetched 953 rows for STK on 20240110
2025-06-12 04:32:56,389 - krx_fetcher - INFO - Fetching KSQ data for 20240110
2025-06-12 04:33:00,164 - krx_fetcher - INFO - Fetched 1700 rows for KSQ on 20240110
2025-06-12 04:33:00,265 - krx_fetcher - INFO - Updated 953 rows in database
2025-06-12 04:33:00,396 - krx_fetcher - INFO - Updated 1700 rows in database
2025-06-12 04:33:02,800 - krx_fetcher - INFO - Fetching STK data for 20240111
2025-06-12 04:33:05,401 - krx_fetcher - INFO - Fetched 953 rows for STK on 20240111
2025-06-12 04:33:05,401 - krx_fetcher - INFO - Fetching KSQ data for 20240111
2025-06-12 04:33:09,298 - krx_fetcher - INFO - Fetched 1700 rows for KSQ on 20240111
2025-06-12 04:33:09,395 - krx_fetcher - INFO - Updated 953 rows in database
2025-06-12 04:33:09,523 - krx_fetcher - INFO - Updated 1700 rows in database
2025-06-12 04:33:12,052 - krx_fetcher - INFO - Fetching STK data for 20240112
2025-06-12 04:33:14,576 - krx_fetcher - INFO - Fetched 953 rows for STK on 20240112
2025-06-12 04:33:14,576 - krx_fetcher - INFO - Fetching KSQ data for 20240112
2025-06-12 04:33:18,514 - krx_fetcher - INFO - Fetched 1699 rows for KSQ on 20240112
2025-06-12 04:33:18,613 - krx_fetcher - INFO - Updated 953 rows in database
2025-06-12 04:33:18,744 - krx_fetcher - INFO - Updated 1699 rows in database
2025-06-12 04:33:21,495 - krx_fetcher - INFO - Fetching STK data for 20240115
2025-06-12 04:33:23,987 - krx_fetcher - INFO - Fetched 953 rows for STK on 20240115
2025-06-12 04:33:23,987 - krx_fetcher - INFO - Fetching KSQ data for 20240115
2025-06-12 04:33:28,035 - krx_fetcher - INFO - Fetched 1699 rows for KSQ on 20240115
2025-06-12 04:33:28,132 - krx_fetcher - INFO - Updated 953 rows in database
2025-06-12 04:33:28,261 - krx_fetcher - INFO - Updated 1699 rows in database
2025-06-12 04:33:31,529 - krx_fetcher - INFO - Fetching STK data for 20240116
2025-06-12 04:33:34,177 - krx_fetcher - INFO - Fetched 953 rows for STK on 20240116
2025-06-12 04:33:34,177 - krx_fetcher - INFO - Fetching KSQ data for 20240116
2025-06-12 04:33:37,971 - krx_fetcher - INFO - Fetched 1699 rows for KSQ on 20240116
2025-06-12 04:33:38,069 - krx_fetcher - INFO - Updated 953 rows in database
2025-06-12 04:33:38,198 - krx_fetcher - INFO - Updated 1699 rows in database
2025-06-12 04:33:42,403 - krx_fetcher - INFO - Fetching STK data for 20240117
2025-06-12 04:33:45,028 - krx_fetcher - INFO - Fetched 953 rows for STK on 20240117
2025-06-12 04:33:45,029 - krx_fetcher - INFO - Fetching KSQ data for 20240117
2025-06-12 04:33:48,822 - krx_fetcher - INFO - Fetched 1699 rows for KSQ on 20240117
2025-06-12 04:33:48,915 - krx_fetcher - INFO - Updated 953 rows in database
2025-06-12 04:33:49,036 - krx_fetcher - INFO - Updated 1699 rows in database
2025-06-12 04:33:52,079 - krx_fetcher - INFO - Fetching STK data for 20240118
2025-06-12 04:33:54,657 - krx_fetcher - INFO - Fetched 953 rows for STK on 20240118
2025-06-12 04:33:54,657 - krx_fetcher - INFO - Fetching KSQ data for 20240118
2025-06-12 04:33:58,558 - krx_fetcher - INFO - Fetched 1699 rows for KSQ on 20240118
2025-06-12 04:33:58,652 - krx_fetcher - INFO - Updated 953 rows in database
2025-06-12 04:33:58,773 - krx_fetcher - INFO - Updated 1699 rows in database
2025-06-12 04:34:02,553 - krx_fetcher - INFO - Fetching STK data for 20240119
2025-06-12 04:34:05,203 - krx_fetcher - INFO - Fetched 953 rows for STK on 20240119
2025-06-12 04:34:05,204 - krx_fetcher - INFO - Fetching KSQ data for 20240119
2025-06-12 04:34:08,994 - krx_fetcher - INFO - Fetched 1699 rows for KSQ on 20240119
2025-06-12 04:34:09,088 - krx_fetcher - INFO - Updated 953 rows in database
2025-06-12 04:34:09,209 - krx_fetcher - INFO - Updated 1699 rows in database
2025-06-12 04:34:11,424 - krx_fetcher - INFO - Fetching STK data for 20240122
2025-06-12 04:34:14,012 - krx_fetcher - INFO - Fetched 953 rows for STK on 20240122
2025-06-12 04:34:14,012 - krx_fetcher - INFO - Fetching KSQ data for 20240122
2025-06-12 04:34:17,800 - krx_fetcher - INFO - Fetched 1699 rows for KSQ on 20240122
2025-06-12 04:34:17,890 - krx_fetcher - INFO - Updated 953 rows in database
2025-06-12 04:34:18,010 - krx_fetcher - INFO - Updated 1699 rows in database
2025-06-12 04:34:20,025 - krx_fetcher - INFO - Fetching STK data for 20240123
2025-06-12 04:34:22,612 - krx_fetcher - INFO - Fetched 953 rows for STK on 20240123
2025-06-12 04:34:22,612 - krx_fetcher - INFO - Fetching KSQ data for 20240123
2025-06-12 04:34:26,397 - krx_fetcher - INFO - Fetched 1698 rows for KSQ on 20240123
2025-06-12 04:34:26,485 - krx_fetcher - INFO - Updated 953 rows in database
2025-06-12 04:34:26,605 - krx_fetcher - INFO - Updated 1698 rows in database
2025-06-12 04:34:31,217 - krx_fetcher - INFO - Fetching STK data for 20240124
2025-06-12 04:34:33,877 - krx_fetcher - INFO - Fetched 953 rows for STK on 20240124
2025-06-12 04:34:33,877 - krx_fetcher - INFO - Fetching KSQ data for 20240124
2025-06-12 04:34:37,666 - krx_fetcher - INFO - Fetched 1700 rows for KSQ on 20240124
2025-06-12 04:34:37,759 - krx_fetcher - INFO - Updated 953 rows in database
2025-06-12 04:34:37,882 - krx_fetcher - INFO - Updated 1700 rows in database
2025-06-12 04:34:41,770 - krx_fetcher - INFO - Fetching STK data for 20240125
2025-06-12 04:34:44,524 - krx_fetcher - INFO - Fetched 953 rows for STK on 20240125
2025-06-12 04:34:44,524 - krx_fetcher - INFO - Fetching KSQ data for 20240125
2025-06-12 04:34:48,214 - krx_fetcher - INFO - Fetched 1701 rows for KSQ on 20240125
2025-06-12 04:34:48,304 - krx_fetcher - INFO - Updated 953 rows in database
2025-06-12 04:34:48,424 - krx_fetcher - INFO - Updated 1701 rows in database
2025-06-12 04:34:50,854 - krx_fetcher - INFO - Fetching STK data for 20240126
2025-06-12 04:34:53,640 - krx_fetcher - INFO - Fetched 953 rows for STK on 20240126
2025-06-12 04:34:53,640 - krx_fetcher - INFO - Fetching KSQ data for 20240126
2025-06-12 04:34:57,210 - krx_fetcher - INFO - Fetched 1702 rows for KSQ on 20240126
2025-06-12 04:34:57,306 - krx_fetcher - INFO - Updated 953 rows in database
2025-06-12 04:34:57,430 - krx_fetcher - INFO - Updated 1702 rows in database
2025-06-12 04:34:59,868 - krx_fetcher - INFO - Fetching STK data for 20240129
2025-06-12 04:35:02,449 - krx_fetcher - INFO - Fetched 954 rows for STK on 20240129
2025-06-12 04:35:02,449 - krx_fetcher - INFO - Fetching KSQ data for 20240129
2025-06-12 04:35:06,239 - krx_fetcher - INFO - Fetched 1702 rows for KSQ on 20240129
2025-06-12 04:35:06,331 - krx_fetcher - INFO - Updated 954 rows in database
2025-06-12 04:35:06,450 - krx_fetcher - INFO - Updated 1702 rows in database
2025-06-12 04:35:08,907 - krx_fetcher - INFO - Fetching STK data for 20240130
2025-06-12 04:35:11,559 - krx_fetcher - INFO - Fetched 954 rows for STK on 20240130
2025-06-12 04:35:11,559 - krx_fetcher - INFO - Fetching KSQ data for 20240130
2025-06-12 04:35:15,350 - krx_fetcher - INFO - Fetched 1702 rows for KSQ on 20240130
2025-06-12 04:35:15,441 - krx_fetcher - INFO - Updated 954 rows in database
2025-06-12 04:35:15,561 - krx_fetcher - INFO - Updated 1702 rows in database
2025-06-12 04:35:18,128 - krx_fetcher - INFO - Fetching STK data for 20240131
2025-06-12 04:35:20,776 - krx_fetcher - INFO - Fetched 953 rows for STK on 20240131
2025-06-12 04:35:20,776 - krx_fetcher - INFO - Fetching KSQ data for 20240131
2025-06-12 04:35:24,574 - krx_fetcher - INFO - Fetched 1702 rows for KSQ on 20240131
2025-06-12 04:35:24,670 - krx_fetcher - INFO - Updated 953 rows in database
2025-06-12 04:35:24,787 - krx_fetcher - INFO - Updated 1702 rows in database
2025-06-12 04:35:27,582 - krx_fetcher - INFO - Fetching STK data for 20240201
2025-06-12 04:35:30,197 - krx_fetcher - INFO - Fetched 953 rows for STK on 20240201
2025-06-12 04:35:30,197 - krx_fetcher - INFO - Fetching KSQ data for 20240201
2025-06-12 04:35:34,089 - krx_fetcher - INFO - Fetched 1704 rows for KSQ on 20240201
2025-06-12 04:35:34,183 - krx_fetcher - INFO - Updated 953 rows in database
2025-06-12 04:35:34,301 - krx_fetcher - INFO - Updated 1704 rows in database
2025-06-12 04:35:37,608 - krx_fetcher - INFO - Fetching STK data for 20240202
2025-06-12 04:35:40,339 - krx_fetcher - INFO - Fetched 953 rows for STK on 20240202
2025-06-12 04:35:40,339 - krx_fetcher - INFO - Fetching KSQ data for 20240202
2025-06-12 04:35:44,127 - krx_fetcher - INFO - Fetched 1705 rows for KSQ on 20240202
2025-06-12 04:35:44,219 - krx_fetcher - INFO - Updated 953 rows in database
2025-06-12 04:35:44,348 - krx_fetcher - INFO - Updated 1705 rows in database
2025-06-12 04:35:48,703 - krx_fetcher - INFO - Fetching STK data for 20240205
2025-06-12 04:35:51,290 - krx_fetcher - INFO - Fetched 953 rows for STK on 20240205
2025-06-12 04:35:51,290 - krx_fetcher - INFO - Fetching KSQ data for 20240205
2025-06-12 04:35:55,184 - krx_fetcher - INFO - Fetched 1705 rows for KSQ on 20240205
2025-06-12 04:35:55,275 - krx_fetcher - INFO - Updated 953 rows in database
2025-06-12 04:35:55,391 - krx_fetcher - INFO - Updated 1705 rows in database
2025-06-12 04:35:58,789 - krx_fetcher - INFO - Fetching STK data for 20240206
2025-06-12 04:36:01,419 - krx_fetcher - INFO - Fetched 953 rows for STK on 20240206
2025-06-12 04:36:01,419 - krx_fetcher - INFO - Fetching KSQ data for 20240206
2025-06-12 04:36:05,220 - krx_fetcher - INFO - Fetched 1707 rows for KSQ on 20240206
2025-06-12 04:36:05,312 - krx_fetcher - INFO - Updated 953 rows in database
2025-06-12 04:36:05,428 - krx_fetcher - INFO - Updated 1707 rows in database
2025-06-12 04:36:09,862 - krx_fetcher - INFO - Fetching STK data for 20240207
2025-06-12 04:36:12,384 - krx_fetcher - INFO - Fetched 953 rows for STK on 20240207
2025-06-12 04:36:12,385 - krx_fetcher - INFO - Fetching KSQ data for 20240207
2025-06-12 04:36:16,369 - krx_fetcher - INFO - Fetched 1707 rows for KSQ on 20240207
2025-06-12 04:36:16,446 - krx_fetcher - INFO - Updated 953 rows in database
2025-06-12 04:36:16,563 - krx_fetcher - INFO - Updated 1707 rows in database
2025-06-12 04:36:20,132 - krx_fetcher - INFO - Fetching STK data for 20240208
2025-06-12 04:36:22,731 - krx_fetcher - INFO - Fetched 953 rows for STK on 20240208
2025-06-12 04:36:22,731 - krx_fetcher - INFO - Fetching KSQ data for 20240208
2025-06-12 04:36:26,622 - krx_fetcher - INFO - Fetched 1707 rows for KSQ on 20240208
2025-06-12 04:36:26,711 - krx_fetcher - INFO - Updated 953 rows in database
2025-06-12 04:36:26,827 - krx_fetcher - INFO - Updated 1707 rows in database
2025-06-12 04:36:31,661 - krx_fetcher - INFO - Fetching STK data for 20240209
2025-06-12 04:36:33,810 - krx_fetcher - INFO - Fetched 953 rows for STK on 20240209
2025-06-12 04:36:33,810 - krx_fetcher - INFO - Fetching KSQ data for 20240209
2025-06-12 04:36:37,842 - krx_fetcher - INFO - Fetched 1707 rows for KSQ on 20240209
2025-06-12 04:36:37,934 - krx_fetcher - INFO - Updated 953 rows in database
2025-06-12 04:36:38,051 - krx_fetcher - INFO - Updated 1707 rows in database
2025-06-12 04:36:42,109 - krx_fetcher - INFO - Fetching STK data for 20240212
2025-06-12 04:36:44,314 - krx_fetcher - INFO - Fetched 953 rows for STK on 20240212
2025-06-12 04:36:44,314 - krx_fetcher - INFO - Fetching KSQ data for 20240212
2025-06-12 04:36:48,316 - krx_fetcher - INFO - Fetched 1707 rows for KSQ on 20240212
2025-06-12 04:36:48,403 - krx_fetcher - INFO - Updated 953 rows in database
2025-06-12 04:36:48,518 - krx_fetcher - INFO - Updated 1707 rows in database
2025-06-12 04:36:51,043 - krx_fetcher - INFO - Fetching STK data for 20240213
2025-06-12 04:36:53,654 - krx_fetcher - INFO - Fetched 953 rows for STK on 20240213
2025-06-12 04:36:53,654 - krx_fetcher - INFO - Fetching KSQ data for 20240213
2025-06-12 04:36:57,549 - krx_fetcher - INFO - Fetched 1707 rows for KSQ on 20240213
2025-06-12 04:36:57,646 - krx_fetcher - INFO - Updated 953 rows in database
2025-06-12 04:36:57,763 - krx_fetcher - INFO - Updated 1707 rows in database
2025-06-12 04:37:00,532 - krx_fetcher - INFO - Fetching STK data for 20240214
2025-06-12 04:37:03,177 - krx_fetcher - INFO - Fetched 953 rows for STK on 20240214
2025-06-12 04:37:03,178 - krx_fetcher - INFO - Fetching KSQ data for 20240214
2025-06-12 04:37:06,969 - krx_fetcher - INFO - Fetched 1707 rows for KSQ on 20240214
2025-06-12 04:37:07,065 - krx_fetcher - INFO - Updated 953 rows in database
2025-06-12 04:37:07,182 - krx_fetcher - INFO - Updated 1707 rows in database
2025-06-12 04:37:10,371 - krx_fetcher - INFO - Fetching STK data for 20240215
2025-06-12 04:37:12,955 - krx_fetcher - INFO - Fetched 953 rows for STK on 20240215
2025-06-12 04:37:12,955 - krx_fetcher - INFO - Fetching KSQ data for 20240215
2025-06-12 04:37:16,800 - krx_fetcher - INFO - Fetched 1706 rows for KSQ on 20240215
2025-06-12 04:37:16,890 - krx_fetcher - INFO - Updated 953 rows in database
2025-06-12 04:37:17,004 - krx_fetcher - INFO - Updated 1706 rows in database
2025-06-12 04:37:21,014 - krx_fetcher - INFO - Fetching STK data for 20240216
2025-06-12 04:37:23,657 - krx_fetcher - INFO - Fetched 953 rows for STK on 20240216
2025-06-12 04:37:23,657 - krx_fetcher - INFO - Fetching KSQ data for 20240216
2025-06-12 04:37:27,417 - krx_fetcher - INFO - Fetched 1706 rows for KSQ on 20240216
2025-06-12 04:37:27,506 - krx_fetcher - INFO - Updated 953 rows in database
2025-06-12 04:37:27,619 - krx_fetcher - INFO - Updated 1706 rows in database
2025-06-12 04:37:30,244 - krx_fetcher - INFO - Fetching STK data for 20240219
2025-06-12 04:37:32,799 - krx_fetcher - INFO - Fetched 953 rows for STK on 20240219
2025-06-12 04:37:32,799 - krx_fetcher - INFO - Fetching KSQ data for 20240219
2025-06-12 04:37:36,664 - krx_fetcher - INFO - Fetched 1706 rows for KSQ on 20240219
2025-06-12 04:37:36,754 - krx_fetcher - INFO - Updated 953 rows in database
2025-06-12 04:37:36,866 - krx_fetcher - INFO - Updated 1706 rows in database
2025-06-12 04:37:39,739 - krx_fetcher - INFO - Fetching STK data for 20240220
2025-06-12 04:37:42,296 - krx_fetcher - INFO - Fetched 953 rows for STK on 20240220
2025-06-12 04:37:42,296 - krx_fetcher - INFO - Fetching KSQ data for 20240220
2025-06-12 04:37:46,187 - krx_fetcher - INFO - Fetched 1706 rows for KSQ on 20240220
2025-06-12 04:37:46,279 - krx_fetcher - INFO - Updated 953 rows in database
2025-06-12 04:37:46,399 - krx_fetcher - INFO - Updated 1706 rows in database
2025-06-12 04:37:49,805 - krx_fetcher - INFO - Fetching STK data for 20240221
2025-06-12 04:37:52,516 - krx_fetcher - INFO - Fetched 953 rows for STK on 20240221
2025-06-12 04:37:52,516 - krx_fetcher - INFO - Fetching KSQ data for 20240221
2025-06-12 04:37:56,222 - krx_fetcher - INFO - Fetched 1706 rows for KSQ on 20240221
2025-06-12 04:37:56,308 - krx_fetcher - INFO - Updated 953 rows in database
2025-06-12 04:37:56,423 - krx_fetcher - INFO - Updated 1706 rows in database
2025-06-12 04:38:00,852 - krx_fetcher - INFO - Fetching STK data for 20240222
2025-06-12 04:38:03,498 - krx_fetcher - INFO - Fetched 953 rows for STK on 20240222
2025-06-12 04:38:03,499 - krx_fetcher - INFO - Fetching KSQ data for 20240222
2025-06-12 04:38:07,240 - krx_fetcher - INFO - Fetched 1707 rows for KSQ on 20240222
2025-06-12 04:38:07,332 - krx_fetcher - INFO - Updated 953 rows in database
2025-06-12 04:38:07,447 - krx_fetcher - INFO - Updated 1707 rows in database
2025-06-12 04:38:10,906 - krx_fetcher - INFO - Fetching STK data for 20240223
2025-06-12 04:38:13,526 - krx_fetcher - INFO - Fetched 953 rows for STK on 20240223
2025-06-12 04:38:13,526 - krx_fetcher - INFO - Fetching KSQ data for 20240223
2025-06-12 04:38:17,320 - krx_fetcher - INFO - Fetched 1709 rows for KSQ on 20240223
2025-06-12 04:38:17,420 - krx_fetcher - INFO - Updated 953 rows in database
2025-06-12 04:38:17,534 - krx_fetcher - INFO - Updated 1709 rows in database
2025-06-12 04:38:22,081 - krx_fetcher - INFO - Fetching STK data for 20240226
2025-06-12 04:38:24,689 - krx_fetcher - INFO - Fetched 953 rows for STK on 20240226
2025-06-12 04:38:24,690 - krx_fetcher - INFO - Fetching KSQ data for 20240226
2025-06-12 04:38:28,583 - krx_fetcher - INFO - Fetched 1709 rows for KSQ on 20240226
2025-06-12 04:38:28,680 - krx_fetcher - INFO - Updated 953 rows in database
2025-06-12 04:38:28,796 - krx_fetcher - INFO - Updated 1709 rows in database
2025-06-12 04:38:32,603 - krx_fetcher - INFO - Fetching STK data for 20240227
2025-06-12 04:38:35,242 - krx_fetcher - INFO - Fetched 954 rows for STK on 20240227
2025-06-12 04:38:35,242 - krx_fetcher - INFO - Fetching KSQ data for 20240227
2025-06-12 04:38:39,025 - krx_fetcher - INFO - Fetched 1709 rows for KSQ on 20240227
2025-06-12 04:38:39,118 - krx_fetcher - INFO - Updated 954 rows in database
2025-06-12 04:38:39,235 - krx_fetcher - INFO - Updated 1709 rows in database
2025-06-12 04:38:41,480 - krx_fetcher - INFO - Fetching STK data for 20240228
2025-06-12 04:38:44,040 - krx_fetcher - INFO - Fetched 954 rows for STK on 20240228
2025-06-12 04:38:44,041 - krx_fetcher - INFO - Fetching KSQ data for 20240228
2025-06-12 04:38:47,935 - krx_fetcher - INFO - Fetched 1709 rows for KSQ on 20240228
2025-06-12 04:38:48,034 - krx_fetcher - INFO - Updated 954 rows in database
2025-06-12 04:38:48,152 - krx_fetcher - INFO - Updated 1709 rows in database
2025-06-12 04:38:50,315 - krx_fetcher - INFO - Fetching STK data for 20240229
2025-06-12 04:38:52,953 - krx_fetcher - INFO - Fetched 954 rows for STK on 20240229
2025-06-12 04:38:52,953 - krx_fetcher - INFO - Fetching KSQ data for 20240229
2025-06-12 04:38:56,746 - krx_fetcher - INFO - Fetched 1711 rows for KSQ on 20240229
2025-06-12 04:38:56,838 - krx_fetcher - INFO - Updated 954 rows in database
2025-06-12 04:38:56,954 - krx_fetcher - INFO - Updated 1711 rows in database
2025-06-12 04:39:01,918 - krx_fetcher - INFO - Fetching STK data for 20240301
2025-06-12 04:39:04,077 - krx_fetcher - INFO - Fetched 954 rows for STK on 20240301
2025-06-12 04:39:04,077 - krx_fetcher - INFO - Fetching KSQ data for 20240301
2025-06-12 04:39:08,206 - krx_fetcher - INFO - Fetched 1711 rows for KSQ on 20240301
2025-06-12 04:39:08,393 - krx_fetcher - INFO - Updated 954 rows in database
2025-06-12 04:39:08,682 - krx_fetcher - INFO - Updated 1711 rows in database
2025-06-12 04:39:13,384 - krx_fetcher - INFO - Fetching STK data for 20240304
2025-06-12 04:39:15,992 - krx_fetcher - INFO - Fetched 953 rows for STK on 20240304
2025-06-12 04:39:15,993 - krx_fetcher - INFO - Fetching KSQ data for 20240304
2025-06-12 04:39:19,884 - krx_fetcher - INFO - Fetched 1712 rows for KSQ on 20240304
2025-06-12 04:39:20,070 - krx_fetcher - INFO - Updated 953 rows in database
2025-06-12 04:39:20,365 - krx_fetcher - INFO - Updated 1712 rows in database
2025-06-12 04:39:24,742 - krx_fetcher - INFO - Fetching STK data for 20240305
2025-06-12 04:39:27,359 - krx_fetcher - INFO - Fetched 953 rows for STK on 20240305
2025-06-12 04:39:27,360 - krx_fetcher - INFO - Fetching KSQ data for 20240305
2025-06-12 04:39:31,152 - krx_fetcher - INFO - Fetched 1714 rows for KSQ on 20240305
2025-06-12 04:39:31,292 - krx_fetcher - INFO - Updated 953 rows in database
2025-06-12 04:39:31,434 - krx_fetcher - INFO - Updated 1714 rows in database
2025-06-12 04:39:34,879 - krx_fetcher - INFO - Fetching STK data for 20240306
2025-06-12 04:39:37,434 - krx_fetcher - INFO - Fetched 953 rows for STK on 20240306
2025-06-12 04:39:37,434 - krx_fetcher - INFO - Fetching KSQ data for 20240306
2025-06-12 04:39:41,289 - krx_fetcher - INFO - Fetched 1713 rows for KSQ on 20240306
2025-06-12 04:39:41,432 - krx_fetcher - INFO - Updated 953 rows in database
2025-06-12 04:39:41,571 - krx_fetcher - INFO - Updated 1713 rows in database
2025-06-12 04:39:46,154 - krx_fetcher - INFO - Fetching STK data for 20240307
2025-06-12 04:39:48,685 - krx_fetcher - INFO - Fetched 953 rows for STK on 20240307
2025-06-12 04:39:48,685 - krx_fetcher - INFO - Fetching KSQ data for 20240307
2025-06-12 04:39:52,653 - krx_fetcher - INFO - Fetched 1714 rows for KSQ on 20240307
2025-06-12 04:39:52,751 - krx_fetcher - INFO - Updated 953 rows in database
2025-06-12 04:39:52,887 - krx_fetcher - INFO - Updated 1714 rows in database
2025-06-12 04:39:56,786 - krx_fetcher - INFO - Fetching STK data for 20240308
2025-06-12 04:39:59,409 - krx_fetcher - INFO - Fetched 953 rows for STK on 20240308
2025-06-12 04:39:59,409 - krx_fetcher - INFO - Fetching KSQ data for 20240308
2025-06-12 04:40:03,305 - krx_fetcher - INFO - Fetched 1714 rows for KSQ on 20240308
2025-06-12 04:40:03,401 - krx_fetcher - INFO - Updated 953 rows in database
2025-06-12 04:40:03,533 - krx_fetcher - INFO - Updated 1714 rows in database
2025-06-12 04:40:06,078 - krx_fetcher - INFO - Fetching STK data for 20240311
2025-06-12 04:40:08,729 - krx_fetcher - INFO - Fetched 953 rows for STK on 20240311
2025-06-12 04:40:08,729 - krx_fetcher - INFO - Fetching KSQ data for 20240311
2025-06-12 04:40:12,525 - krx_fetcher - INFO - Fetched 1714 rows for KSQ on 20240311
2025-06-12 04:40:12,627 - krx_fetcher - INFO - Updated 953 rows in database
2025-06-12 04:40:12,761 - krx_fetcher - INFO - Updated 1714 rows in database
2025-06-12 04:40:15,533 - krx_fetcher - INFO - Fetching STK data for 20240312
2025-06-12 04:40:18,150 - krx_fetcher - INFO - Fetched 953 rows for STK on 20240312
2025-06-12 04:40:18,150 - krx_fetcher - INFO - Fetching KSQ data for 20240312
2025-06-12 04:40:22,042 - krx_fetcher - INFO - Fetched 1714 rows for KSQ on 20240312
2025-06-12 04:40:22,139 - krx_fetcher - INFO - Updated 953 rows in database
2025-06-12 04:40:22,266 - krx_fetcher - INFO - Updated 1714 rows in database
2025-06-12 04:40:25,545 - krx_fetcher - INFO - Fetching STK data for 20240313
2025-06-12 04:40:28,186 - krx_fetcher - INFO - Fetched 953 rows for STK on 20240313
2025-06-12 04:40:28,187 - krx_fetcher - INFO - Fetching KSQ data for 20240313
2025-06-12 04:40:32,077 - krx_fetcher - INFO - Fetched 1715 rows for KSQ on 20240313
2025-06-12 04:40:32,178 - krx_fetcher - INFO - Updated 953 rows in database
2025-06-12 04:40:32,307 - krx_fetcher - INFO - Updated 1715 rows in database
2025-06-12 04:40:36,618 - krx_fetcher - INFO - Fetching STK data for 20240314
2025-06-12 04:40:39,245 - krx_fetcher - INFO - Fetched 953 rows for STK on 20240314
2025-06-12 04:40:39,246 - krx_fetcher - INFO - Fetching KSQ data for 20240314
2025-06-12 04:40:43,138 - krx_fetcher - INFO - Fetched 1715 rows for KSQ on 20240314
2025-06-12 04:40:43,236 - krx_fetcher - INFO - Updated 953 rows in database
2025-06-12 04:40:43,366 - krx_fetcher - INFO - Updated 1715 rows in database
2025-06-12 04:40:46,743 - krx_fetcher - INFO - Fetching STK data for 20240315
2025-06-12 04:40:49,278 - krx_fetcher - INFO - Fetched 953 rows for STK on 20240315
2025-06-12 04:40:49,278 - krx_fetcher - INFO - Fetching KSQ data for 20240315
2025-06-12 04:40:53,175 - krx_fetcher - INFO - Fetched 1715 rows for KSQ on 20240315
2025-06-12 04:40:53,276 - krx_fetcher - INFO - Updated 953 rows in database
2025-06-12 04:40:53,405 - krx_fetcher - INFO - Updated 1715 rows in database
2025-06-12 04:40:57,822 - krx_fetcher - INFO - Fetching STK data for 20240318
2025-06-12 04:41:00,337 - krx_fetcher - INFO - Fetched 953 rows for STK on 20240318
2025-06-12 04:41:00,338 - krx_fetcher - INFO - Fetching KSQ data for 20240318
2025-06-12 04:41:04,247 - krx_fetcher - INFO - Fetched 1715 rows for KSQ on 20240318
2025-06-12 04:41:04,344 - krx_fetcher - INFO - Updated 953 rows in database
2025-06-12 04:41:04,475 - krx_fetcher - INFO - Updated 1715 rows in database
2025-06-12 04:41:07,961 - krx_fetcher - INFO - Fetching STK data for 20240319
2025-06-12 04:41:10,680 - krx_fetcher - INFO - Fetched 953 rows for STK on 20240319
2025-06-12 04:41:10,681 - krx_fetcher - INFO - Fetching KSQ data for 20240319
2025-06-12 04:41:14,471 - krx_fetcher - INFO - Fetched 1715 rows for KSQ on 20240319
2025-06-12 04:41:14,567 - krx_fetcher - INFO - Updated 953 rows in database
2025-06-12 04:41:14,698 - krx_fetcher - INFO - Updated 1715 rows in database
2025-06-12 04:41:19,408 - krx_fetcher - INFO - Fetching STK data for 20240320
2025-06-12 04:41:21,947 - krx_fetcher - INFO - Fetched 953 rows for STK on 20240320
2025-06-12 04:41:21,947 - krx_fetcher - INFO - Fetching KSQ data for 20240320
2025-06-12 04:41:25,762 - krx_fetcher - INFO - Fetched 1715 rows for KSQ on 20240320
2025-06-12 04:41:25,859 - krx_fetcher - INFO - Updated 953 rows in database
2025-06-12 04:41:25,990 - krx_fetcher - INFO - Updated 1715 rows in database
2025-06-12 04:41:29,991 - krx_fetcher - INFO - Fetching STK data for 20240321
2025-06-12 04:41:32,594 - krx_fetcher - INFO - Fetched 953 rows for STK on 20240321
2025-06-12 04:41:32,594 - krx_fetcher - INFO - Fetching KSQ data for 20240321
2025-06-12 04:41:36,492 - krx_fetcher - INFO - Fetched 1716 rows for KSQ on 20240321
2025-06-12 04:41:36,589 - krx_fetcher - INFO - Updated 953 rows in database
2025-06-12 04:41:36,729 - krx_fetcher - INFO - Updated 1716 rows in database
2025-06-12 04:41:39,469 - krx_fetcher - INFO - Fetching STK data for 20240322
2025-06-12 04:41:42,119 - krx_fetcher - INFO - Fetched 953 rows for STK on 20240322
2025-06-12 04:41:42,119 - krx_fetcher - INFO - Fetching KSQ data for 20240322
2025-06-12 04:41:45,911 - krx_fetcher - INFO - Fetched 1716 rows for KSQ on 20240322
2025-06-12 04:41:46,011 - krx_fetcher - INFO - Updated 953 rows in database
2025-06-12 04:41:46,144 - krx_fetcher - INFO - Updated 1716 rows in database
2025-06-12 04:41:49,299 - krx_fetcher - INFO - Fetching STK data for 20240325
2025-06-12 04:41:51,800 - krx_fetcher - INFO - Fetched 953 rows for STK on 20240325
2025-06-12 04:41:51,800 - krx_fetcher - INFO - Fetching KSQ data for 20240325
2025-06-12 04:41:55,741 - krx_fetcher - INFO - Fetched 1716 rows for KSQ on 20240325
2025-06-12 04:41:55,836 - krx_fetcher - INFO - Updated 953 rows in database
2025-06-12 04:41:55,961 - krx_fetcher - INFO - Updated 1716 rows in database
2025-06-12 04:41:59,934 - krx_fetcher - INFO - Fetching STK data for 20240326
2025-06-12 04:42:02,496 - krx_fetcher - INFO - Fetched 953 rows for STK on 20240326
2025-06-12 04:42:02,496 - krx_fetcher - INFO - Fetching KSQ data for 20240326
2025-06-12 04:42:06,284 - krx_fetcher - INFO - Fetched 1717 rows for KSQ on 20240326
2025-06-12 04:42:06,381 - krx_fetcher - INFO - Updated 953 rows in database
2025-06-12 04:42:06,505 - krx_fetcher - INFO - Updated 1717 rows in database
2025-06-12 04:42:09,022 - krx_fetcher - INFO - Fetching STK data for 20240327
2025-06-12 04:42:11,609 - krx_fetcher - INFO - Fetched 953 rows for STK on 20240327
2025-06-12 04:42:11,610 - krx_fetcher - INFO - Fetching KSQ data for 20240327
2025-06-12 04:42:15,503 - krx_fetcher - INFO - Fetched 1718 rows for KSQ on 20240327
2025-06-12 04:42:15,606 - krx_fetcher - INFO - Updated 953 rows in database
2025-06-12 04:42:15,730 - krx_fetcher - INFO - Updated 1718 rows in database
2025-06-12 04:42:18,472 - krx_fetcher - INFO - Fetching STK data for 20240328
2025-06-12 04:42:21,136 - krx_fetcher - INFO - Fetched 953 rows for STK on 20240328
2025-06-12 04:42:21,137 - krx_fetcher - INFO - Fetching KSQ data for 20240328
2025-06-12 04:42:24,883 - krx_fetcher - INFO - Fetched 1718 rows for KSQ on 20240328
2025-06-12 04:42:25,124 - krx_fetcher - INFO - Updated 953 rows in database
2025-06-12 04:42:25,422 - krx_fetcher - INFO - Updated 1718 rows in database
2025-06-12 04:42:28,850 - krx_fetcher - INFO - Fetching STK data for 20240329
2025-06-12 04:42:31,477 - krx_fetcher - INFO - Fetched 954 rows for STK on 20240329
2025-06-12 04:42:31,478 - krx_fetcher - INFO - Fetching KSQ data for 20240329
2025-06-12 04:42:35,366 - krx_fetcher - INFO - Fetched 1718 rows for KSQ on 20240329
2025-06-12 04:42:35,479 - krx_fetcher - INFO - Updated 954 rows in database
2025-06-12 04:42:35,627 - krx_fetcher - INFO - Updated 1718 rows in database
2025-06-12 04:42:40,262 - krx_fetcher - INFO - Fetching STK data for 20240401
2025-06-12 04:42:42,814 - krx_fetcher - INFO - Fetched 954 rows for STK on 20240401
2025-06-12 04:42:42,814 - krx_fetcher - INFO - Fetching KSQ data for 20240401
2025-06-12 04:42:46,632 - krx_fetcher - INFO - Fetched 1718 rows for KSQ on 20240401
2025-06-12 04:42:46,731 - krx_fetcher - INFO - Updated 954 rows in database
2025-06-12 04:42:46,881 - krx_fetcher - INFO - Updated 1718 rows in database
2025-06-12 04:42:50,770 - krx_fetcher - INFO - Fetching STK data for 20240402
2025-06-12 04:42:53,289 - krx_fetcher - INFO - Fetched 954 rows for STK on 20240402
2025-06-12 04:42:53,289 - krx_fetcher - INFO - Fetching KSQ data for 20240402
2025-06-12 04:42:57,284 - krx_fetcher - INFO - Fetched 1718 rows for KSQ on 20240402
2025-06-12 04:42:57,387 - krx_fetcher - INFO - Updated 954 rows in database
2025-06-12 04:42:57,550 - krx_fetcher - INFO - Updated 1718 rows in database
2025-06-12 04:43:00,106 - krx_fetcher - INFO - Fetching STK data for 20240403
2025-06-12 04:43:02,812 - krx_fetcher - INFO - Fetched 954 rows for STK on 20240403
2025-06-12 04:43:02,812 - krx_fetcher - INFO - Fetching KSQ data for 20240403
2025-06-12 04:43:06,601 - krx_fetcher - INFO - Fetched 1719 rows for KSQ on 20240403
2025-06-12 04:43:06,704 - krx_fetcher - INFO - Updated 954 rows in database
2025-06-12 04:43:06,852 - krx_fetcher - INFO - Updated 1719 rows in database
2025-06-12 04:43:09,712 - krx_fetcher - INFO - Fetching STK data for 20240404
2025-06-12 04:43:12,335 - krx_fetcher - INFO - Fetched 954 rows for STK on 20240404
2025-06-12 04:43:12,335 - krx_fetcher - INFO - Fetching KSQ data for 20240404
2025-06-12 04:43:16,123 - krx_fetcher - INFO - Fetched 1719 rows for KSQ on 20240404
2025-06-12 04:43:16,228 - krx_fetcher - INFO - Updated 954 rows in database
2025-06-12 04:43:16,363 - krx_fetcher - INFO - Updated 1719 rows in database
2025-06-12 04:43:19,734 - krx_fetcher - INFO - Fetching STK data for 20240405
2025-06-12 04:43:22,368 - krx_fetcher - INFO - Fetched 954 rows for STK on 20240405
2025-06-12 04:43:22,369 - krx_fetcher - INFO - Fetching KSQ data for 20240405
2025-06-12 04:43:26,161 - krx_fetcher - INFO - Fetched 1719 rows for KSQ on 20240405
2025-06-12 04:43:26,260 - krx_fetcher - INFO - Updated 954 rows in database
2025-06-12 04:43:26,437 - krx_fetcher - INFO - Updated 1719 rows in database
2025-06-12 04:43:30,881 - krx_fetcher - INFO - Fetching STK data for 20240408
2025-06-12 04:43:33,431 - krx_fetcher - INFO - Fetched 954 rows for STK on 20240408
2025-06-12 04:43:33,431 - krx_fetcher - INFO - Fetching KSQ data for 20240408
2025-06-12 04:43:37,425 - krx_fetcher - INFO - Fetched 1719 rows for KSQ on 20240408
2025-06-12 04:43:37,528 - krx_fetcher - INFO - Updated 954 rows in database
2025-06-12 04:43:37,684 - krx_fetcher - INFO - Updated 1719 rows in database
2025-06-12 04:43:41,374 - krx_fetcher - INFO - Fetching STK data for 20240409
2025-06-12 04:43:43,975 - krx_fetcher - INFO - Fetched 954 rows for STK on 20240409
2025-06-12 04:43:43,975 - krx_fetcher - INFO - Fetching KSQ data for 20240409
2025-06-12 04:43:47,871 - krx_fetcher - INFO - Fetched 1719 rows for KSQ on 20240409
2025-06-12 04:43:47,970 - krx_fetcher - INFO - Updated 954 rows in database
2025-06-12 04:43:48,105 - krx_fetcher - INFO - Updated 1719 rows in database
2025-06-12 04:43:50,217 - krx_fetcher - INFO - Fetching STK data for 20240410
2025-06-12 04:43:52,365 - krx_fetcher - INFO - Fetched 954 rows for STK on 20240410
2025-06-12 04:43:52,365 - krx_fetcher - INFO - Fetching KSQ data for 20240410
2025-06-12 04:43:56,487 - krx_fetcher - INFO - Fetched 1719 rows for KSQ on 20240410
2025-06-12 04:43:56,589 - krx_fetcher - INFO - Updated 954 rows in database
2025-06-12 04:43:56,760 - krx_fetcher - INFO - Updated 1719 rows in database
2025-06-12 04:44:01,526 - krx_fetcher - INFO - Fetching STK data for 20240411
2025-06-12 04:44:04,144 - krx_fetcher - INFO - Fetched 954 rows for STK on 20240411
2025-06-12 04:44:04,144 - krx_fetcher - INFO - Fetching KSQ data for 20240411
2025-06-12 04:44:08,046 - krx_fetcher - INFO - Fetched 1719 rows for KSQ on 20240411
2025-06-12 04:44:08,153 - krx_fetcher - INFO - Updated 954 rows in database
2025-06-12 04:44:08,291 - krx_fetcher - INFO - Updated 1719 rows in database
2025-06-12 04:44:12,589 - krx_fetcher - INFO - Fetching STK data for 20240412
2025-06-12 04:44:15,189 - krx_fetcher - INFO - Fetched 954 rows for STK on 20240412
2025-06-12 04:44:15,189 - krx_fetcher - INFO - Fetching KSQ data for 20240412
2025-06-12 04:44:19,011 - krx_fetcher - INFO - Fetched 1719 rows for KSQ on 20240412
2025-06-12 04:44:19,110 - krx_fetcher - INFO - Updated 954 rows in database
2025-06-12 04:44:19,242 - krx_fetcher - INFO - Updated 1719 rows in database
2025-06-12 04:44:22,490 - krx_fetcher - INFO - Fetching STK data for 20240415
2025-06-12 04:44:25,015 - krx_fetcher - INFO - Fetched 954 rows for STK on 20240415
2025-06-12 04:44:25,015 - krx_fetcher - INFO - Fetching KSQ data for 20240415
2025-06-12 04:44:28,935 - krx_fetcher - INFO - Fetched 1720 rows for KSQ on 20240415
2025-06-12 04:44:29,052 - krx_fetcher - INFO - Updated 954 rows in database
2025-06-12 04:44:29,199 - krx_fetcher - INFO - Updated 1720 rows in database
2025-06-12 04:44:33,399 - krx_fetcher - INFO - Fetching STK data for 20240416
2025-06-12 04:44:36,094 - krx_fetcher - INFO - Fetched 954 rows for STK on 20240416
2025-06-12 04:44:36,094 - krx_fetcher - INFO - Fetching KSQ data for 20240416
2025-06-12 04:44:39,891 - krx_fetcher - INFO - Fetched 1720 rows for KSQ on 20240416
2025-06-12 04:44:39,997 - krx_fetcher - INFO - Updated 954 rows in database
2025-06-12 04:44:40,148 - krx_fetcher - INFO - Updated 1720 rows in database
2025-06-12 04:44:43,302 - krx_fetcher - INFO - Fetching STK data for 20240417
2025-06-12 04:44:45,932 - krx_fetcher - INFO - Fetched 954 rows for STK on 20240417
2025-06-12 04:44:45,933 - krx_fetcher - INFO - Fetching KSQ data for 20240417
2025-06-12 04:44:49,824 - krx_fetcher - INFO - Fetched 1720 rows for KSQ on 20240417
2025-06-12 04:44:49,925 - krx_fetcher - INFO - Updated 954 rows in database
2025-06-12 04:44:50,109 - krx_fetcher - INFO - Updated 1720 rows in database
2025-06-12 04:44:54,225 - krx_fetcher - INFO - Fetching STK data for 20240418
2025-06-12 04:44:56,827 - krx_fetcher - INFO - Fetched 954 rows for STK on 20240418
2025-06-12 04:44:56,827 - krx_fetcher - INFO - Fetching KSQ data for 20240418
2025-06-12 04:45:00,677 - krx_fetcher - INFO - Fetched 1720 rows for KSQ on 20240418
2025-06-12 04:45:00,781 - krx_fetcher - INFO - Updated 954 rows in database
2025-06-12 04:45:00,920 - krx_fetcher - INFO - Updated 1720 rows in database
2025-06-12 04:45:03,847 - krx_fetcher - INFO - Fetching STK data for 20240419
2025-06-12 04:45:06,372 - krx_fetcher - INFO - Fetched 954 rows for STK on 20240419
2025-06-12 04:45:06,372 - krx_fetcher - INFO - Fetching KSQ data for 20240419
2025-06-12 04:45:10,202 - krx_fetcher - INFO - Fetched 1720 rows for KSQ on 20240419
2025-06-12 04:45:10,304 - krx_fetcher - INFO - Updated 954 rows in database
2025-06-12 04:45:10,442 - krx_fetcher - INFO - Updated 1720 rows in database
2025-06-12 04:45:13,891 - krx_fetcher - INFO - Fetching STK data for 20240422
2025-06-12 04:45:16,444 - krx_fetcher - INFO - Fetched 954 rows for STK on 20240422
2025-06-12 04:45:16,445 - krx_fetcher - INFO - Fetching KSQ data for 20240422
2025-06-12 04:45:20,278 - krx_fetcher - INFO - Fetched 1721 rows for KSQ on 20240422
2025-06-12 04:45:20,384 - krx_fetcher - INFO - Updated 954 rows in database
2025-06-12 04:45:20,551 - krx_fetcher - INFO - Updated 1721 rows in database
2025-06-12 04:45:25,108 - krx_fetcher - INFO - Fetching STK data for 20240423
2025-06-12 04:45:27,694 - krx_fetcher - INFO - Fetched 954 rows for STK on 20240423
2025-06-12 04:45:27,694 - krx_fetcher - INFO - Fetching KSQ data for 20240423
2025-06-12 04:45:31,503 - krx_fetcher - INFO - Fetched 1721 rows for KSQ on 20240423
2025-06-12 04:45:31,607 - krx_fetcher - INFO - Updated 954 rows in database
2025-06-12 04:45:31,744 - krx_fetcher - INFO - Updated 1721 rows in database
2025-06-12 04:45:35,495 - krx_fetcher - INFO - Fetching STK data for 20240424
2025-06-12 04:45:38,156 - krx_fetcher - INFO - Fetched 954 rows for STK on 20240424
2025-06-12 04:45:38,156 - krx_fetcher - INFO - Fetching KSQ data for 20240424
2025-06-12 04:45:41,934 - krx_fetcher - INFO - Fetched 1722 rows for KSQ on 20240424
2025-06-12 04:45:42,023 - krx_fetcher - INFO - Updated 954 rows in database
2025-06-12 04:45:42,203 - krx_fetcher - INFO - Updated 1722 rows in database
2025-06-12 04:45:44,413 - krx_fetcher - INFO - Fetching STK data for 20240425
2025-06-12 04:45:47,064 - krx_fetcher - INFO - Fetched 954 rows for STK on 20240425
2025-06-12 04:45:47,064 - krx_fetcher - INFO - Fetching KSQ data for 20240425
2025-06-12 04:45:50,957 - krx_fetcher - INFO - Fetched 1722 rows for KSQ on 20240425
2025-06-12 04:45:51,056 - krx_fetcher - INFO - Updated 954 rows in database
2025-06-12 04:45:51,199 - krx_fetcher - INFO - Updated 1722 rows in database
2025-06-12 04:45:53,406 - krx_fetcher - INFO - Fetching STK data for 20240426
2025-06-12 04:45:56,076 - krx_fetcher - INFO - Fetched 953 rows for STK on 20240426
2025-06-12 04:45:56,076 - krx_fetcher - INFO - Fetching KSQ data for 20240426
2025-06-12 04:45:59,869 - krx_fetcher - INFO - Fetched 1722 rows for KSQ on 20240426
2025-06-12 04:45:59,967 - krx_fetcher - INFO - Updated 953 rows in database
2025-06-12 04:46:00,101 - krx_fetcher - INFO - Updated 1722 rows in database
2025-06-12 04:46:02,208 - krx_fetcher - INFO - Fetching STK data for 20240429
2025-06-12 04:46:04,882 - krx_fetcher - INFO - Fetched 953 rows for STK on 20240429
2025-06-12 04:46:04,883 - krx_fetcher - INFO - Fetching KSQ data for 20240429
2025-06-12 04:46:08,572 - krx_fetcher - INFO - Fetched 1722 rows for KSQ on 20240429
2025-06-12 04:46:08,674 - krx_fetcher - INFO - Updated 953 rows in database
2025-06-12 04:46:08,851 - krx_fetcher - INFO - Updated 1722 rows in database
2025-06-12 04:46:13,709 - krx_fetcher - INFO - Fetching STK data for 20240430
2025-06-12 04:46:16,213 - krx_fetcher - INFO - Fetched 953 rows for STK on 20240430
2025-06-12 04:46:16,213 - krx_fetcher - INFO - Fetching KSQ data for 20240430
2025-06-12 04:46:20,247 - krx_fetcher - INFO - Fetched 1722 rows for KSQ on 20240430
2025-06-12 04:46:20,347 - krx_fetcher - INFO - Updated 953 rows in database
2025-06-12 04:46:20,484 - krx_fetcher - INFO - Updated 1722 rows in database
2025-06-12 04:46:24,975 - krx_fetcher - INFO - Fetching STK data for 20240501
2025-06-12 04:46:27,206 - krx_fetcher - INFO - Fetched 953 rows for STK on 20240501
2025-06-12 04:46:27,206 - krx_fetcher - INFO - Fetching KSQ data for 20240501
2025-06-12 04:46:31,219 - krx_fetcher - INFO - Fetched 1722 rows for KSQ on 20240501
2025-06-12 04:46:31,314 - krx_fetcher - INFO - Updated 953 rows in database
2025-06-12 04:46:31,446 - krx_fetcher - INFO - Updated 1722 rows in database
2025-06-12 04:46:34,900 - krx_fetcher - INFO - Fetching STK data for 20240502
2025-06-12 04:46:37,536 - krx_fetcher - INFO - Fetched 953 rows for STK on 20240502
2025-06-12 04:46:37,536 - krx_fetcher - INFO - Fetching KSQ data for 20240502
2025-06-12 04:46:41,340 - krx_fetcher - INFO - Fetched 1724 rows for KSQ on 20240502
2025-06-12 04:46:41,439 - krx_fetcher - INFO - Updated 953 rows in database
2025-06-12 04:46:41,609 - krx_fetcher - INFO - Updated 1724 rows in database
2025-06-12 04:46:46,225 - krx_fetcher - INFO - Fetching STK data for 20240503
2025-06-12 04:46:48,914 - krx_fetcher - INFO - Fetched 953 rows for STK on 20240503
2025-06-12 04:46:48,914 - krx_fetcher - INFO - Fetching KSQ data for 20240503
2025-06-12 04:46:52,604 - krx_fetcher - INFO - Fetched 1724 rows for KSQ on 20240503
2025-06-12 04:46:52,698 - krx_fetcher - INFO - Updated 953 rows in database
2025-06-12 04:46:52,836 - krx_fetcher - INFO - Updated 1724 rows in database
2025-06-12 04:46:56,678 - krx_fetcher - INFO - Fetching STK data for 20240506
2025-06-12 04:46:58,855 - krx_fetcher - INFO - Fetched 953 rows for STK on 20240506
2025-06-12 04:46:58,855 - krx_fetcher - INFO - Fetching KSQ data for 20240506
2025-06-12 04:47:02,885 - krx_fetcher - INFO - Fetched 1724 rows for KSQ on 20240506
2025-06-12 04:47:03,056 - krx_fetcher - INFO - Updated 953 rows in database
2025-06-12 04:47:03,346 - krx_fetcher - INFO - Updated 1724 rows in database
2025-06-12 04:47:05,699 - krx_fetcher - INFO - Fetching STK data for 20240507
2025-06-12 04:47:08,370 - krx_fetcher - INFO - Fetched 953 rows for STK on 20240507
2025-06-12 04:47:08,371 - krx_fetcher - INFO - Fetching KSQ data for 20240507
2025-06-12 04:47:12,160 - krx_fetcher - INFO - Fetched 1726 rows for KSQ on 20240507
2025-06-12 04:47:12,296 - krx_fetcher - INFO - Updated 953 rows in database
2025-06-12 04:47:12,569 - krx_fetcher - INFO - Updated 1726 rows in database
2025-06-12 04:47:15,142 - krx_fetcher - INFO - Fetching STK data for 20240508
2025-06-12 04:47:17,895 - krx_fetcher - INFO - Fetched 954 rows for STK on 20240508
2025-06-12 04:47:17,895 - krx_fetcher - INFO - Fetching KSQ data for 20240508
2025-06-12 04:47:21,497 - krx_fetcher - INFO - Fetched 1726 rows for KSQ on 20240508
2025-06-12 04:47:21,608 - krx_fetcher - INFO - Updated 954 rows in database
2025-06-12 04:47:21,792 - krx_fetcher - INFO - Updated 1726 rows in database
2025-06-12 04:47:24,591 - krx_fetcher - INFO - Fetching STK data for 20240509
2025-06-12 04:47:27,211 - krx_fetcher - INFO - Fetched 954 rows for STK on 20240509
2025-06-12 04:47:27,211 - krx_fetcher - INFO - Fetching KSQ data for 20240509
2025-06-12 04:47:31,003 - krx_fetcher - INFO - Fetched 1726 rows for KSQ on 20240509
2025-06-12 04:47:31,107 - krx_fetcher - INFO - Updated 954 rows in database
2025-06-12 04:47:31,254 - krx_fetcher - INFO - Updated 1726 rows in database
2025-06-12 04:47:34,514 - krx_fetcher - INFO - Fetching STK data for 20240510
2025-06-12 04:47:37,140 - krx_fetcher - INFO - Fetched 954 rows for STK on 20240510
2025-06-12 04:47:37,140 - krx_fetcher - INFO - Fetching KSQ data for 20240510
2025-06-12 04:47:40,937 - krx_fetcher - INFO - Fetched 1726 rows for KSQ on 20240510
2025-06-12 04:47:41,054 - krx_fetcher - INFO - Updated 954 rows in database
2025-06-12 04:47:41,237 - krx_fetcher - INFO - Updated 1726 rows in database
2025-06-12 04:47:45,481 - krx_fetcher - INFO - Fetching STK data for 20240513
2025-06-12 04:47:48,000 - krx_fetcher - INFO - Fetched 953 rows for STK on 20240513
2025-06-12 04:47:48,000 - krx_fetcher - INFO - Fetching KSQ data for 20240513
2025-06-12 04:47:51,903 - krx_fetcher - INFO - Fetched 1726 rows for KSQ on 20240513
2025-06-12 04:47:52,022 - krx_fetcher - INFO - Updated 953 rows in database
2025-06-12 04:47:52,234 - krx_fetcher - INFO - Updated 1726 rows in database
2025-06-12 04:47:55,474 - krx_fetcher - INFO - Fetching STK data for 20240514
2025-06-12 04:47:57,990 - krx_fetcher - INFO - Fetched 953 rows for STK on 20240514
2025-06-12 04:47:57,990 - krx_fetcher - INFO - Fetching KSQ data for 20240514
2025-06-12 04:48:01,827 - krx_fetcher - INFO - Fetched 1725 rows for KSQ on 20240514
2025-06-12 04:48:01,931 - krx_fetcher - INFO - Updated 953 rows in database
2025-06-12 04:48:02,075 - krx_fetcher - INFO - Updated 1725 rows in database
2025-06-12 04:48:06,156 - krx_fetcher - INFO - Fetching STK data for 20240515
2025-06-12 04:48:08,332 - krx_fetcher - INFO - Fetched 953 rows for STK on 20240515
2025-06-12 04:48:08,332 - krx_fetcher - INFO - Fetching KSQ data for 20240515
2025-06-12 04:48:12,363 - krx_fetcher - INFO - Fetched 1725 rows for KSQ on 20240515
2025-06-12 04:48:12,466 - krx_fetcher - INFO - Updated 953 rows in database
2025-06-12 04:48:12,651 - krx_fetcher - INFO - Updated 1725 rows in database
2025-06-12 04:48:15,309 - krx_fetcher - INFO - Fetching STK data for 20240516
2025-06-12 04:48:17,902 - krx_fetcher - INFO - Fetched 953 rows for STK on 20240516
2025-06-12 04:48:17,902 - krx_fetcher - INFO - Fetching KSQ data for 20240516
2025-06-12 04:48:21,693 - krx_fetcher - INFO - Fetched 1725 rows for KSQ on 20240516
2025-06-12 04:48:21,794 - krx_fetcher - INFO - Updated 953 rows in database
2025-06-12 04:48:21,940 - krx_fetcher - INFO - Updated 1725 rows in database
2025-06-12 04:48:24,890 - krx_fetcher - INFO - Fetching STK data for 20240517
2025-06-12 04:48:27,489 - krx_fetcher - INFO - Fetched 953 rows for STK on 20240517
2025-06-12 04:48:27,489 - krx_fetcher - INFO - Fetching KSQ data for 20240517
2025-06-12 04:48:31,317 - krx_fetcher - INFO - Fetched 1727 rows for KSQ on 20240517
2025-06-12 04:48:31,423 - krx_fetcher - INFO - Updated 953 rows in database
2025-06-12 04:48:31,564 - krx_fetcher - INFO - Updated 1727 rows in database
2025-06-12 04:48:35,134 - krx_fetcher - INFO - Fetching STK data for 20240520
2025-06-12 04:48:37,753 - krx_fetcher - INFO - Fetched 953 rows for STK on 20240520
2025-06-12 04:48:37,753 - krx_fetcher - INFO - Fetching KSQ data for 20240520
2025-06-12 04:48:41,559 - krx_fetcher - INFO - Fetched 1727 rows for KSQ on 20240520
2025-06-12 04:48:41,659 - krx_fetcher - INFO - Updated 953 rows in database
2025-06-12 04:48:41,840 - krx_fetcher - INFO - Updated 1727 rows in database
2025-06-12 04:48:46,687 - krx_fetcher - INFO - Fetching STK data for 20240521
2025-06-12 04:48:49,336 - krx_fetcher - INFO - Fetched 953 rows for STK on 20240521
2025-06-12 04:48:49,336 - krx_fetcher - INFO - Fetching KSQ data for 20240521
2025-06-12 04:48:53,129 - krx_fetcher - INFO - Fetched 1727 rows for KSQ on 20240521
2025-06-12 04:48:53,229 - krx_fetcher - INFO - Updated 953 rows in database
2025-06-12 04:48:53,368 - krx_fetcher - INFO - Updated 1727 rows in database
2025-06-12 04:48:57,743 - krx_fetcher - INFO - Fetching STK data for 20240522
2025-06-12 04:49:00,296 - krx_fetcher - INFO - Fetched 953 rows for STK on 20240522
2025-06-12 04:49:00,296 - krx_fetcher - INFO - Fetching KSQ data for 20240522
2025-06-12 04:49:04,188 - krx_fetcher - INFO - Fetched 1727 rows for KSQ on 20240522
2025-06-12 04:49:04,280 - krx_fetcher - INFO - Updated 953 rows in database
2025-06-12 04:49:04,416 - krx_fetcher - INFO - Updated 1727 rows in database
2025-06-12 04:49:07,839 - krx_fetcher - INFO - Fetching STK data for 20240523
2025-06-12 04:49:10,399 - krx_fetcher - INFO - Fetched 953 rows for STK on 20240523
2025-06-12 04:49:10,399 - krx_fetcher - INFO - Fetching KSQ data for 20240523
2025-06-12 04:49:14,428 - krx_fetcher - INFO - Fetched 1728 rows for KSQ on 20240523
2025-06-12 04:49:14,526 - krx_fetcher - INFO - Updated 953 rows in database
2025-06-12 04:49:14,703 - krx_fetcher - INFO - Updated 1728 rows in database
2025-06-12 04:49:19,412 - krx_fetcher - INFO - Fetching STK data for 20240524
2025-06-12 04:49:22,003 - krx_fetcher - INFO - Fetched 953 rows for STK on 20240524
2025-06-12 04:49:22,003 - krx_fetcher - INFO - Fetching KSQ data for 20240524
2025-06-12 04:49:25,798 - krx_fetcher - INFO - Fetched 1728 rows for KSQ on 20240524
2025-06-12 04:49:25,895 - krx_fetcher - INFO - Updated 953 rows in database
2025-06-12 04:49:26,040 - krx_fetcher - INFO - Updated 1728 rows in database
2025-06-12 04:49:30,083 - krx_fetcher - INFO - Fetching STK data for 20240527
2025-06-12 04:49:32,758 - krx_fetcher - INFO - Fetched 953 rows for STK on 20240527
2025-06-12 04:49:32,758 - krx_fetcher - INFO - Fetching KSQ data for 20240527
2025-06-12 04:49:36,490 - krx_fetcher - INFO - Fetched 1728 rows for KSQ on 20240527
2025-06-12 04:49:36,595 - krx_fetcher - INFO - Updated 953 rows in database
2025-06-12 04:49:36,761 - krx_fetcher - INFO - Updated 1728 rows in database
2025-06-12 04:49:39,529 - krx_fetcher - INFO - Fetching STK data for 20240528
2025-06-12 04:49:42,170 - krx_fetcher - INFO - Fetched 953 rows for STK on 20240528
2025-06-12 04:49:42,170 - krx_fetcher - INFO - Fetching KSQ data for 20240528
2025-06-12 04:49:45,971 - krx_fetcher - INFO - Fetched 1728 rows for KSQ on 20240528
2025-06-12 04:49:46,067 - krx_fetcher - INFO - Updated 953 rows in database
2025-06-12 04:49:46,200 - krx_fetcher - INFO - Updated 1728 rows in database
2025-06-12 04:49:49,414 - krx_fetcher - INFO - Fetching STK data for 20240529
2025-06-12 04:49:52,008 - krx_fetcher - INFO - Fetched 953 rows for STK on 20240529
2025-06-12 04:49:52,008 - krx_fetcher - INFO - Fetching KSQ data for 20240529
2025-06-12 04:49:55,891 - krx_fetcher - INFO - Fetched 1729 rows for KSQ on 20240529
2025-06-12 04:49:56,083 - krx_fetcher - INFO - Updated 953 rows in database
2025-06-12 04:49:56,385 - krx_fetcher - INFO - Updated 1729 rows in database
2025-06-12 04:50:00,781 - krx_fetcher - INFO - Fetching STK data for 20240530
2025-06-12 04:50:03,291 - krx_fetcher - INFO - Fetched 953 rows for STK on 20240530
2025-06-12 04:50:03,291 - krx_fetcher - INFO - Fetching KSQ data for 20240530
2025-06-12 04:50:07,257 - krx_fetcher - INFO - Fetched 1729 rows for KSQ on 20240530
2025-06-12 04:50:07,366 - krx_fetcher - INFO - Updated 953 rows in database
2025-06-12 04:50:07,517 - krx_fetcher - INFO - Updated 1729 rows in database
2025-06-12 04:50:11,046 - krx_fetcher - INFO - Fetching STK data for 20240531
2025-06-12 04:50:13,610 - krx_fetcher - INFO - Fetched 953 rows for STK on 20240531
2025-06-12 04:50:13,610 - krx_fetcher - INFO - Fetching KSQ data for 20240531
2025-06-12 04:50:17,397 - krx_fetcher - INFO - Fetched 1729 rows for KSQ on 20240531
2025-06-12 04:50:17,498 - krx_fetcher - INFO - Updated 953 rows in database
2025-06-12 04:50:17,689 - krx_fetcher - INFO - Updated 1729 rows in database
2025-06-12 04:50:22,390 - krx_fetcher - INFO - Fetching STK data for 20240603
2025-06-12 04:50:24,926 - krx_fetcher - INFO - Fetched 953 rows for STK on 20240603
2025-06-12 04:50:24,926 - krx_fetcher - INFO - Fetching KSQ data for 20240603
2025-06-12 04:50:28,736 - krx_fetcher - INFO - Fetched 1729 rows for KSQ on 20240603
2025-06-12 04:50:28,840 - krx_fetcher - INFO - Updated 953 rows in database
2025-06-12 04:50:28,994 - krx_fetcher - INFO - Updated 1729 rows in database
2025-06-12 04:50:33,000 - krx_fetcher - INFO - Fetching STK data for 20240604
2025-06-12 04:50:35,526 - krx_fetcher - INFO - Fetched 953 rows for STK on 20240604
2025-06-12 04:50:35,526 - krx_fetcher - INFO - Fetching KSQ data for 20240604
2025-06-12 04:50:39,422 - krx_fetcher - INFO - Fetched 1729 rows for KSQ on 20240604
2025-06-12 04:50:39,521 - krx_fetcher - INFO - Updated 953 rows in database
2025-06-12 04:50:39,670 - krx_fetcher - INFO - Updated 1729 rows in database
2025-06-12 04:50:42,352 - krx_fetcher - INFO - Fetching STK data for 20240605
2025-06-12 04:50:44,845 - krx_fetcher - INFO - Fetched 953 rows for STK on 20240605
2025-06-12 04:50:44,846 - krx_fetcher - INFO - Fetching KSQ data for 20240605
2025-06-12 04:50:48,738 - krx_fetcher - INFO - Fetched 1729 rows for KSQ on 20240605
2025-06-12 04:50:48,840 - krx_fetcher - INFO - Updated 953 rows in database
2025-06-12 04:50:49,023 - krx_fetcher - INFO - Updated 1729 rows in database
2025-06-12 04:50:52,057 - krx_fetcher - INFO - Fetching STK data for 20240606
2025-06-12 04:50:54,215 - krx_fetcher - INFO - Fetched 953 rows for STK on 20240606
2025-06-12 04:50:54,215 - krx_fetcher - INFO - Fetching KSQ data for 20240606
2025-06-12 04:50:58,350 - krx_fetcher - INFO - Fetched 1729 rows for KSQ on 20240606
2025-06-12 04:50:58,441 - krx_fetcher - INFO - Updated 953 rows in database
2025-06-12 04:50:58,583 - krx_fetcher - INFO - Updated 1729 rows in database
2025-06-12 04:51:02,180 - krx_fetcher - INFO - Fetching STK data for 20240607
2025-06-12 04:51:04,709 - krx_fetcher - INFO - Fetched 953 rows for STK on 20240607
2025-06-12 04:51:04,710 - krx_fetcher - INFO - Fetching KSQ data for 20240607
2025-06-12 04:51:08,709 - krx_fetcher - INFO - Fetched 1728 rows for KSQ on 20240607
2025-06-12 04:51:08,806 - krx_fetcher - INFO - Updated 953 rows in database
2025-06-12 04:51:08,943 - krx_fetcher - INFO - Updated 1728 rows in database
2025-06-12 04:51:13,897 - krx_fetcher - INFO - Fetching STK data for 20240610
2025-06-12 04:51:16,384 - krx_fetcher - INFO - Fetched 953 rows for STK on 20240610
2025-06-12 04:51:16,384 - krx_fetcher - INFO - Fetching KSQ data for 20240610
2025-06-12 04:51:20,376 - krx_fetcher - INFO - Fetched 1728 rows for KSQ on 20240610
2025-06-12 04:51:20,480 - krx_fetcher - INFO - Updated 953 rows in database
2025-06-12 04:51:20,653 - krx_fetcher - INFO - Updated 1728 rows in database
2025-06-12 04:51:25,319 - krx_fetcher - INFO - Fetching STK data for 20240611
2025-06-12 04:51:27,851 - krx_fetcher - INFO - Fetched 953 rows for STK on 20240611
2025-06-12 04:51:27,851 - krx_fetcher - INFO - Fetching KSQ data for 20240611
2025-06-12 04:51:31,710 - krx_fetcher - INFO - Fetched 1728 rows for KSQ on 20240611
2025-06-12 04:51:31,810 - krx_fetcher - INFO - Updated 953 rows in database
2025-06-12 04:51:31,942 - krx_fetcher - INFO - Updated 1728 rows in database
2025-06-12 04:51:35,895 - krx_fetcher - INFO - Fetching STK data for 20240612
2025-06-12 04:51:38,404 - krx_fetcher - INFO - Fetched 953 rows for STK on 20240612
2025-06-12 04:51:38,404 - krx_fetcher - INFO - Fetching KSQ data for 20240612
2025-06-12 04:51:42,281 - krx_fetcher - INFO - Fetched 1728 rows for KSQ on 20240612
2025-06-12 04:51:42,368 - krx_fetcher - INFO - Updated 953 rows in database
2025-06-12 04:51:42,505 - krx_fetcher - INFO - Updated 1728 rows in database
2025-06-12 04:51:45,021 - krx_fetcher - INFO - Fetching STK data for 20240613
2025-06-12 04:51:47,508 - krx_fetcher - INFO - Fetched 953 rows for STK on 20240613
2025-06-12 04:51:47,508 - krx_fetcher - INFO - Fetching KSQ data for 20240613
2025-06-12 04:51:51,397 - krx_fetcher - INFO - Fetched 1728 rows for KSQ on 20240613
2025-06-12 04:51:51,496 - krx_fetcher - INFO - Updated 953 rows in database
2025-06-12 04:51:51,673 - krx_fetcher - INFO - Updated 1728 rows in database
2025-06-12 04:51:54,358 - krx_fetcher - INFO - Fetching STK data for 20240614
2025-06-12 04:51:56,937 - krx_fetcher - INFO - Fetched 953 rows for STK on 20240614
2025-06-12 04:51:56,938 - krx_fetcher - INFO - Fetching KSQ data for 20240614
2025-06-12 04:52:00,779 - krx_fetcher - INFO - Fetched 1729 rows for KSQ on 20240614
2025-06-12 04:52:00,875 - krx_fetcher - INFO - Updated 953 rows in database
2025-06-12 04:52:01,013 - krx_fetcher - INFO - Updated 1729 rows in database
2025-06-12 04:52:04,038 - krx_fetcher - INFO - Fetching STK data for 20240617
2025-06-12 04:52:06,557 - krx_fetcher - INFO - Fetched 953 rows for STK on 20240617
2025-06-12 04:52:06,557 - krx_fetcher - INFO - Fetching KSQ data for 20240617
2025-06-12 04:52:10,387 - krx_fetcher - INFO - Fetched 1728 rows for KSQ on 20240617
2025-06-12 04:52:10,478 - krx_fetcher - INFO - Updated 953 rows in database
2025-06-12 04:52:10,609 - krx_fetcher - INFO - Updated 1728 rows in database
2025-06-12 04:52:14,230 - krx_fetcher - INFO - Fetching STK data for 20240618
2025-06-12 04:52:16,713 - krx_fetcher - INFO - Fetched 953 rows for STK on 20240618
2025-06-12 04:52:16,713 - krx_fetcher - INFO - Fetching KSQ data for 20240618
2025-06-12 04:52:20,554 - krx_fetcher - INFO - Fetched 1729 rows for KSQ on 20240618
2025-06-12 04:52:20,643 - krx_fetcher - INFO - Updated 953 rows in database
2025-06-12 04:52:20,822 - krx_fetcher - INFO - Updated 1729 rows in database
2025-06-12 04:52:25,655 - krx_fetcher - INFO - Fetching STK data for 20240619
2025-06-12 04:52:28,164 - krx_fetcher - INFO - Fetched 953 rows for STK on 20240619
2025-06-12 04:52:28,164 - krx_fetcher - INFO - Fetching KSQ data for 20240619
2025-06-12 04:52:32,090 - krx_fetcher - INFO - Fetched 1732 rows for KSQ on 20240619
2025-06-12 04:52:32,184 - krx_fetcher - INFO - Updated 953 rows in database
2025-06-12 04:52:32,317 - krx_fetcher - INFO - Updated 1732 rows in database
2025-06-12 04:52:36,645 - krx_fetcher - INFO - Fetching STK data for 20240620
2025-06-12 04:52:39,117 - krx_fetcher - INFO - Fetched 953 rows for STK on 20240620
2025-06-12 04:52:39,117 - krx_fetcher - INFO - Fetching KSQ data for 20240620
2025-06-12 04:52:43,011 - krx_fetcher - INFO - Fetched 1732 rows for KSQ on 20240620
2025-06-12 04:52:43,107 - krx_fetcher - INFO - Updated 953 rows in database
2025-06-12 04:52:43,232 - krx_fetcher - INFO - Updated 1732 rows in database
2025-06-12 04:52:46,472 - krx_fetcher - INFO - Fetching STK data for 20240621
2025-06-12 04:52:48,949 - krx_fetcher - INFO - Fetched 953 rows for STK on 20240621
2025-06-12 04:52:48,949 - krx_fetcher - INFO - Fetching KSQ data for 20240621
2025-06-12 04:52:52,946 - krx_fetcher - INFO - Fetched 1732 rows for KSQ on 20240621
2025-06-12 04:52:53,035 - krx_fetcher - INFO - Updated 953 rows in database
2025-06-12 04:52:53,205 - krx_fetcher - INFO - Updated 1732 rows in database
2025-06-12 04:52:57,419 - krx_fetcher - INFO - Fetching STK data for 20240624
2025-06-12 04:52:59,858 - krx_fetcher - INFO - Fetched 954 rows for STK on 20240624
2025-06-12 04:52:59,858 - krx_fetcher - INFO - Fetching KSQ data for 20240624
2025-06-12 04:53:03,801 - krx_fetcher - INFO - Fetched 1734 rows for KSQ on 20240624
2025-06-12 04:53:03,900 - krx_fetcher - INFO - Updated 954 rows in database
2025-06-12 04:53:04,031 - krx_fetcher - INFO - Updated 1734 rows in database
2025-06-12 04:53:07,072 - krx_fetcher - INFO - Fetching STK data for 20240625
2025-06-12 04:53:09,533 - krx_fetcher - INFO - Fetched 954 rows for STK on 20240625
2025-06-12 04:53:09,534 - krx_fetcher - INFO - Fetching KSQ data for 20240625
2025-06-12 04:53:13,528 - krx_fetcher - INFO - Fetched 1734 rows for KSQ on 20240625
2025-06-12 04:53:13,622 - krx_fetcher - INFO - Updated 954 rows in database
2025-06-12 04:53:13,757 - krx_fetcher - INFO - Updated 1734 rows in database
2025-06-12 04:53:17,525 - krx_fetcher - INFO - Fetching STK data for 20240626
2025-06-12 04:53:20,023 - krx_fetcher - INFO - Fetched 954 rows for STK on 20240626
2025-06-12 04:53:20,023 - krx_fetcher - INFO - Fetching KSQ data for 20240626
2025-06-12 04:53:23,973 - krx_fetcher - INFO - Fetched 1735 rows for KSQ on 20240626
2025-06-12 04:53:24,065 - krx_fetcher - INFO - Updated 954 rows in database
2025-06-12 04:53:24,235 - krx_fetcher - INFO - Updated 1735 rows in database
2025-06-12 04:53:26,481 - krx_fetcher - INFO - Fetching STK data for 20240627
2025-06-12 04:53:28,988 - krx_fetcher - INFO - Fetched 954 rows for STK on 20240627
2025-06-12 04:53:28,988 - krx_fetcher - INFO - Fetching KSQ data for 20240627
2025-06-12 04:53:33,089 - krx_fetcher - INFO - Fetched 1736 rows for KSQ on 20240627
2025-06-12 04:53:33,181 - krx_fetcher - INFO - Updated 954 rows in database
2025-06-12 04:53:33,323 - krx_fetcher - INFO - Updated 1736 rows in database
2025-06-12 04:53:35,657 - krx_fetcher - INFO - Fetching STK data for 20240628
2025-06-12 04:53:38,608 - krx_fetcher - INFO - Fetched 954 rows for STK on 20240628
2025-06-12 04:53:38,609 - krx_fetcher - INFO - Fetching KSQ data for 20240628
2025-06-12 04:53:42,093 - krx_fetcher - INFO - Fetched 1737 rows for KSQ on 20240628
2025-06-12 04:53:42,182 - krx_fetcher - INFO - Updated 954 rows in database
2025-06-12 04:53:42,312 - krx_fetcher - INFO - Updated 1737 rows in database
2025-06-12 04:53:44,636 - krx_fetcher - INFO - Fetching STK data for 20240701
2025-06-12 04:53:48,726 - krx_fetcher - INFO - Fetched 955 rows for STK on 20240701
2025-06-12 04:53:48,727 - krx_fetcher - INFO - Fetching KSQ data for 20240701
2025-06-12 04:53:51,829 - krx_fetcher - INFO - Fetched 1737 rows for KSQ on 20240701
2025-06-12 04:53:51,920 - krx_fetcher - INFO - Updated 955 rows in database
2025-06-12 04:53:52,096 - krx_fetcher - INFO - Updated 1737 rows in database
2025-06-12 04:53:55,203 - krx_fetcher - INFO - Fetching STK data for 20240702
2025-06-12 04:53:57,748 - krx_fetcher - INFO - Fetched 955 rows for STK on 20240702
2025-06-12 04:53:57,748 - krx_fetcher - INFO - Fetching KSQ data for 20240702
2025-06-12 04:54:02,271 - krx_fetcher - INFO - Fetched 1737 rows for KSQ on 20240702
2025-06-12 04:54:02,367 - krx_fetcher - INFO - Updated 955 rows in database
2025-06-12 04:54:02,494 - krx_fetcher - INFO - Updated 1737 rows in database
2025-06-12 04:54:07,000 - krx_fetcher - INFO - Fetching STK data for 20240703
2025-06-12 04:54:10,570 - krx_fetcher - INFO - Fetched 955 rows for STK on 20240703
2025-06-12 04:54:10,570 - krx_fetcher - INFO - Fetching KSQ data for 20240703
2025-06-12 04:54:15,355 - krx_fetcher - INFO - Fetched 1738 rows for KSQ on 20240703
2025-06-12 04:54:15,446 - krx_fetcher - INFO - Updated 955 rows in database
2025-06-12 04:54:15,575 - krx_fetcher - INFO - Updated 1738 rows in database
2025-06-12 04:54:18,161 - krx_fetcher - INFO - Fetching STK data for 20240704
2025-06-12 04:54:21,488 - krx_fetcher - INFO - Fetched 955 rows for STK on 20240704
2025-06-12 04:54:21,489 - krx_fetcher - INFO - Fetching KSQ data for 20240704
2025-06-12 04:54:24,586 - krx_fetcher - INFO - Fetched 1738 rows for KSQ on 20240704
2025-06-12 04:54:24,675 - krx_fetcher - INFO - Updated 955 rows in database
2025-06-12 04:54:24,841 - krx_fetcher - INFO - Updated 1738 rows in database
2025-06-12 04:54:27,695 - krx_fetcher - INFO - Fetching STK data for 20240705
2025-06-12 04:54:31,584 - krx_fetcher - INFO - Fetched 955 rows for STK on 20240705
2025-06-12 04:54:31,584 - krx_fetcher - INFO - Fetching KSQ data for 20240705
2025-06-12 04:54:34,033 - krx_fetcher - INFO - Fetched 1738 rows for KSQ on 20240705
2025-06-12 04:54:34,119 - krx_fetcher - INFO - Updated 955 rows in database
2025-06-12 04:54:34,249 - krx_fetcher - INFO - Updated 1738 rows in database
2025-06-12 04:54:37,512 - krx_fetcher - INFO - Fetching STK data for 20240708
2025-06-12 04:54:41,310 - krx_fetcher - INFO - Fetched 955 rows for STK on 20240708
2025-06-12 04:54:41,310 - krx_fetcher - INFO - Fetching KSQ data for 20240708
2025-06-12 04:54:44,004 - krx_fetcher - INFO - Fetched 1738 rows for KSQ on 20240708
2025-06-12 04:54:44,094 - krx_fetcher - INFO - Updated 955 rows in database
2025-06-12 04:54:44,216 - krx_fetcher - INFO - Updated 1738 rows in database
2025-06-12 04:54:48,444 - krx_fetcher - INFO - Fetching STK data for 20240709
2025-06-12 04:54:52,216 - krx_fetcher - INFO - Fetched 954 rows for STK on 20240709
2025-06-12 04:54:52,216 - krx_fetcher - INFO - Fetching KSQ data for 20240709
2025-06-12 04:54:56,314 - krx_fetcher - INFO - Fetched 1738 rows for KSQ on 20240709
2025-06-12 04:54:56,404 - krx_fetcher - INFO - Updated 954 rows in database
2025-06-12 04:54:56,575 - krx_fetcher - INFO - Updated 1738 rows in database
2025-06-12 04:55:01,161 - krx_fetcher - INFO - Fetching STK data for 20240710
2025-06-12 04:55:03,623 - krx_fetcher - INFO - Fetched 954 rows for STK on 20240710
2025-06-12 04:55:03,624 - krx_fetcher - INFO - Fetching KSQ data for 20240710
2025-06-12 04:55:08,317 - krx_fetcher - INFO - Fetched 1737 rows for KSQ on 20240710
2025-06-12 04:55:08,404 - krx_fetcher - INFO - Updated 954 rows in database
2025-06-12 04:55:08,536 - krx_fetcher - INFO - Updated 1737 rows in database
2025-06-12 04:55:13,095 - krx_fetcher - INFO - Fetching STK data for 20240711
2025-06-12 04:55:16,788 - krx_fetcher - INFO - Fetched 955 rows for STK on 20240711
2025-06-12 04:55:16,788 - krx_fetcher - INFO - Fetching KSQ data for 20240711
2025-06-12 04:55:20,888 - krx_fetcher - INFO - Fetched 1737 rows for KSQ on 20240711
2025-06-12 04:55:20,976 - krx_fetcher - INFO - Updated 955 rows in database
2025-06-12 04:55:21,101 - krx_fetcher - INFO - Updated 1737 rows in database
2025-06-12 04:55:23,210 - krx_fetcher - INFO - Fetching STK data for 20240712
2025-06-12 04:55:27,028 - krx_fetcher - INFO - Fetched 955 rows for STK on 20240712
2025-06-12 04:55:27,028 - krx_fetcher - INFO - Fetching KSQ data for 20240712
2025-06-12 04:55:29,653 - krx_fetcher - INFO - Fetched 1738 rows for KSQ on 20240712
2025-06-12 04:55:29,743 - krx_fetcher - INFO - Updated 955 rows in database
2025-06-12 04:55:29,906 - krx_fetcher - INFO - Updated 1738 rows in database
2025-06-12 04:55:34,823 - krx_fetcher - INFO - Fetching STK data for 20240715
2025-06-12 04:55:38,082 - krx_fetcher - INFO - Fetched 955 rows for STK on 20240715
2025-06-12 04:55:38,082 - krx_fetcher - INFO - Fetching KSQ data for 20240715
2025-06-12 04:55:41,590 - krx_fetcher - INFO - Fetched 1739 rows for KSQ on 20240715
2025-06-12 04:55:41,677 - krx_fetcher - INFO - Updated 955 rows in database
2025-06-12 04:55:41,808 - krx_fetcher - INFO - Updated 1739 rows in database
2025-06-12 04:55:46,627 - krx_fetcher - INFO - Fetching STK data for 20240716
2025-06-12 04:55:49,274 - krx_fetcher - INFO - Fetched 955 rows for STK on 20240716
2025-06-12 04:55:49,274 - krx_fetcher - INFO - Fetching KSQ data for 20240716
2025-06-12 04:55:53,080 - krx_fetcher - INFO - Fetched 1739 rows for KSQ on 20240716
2025-06-12 04:55:53,171 - krx_fetcher - INFO - Updated 955 rows in database
2025-06-12 04:55:53,295 - krx_fetcher - INFO - Updated 1739 rows in database
2025-06-12 04:55:57,600 - krx_fetcher - INFO - Fetching STK data for 20240717
2025-06-12 04:56:01,845 - krx_fetcher - INFO - Fetched 955 rows for STK on 20240717
2025-06-12 04:56:01,846 - krx_fetcher - INFO - Fetching KSQ data for 20240717
2025-06-12 04:56:04,231 - krx_fetcher - INFO - Fetched 1739 rows for KSQ on 20240717
2025-06-12 04:56:04,316 - krx_fetcher - INFO - Updated 955 rows in database
2025-06-12 04:56:04,490 - krx_fetcher - INFO - Updated 1739 rows in database
2025-06-12 04:56:07,989 - krx_fetcher - INFO - Fetching STK data for 20240718
2025-06-12 04:56:10,673 - krx_fetcher - INFO - Fetched 955 rows for STK on 20240718
2025-06-12 04:56:10,673 - krx_fetcher - INFO - Fetching KSQ data for 20240718
2025-06-12 04:56:16,003 - krx_fetcher - INFO - Fetched 1739 rows for KSQ on 20240718
2025-06-12 04:56:16,092 - krx_fetcher - INFO - Updated 955 rows in database
2025-06-12 04:56:16,219 - krx_fetcher - INFO - Updated 1739 rows in database
2025-06-12 04:56:19,450 - krx_fetcher - INFO - Fetching STK data for 20240719
2025-06-12 04:56:23,347 - krx_fetcher - INFO - Fetched 955 rows for STK on 20240719
2025-06-12 04:56:23,347 - krx_fetcher - INFO - Fetching KSQ data for 20240719
2025-06-12 04:56:26,177 - krx_fetcher - INFO - Fetched 1739 rows for KSQ on 20240719
2025-06-12 04:56:26,266 - krx_fetcher - INFO - Updated 955 rows in database
2025-06-12 04:56:26,390 - krx_fetcher - INFO - Updated 1739 rows in database
2025-06-12 04:56:30,792 - krx_fetcher - INFO - Fetching STK data for 20240722
2025-06-12 04:56:33,532 - krx_fetcher - INFO - Fetched 955 rows for STK on 20240722
2025-06-12 04:56:33,533 - krx_fetcher - INFO - Fetching KSQ data for 20240722
2025-06-12 04:56:37,303 - krx_fetcher - INFO - Fetched 1739 rows for KSQ on 20240722
2025-06-12 04:56:37,402 - krx_fetcher - INFO - Updated 955 rows in database
2025-06-12 04:56:37,569 - krx_fetcher - INFO - Updated 1739 rows in database
2025-06-12 04:56:41,151 - krx_fetcher - INFO - Fetching STK data for 20240723
2025-06-12 04:56:44,852 - krx_fetcher - INFO - Fetched 955 rows for STK on 20240723
2025-06-12 04:56:44,852 - krx_fetcher - INFO - Fetching KSQ data for 20240723
2025-06-12 04:56:48,949 - krx_fetcher - INFO - Fetched 1739 rows for KSQ on 20240723
2025-06-12 04:56:49,038 - krx_fetcher - INFO - Updated 955 rows in database
2025-06-12 04:56:49,161 - krx_fetcher - INFO - Updated 1739 rows in database
2025-06-12 04:56:52,333 - krx_fetcher - INFO - Fetching STK data for 20240724
2025-06-12 04:56:55,823 - krx_fetcher - INFO - Fetched 955 rows for STK on 20240724
2025-06-12 04:56:55,824 - krx_fetcher - INFO - Fetching KSQ data for 20240724
2025-06-12 04:56:59,044 - krx_fetcher - INFO - Fetched 1739 rows for KSQ on 20240724
2025-06-12 04:56:59,131 - krx_fetcher - INFO - Updated 955 rows in database
2025-06-12 04:56:59,255 - krx_fetcher - INFO - Updated 1739 rows in database
2025-06-12 04:57:03,521 - krx_fetcher - INFO - Fetching STK data for 20240725
2025-06-12 04:57:07,378 - krx_fetcher - INFO - Fetched 955 rows for STK on 20240725
2025-06-12 04:57:07,379 - krx_fetcher - INFO - Fetching KSQ data for 20240725
2025-06-12 04:57:10,528 - krx_fetcher - INFO - Fetched 1739 rows for KSQ on 20240725
2025-06-12 04:57:10,616 - krx_fetcher - INFO - Updated 955 rows in database
2025-06-12 04:57:10,776 - krx_fetcher - INFO - Updated 1739 rows in database
2025-06-12 04:57:14,563 - krx_fetcher - INFO - Fetching STK data for 20240726
2025-06-12 04:57:17,000 - krx_fetcher - INFO - Fetched 955 rows for STK on 20240726
2025-06-12 04:57:17,000 - krx_fetcher - INFO - Fetching KSQ data for 20240726
2025-06-12 04:57:21,444 - krx_fetcher - INFO - Fetched 1739 rows for KSQ on 20240726
2025-06-12 04:57:21,530 - krx_fetcher - INFO - Updated 955 rows in database
2025-06-12 04:57:21,653 - krx_fetcher - INFO - Updated 1739 rows in database
2025-06-12 04:57:24,317 - krx_fetcher - INFO - Fetching STK data for 20240729
2025-06-12 04:57:27,861 - krx_fetcher - INFO - Fetched 957 rows for STK on 20240729
2025-06-12 04:57:27,861 - krx_fetcher - INFO - Fetching KSQ data for 20240729
2025-06-12 04:57:30,719 - krx_fetcher - INFO - Fetched 1738 rows for KSQ on 20240729
2025-06-12 04:57:30,804 - krx_fetcher - INFO - Updated 957 rows in database
2025-06-12 04:57:30,922 - krx_fetcher - INFO - Updated 1738 rows in database
2025-06-12 04:57:33,856 - krx_fetcher - INFO - Fetching STK data for 20240730
2025-06-12 04:57:38,093 - krx_fetcher - INFO - Fetched 957 rows for STK on 20240730
2025-06-12 04:57:38,093 - krx_fetcher - INFO - Fetching KSQ data for 20240730
2025-06-12 04:57:41,512 - krx_fetcher - INFO - Fetched 1738 rows for KSQ on 20240730
2025-06-12 04:57:41,597 - krx_fetcher - INFO - Updated 957 rows in database
2025-06-12 04:57:41,755 - krx_fetcher - INFO - Updated 1738 rows in database
2025-06-12 04:57:46,522 - krx_fetcher - INFO - Fetching STK data for 20240731
2025-06-12 04:57:49,899 - krx_fetcher - INFO - Fetched 957 rows for STK on 20240731
2025-06-12 04:57:49,899 - krx_fetcher - INFO - Fetching KSQ data for 20240731
2025-06-12 04:57:53,751 - krx_fetcher - INFO - Fetched 1739 rows for KSQ on 20240731
2025-06-12 04:57:53,834 - krx_fetcher - INFO - Updated 957 rows in database
2025-06-12 04:57:53,953 - krx_fetcher - INFO - Updated 1739 rows in database
2025-06-12 04:57:58,918 - krx_fetcher - INFO - Fetching STK data for 20240801
2025-06-12 04:58:01,367 - krx_fetcher - INFO - Fetched 957 rows for STK on 20240801
2025-06-12 04:58:01,367 - krx_fetcher - INFO - Fetching KSQ data for 20240801
2025-06-12 04:58:05,300 - krx_fetcher - INFO - Fetched 1739 rows for KSQ on 20240801
2025-06-12 04:58:05,388 - krx_fetcher - INFO - Updated 957 rows in database
2025-06-12 04:58:05,509 - krx_fetcher - INFO - Updated 1739 rows in database
2025-06-12 04:58:10,030 - krx_fetcher - INFO - Fetching STK data for 20240802
2025-06-12 04:58:13,940 - krx_fetcher - INFO - Fetched 957 rows for STK on 20240802
2025-06-12 04:58:13,940 - krx_fetcher - INFO - Fetching KSQ data for 20240802
2025-06-12 04:58:16,935 - krx_fetcher - INFO - Fetched 1739 rows for KSQ on 20240802
2025-06-12 04:58:17,026 - krx_fetcher - INFO - Updated 957 rows in database
2025-06-12 04:58:17,189 - krx_fetcher - INFO - Updated 1739 rows in database
2025-06-12 04:58:21,389 - krx_fetcher - INFO - Fetching STK data for 20240805
2025-06-12 04:58:23,946 - krx_fetcher - INFO - Fetched 957 rows for STK on 20240805
2025-06-12 04:58:23,946 - krx_fetcher - INFO - Fetching KSQ data for 20240805
2025-06-12 04:58:28,098 - krx_fetcher - INFO - Fetched 1739 rows for KSQ on 20240805
2025-06-12 04:58:28,180 - krx_fetcher - INFO - Updated 957 rows in database
2025-06-12 04:58:28,300 - krx_fetcher - INFO - Updated 1739 rows in database
2025-06-12 04:58:31,612 - krx_fetcher - INFO - Fetching STK data for 20240806
2025-06-12 04:58:35,442 - krx_fetcher - INFO - Fetched 957 rows for STK on 20240806
2025-06-12 04:58:35,442 - krx_fetcher - INFO - Fetching KSQ data for 20240806
2025-06-12 04:58:38,072 - krx_fetcher - INFO - Fetched 1740 rows for KSQ on 20240806
2025-06-12 04:58:38,163 - krx_fetcher - INFO - Updated 957 rows in database
2025-06-12 04:58:38,285 - krx_fetcher - INFO - Updated 1740 rows in database
2025-06-12 04:58:42,581 - krx_fetcher - INFO - Fetching STK data for 20240807
2025-06-12 04:58:46,706 - krx_fetcher - INFO - Fetched 957 rows for STK on 20240807
2025-06-12 04:58:46,706 - krx_fetcher - INFO - Fetching KSQ data for 20240807
2025-06-12 04:58:50,861 - krx_fetcher - INFO - Fetched 1740 rows for KSQ on 20240807
2025-06-12 04:58:50,951 - krx_fetcher - INFO - Updated 957 rows in database
2025-06-12 04:58:51,113 - krx_fetcher - INFO - Updated 1740 rows in database
2025-06-12 04:58:53,238 - krx_fetcher - INFO - Fetching STK data for 20240808
2025-06-12 04:58:56,769 - krx_fetcher - INFO - Fetched 957 rows for STK on 20240808
2025-06-12 04:58:56,770 - krx_fetcher - INFO - Fetching KSQ data for 20240808
2025-06-12 04:59:01,905 - krx_fetcher - INFO - Fetched 1740 rows for KSQ on 20240808
2025-06-12 04:59:01,992 - krx_fetcher - INFO - Updated 957 rows in database
2025-06-12 04:59:02,115 - krx_fetcher - INFO - Updated 1740 rows in database
2025-06-12 04:59:06,243 - krx_fetcher - INFO - Fetching STK data for 20240809
2025-06-12 04:59:09,015 - krx_fetcher - INFO - Fetched 957 rows for STK on 20240809
2025-06-12 04:59:09,015 - krx_fetcher - INFO - Fetching KSQ data for 20240809
2025-06-12 04:59:12,690 - krx_fetcher - INFO - Fetched 1740 rows for KSQ on 20240809
2025-06-12 04:59:12,782 - krx_fetcher - INFO - Updated 957 rows in database
2025-06-12 04:59:12,909 - krx_fetcher - INFO - Updated 1740 rows in database
2025-06-12 04:59:15,830 - krx_fetcher - INFO - Fetching STK data for 20240812
2025-06-12 04:59:20,334 - krx_fetcher - INFO - Fetched 957 rows for STK on 20240812
2025-06-12 04:59:20,335 - krx_fetcher - INFO - Fetching KSQ data for 20240812
2025-06-12 04:59:23,990 - krx_fetcher - INFO - Fetched 1741 rows for KSQ on 20240812
2025-06-12 04:59:24,082 - krx_fetcher - INFO - Updated 957 rows in database
2025-06-12 04:59:24,245 - krx_fetcher - INFO - Updated 1741 rows in database
2025-06-12 04:59:26,502 - krx_fetcher - INFO - Fetching STK data for 20240813
2025-06-12 04:59:29,029 - krx_fetcher - INFO - Fetched 957 rows for STK on 20240813
2025-06-12 04:59:29,029 - krx_fetcher - INFO - Fetching KSQ data for 20240813
2025-06-12 04:59:33,650 - krx_fetcher - INFO - Fetched 1742 rows for KSQ on 20240813
2025-06-12 04:59:33,737 - krx_fetcher - INFO - Updated 957 rows in database
2025-06-12 04:59:33,857 - krx_fetcher - INFO - Updated 1742 rows in database
2025-06-12 04:59:36,726 - krx_fetcher - INFO - Fetching STK data for 20240814
2025-06-12 04:59:39,657 - krx_fetcher - INFO - Fetched 957 rows for STK on 20240814
2025-06-12 04:59:39,657 - krx_fetcher - INFO - Fetching KSQ data for 20240814
2025-06-12 04:59:43,895 - krx_fetcher - INFO - Fetched 1742 rows for KSQ on 20240814
2025-06-12 04:59:43,986 - krx_fetcher - INFO - Updated 957 rows in database
2025-06-12 04:59:44,113 - krx_fetcher - INFO - Updated 1742 rows in database
2025-06-12 04:59:48,238 - krx_fetcher - INFO - Fetching STK data for 20240815
2025-06-12 04:59:50,412 - krx_fetcher - INFO - Fetched 957 rows for STK on 20240815
2025-06-12 04:59:50,412 - krx_fetcher - INFO - Fetching KSQ data for 20240815
2025-06-12 04:59:54,465 - krx_fetcher - INFO - Fetched 1742 rows for KSQ on 20240815
2025-06-12 04:59:54,548 - krx_fetcher - INFO - Updated 957 rows in database
2025-06-12 04:59:54,673 - krx_fetcher - INFO - Updated 1742 rows in database
2025-06-12 04:59:57,353 - krx_fetcher - INFO - Fetching STK data for 20240816
2025-06-12 04:59:59,945 - krx_fetcher - INFO - Fetched 957 rows for STK on 20240816
2025-06-12 04:59:59,946 - krx_fetcher - INFO - Fetching KSQ data for 20240816
2025-06-12 05:00:03,946 - krx_fetcher - INFO - Fetched 1743 rows for KSQ on 20240816
2025-06-12 05:00:04,034 - krx_fetcher - INFO - Updated 957 rows in database
2025-06-12 05:00:04,156 - krx_fetcher - INFO - Updated 1743 rows in database
2025-06-12 05:00:07,324 - krx_fetcher - INFO - Fetching STK data for 20240819
2025-06-12 05:00:09,780 - krx_fetcher - INFO - Fetched 958 rows for STK on 20240819
2025-06-12 05:00:09,780 - krx_fetcher - INFO - Fetching KSQ data for 20240819
2025-06-12 05:00:13,771 - krx_fetcher - INFO - Fetched 1743 rows for KSQ on 20240819
2025-06-12 05:00:13,854 - krx_fetcher - INFO - Updated 958 rows in database
2025-06-12 05:00:14,020 - krx_fetcher - INFO - Updated 1743 rows in database
2025-06-12 05:00:18,043 - krx_fetcher - INFO - Fetching STK data for 20240820
2025-06-12 05:00:20,630 - krx_fetcher - INFO - Fetched 958 rows for STK on 20240820
2025-06-12 05:00:20,630 - krx_fetcher - INFO - Fetching KSQ data for 20240820
2025-06-12 05:00:24,522 - krx_fetcher - INFO - Fetched 1745 rows for KSQ on 20240820
2025-06-12 05:00:24,611 - krx_fetcher - INFO - Updated 958 rows in database
2025-06-12 05:00:24,735 - krx_fetcher - INFO - Updated 1745 rows in database
2025-06-12 05:00:27,479 - krx_fetcher - INFO - Fetching STK data for 20240821
2025-06-12 05:00:29,925 - krx_fetcher - INFO - Fetched 958 rows for STK on 20240821
2025-06-12 05:00:29,925 - krx_fetcher - INFO - Fetching KSQ data for 20240821
2025-06-12 05:00:33,943 - krx_fetcher - INFO - Fetched 1746 rows for KSQ on 20240821
2025-06-12 05:00:34,028 - krx_fetcher - INFO - Updated 958 rows in database
2025-06-12 05:00:34,149 - krx_fetcher - INFO - Updated 1746 rows in database
2025-06-12 05:00:37,309 - krx_fetcher - INFO - Fetching STK data for 20240822
2025-06-12 05:00:39,882 - krx_fetcher - INFO - Fetched 958 rows for STK on 20240822
2025-06-12 05:00:39,883 - krx_fetcher - INFO - Fetching KSQ data for 20240822
2025-06-12 05:00:43,773 - krx_fetcher - INFO - Fetched 1748 rows for KSQ on 20240822
2025-06-12 05:00:43,863 - krx_fetcher - INFO - Updated 958 rows in database
2025-06-12 05:00:44,022 - krx_fetcher - INFO - Updated 1748 rows in database
2025-06-12 05:00:48,051 - krx_fetcher - INFO - Fetching STK data for 20240823
2025-06-12 05:00:50,532 - krx_fetcher - INFO - Fetched 958 rows for STK on 20240823
2025-06-12 05:00:50,532 - krx_fetcher - INFO - Fetching KSQ data for 20240823
2025-06-12 05:00:54,471 - krx_fetcher - INFO - Fetched 1749 rows for KSQ on 20240823
2025-06-12 05:00:54,558 - krx_fetcher - INFO - Updated 958 rows in database
2025-06-12 05:00:54,682 - krx_fetcher - INFO - Updated 1749 rows in database
2025-06-12 05:00:57,378 - krx_fetcher - INFO - Fetching STK data for 20240826
2025-06-12 05:00:59,848 - krx_fetcher - INFO - Fetched 958 rows for STK on 20240826
2025-06-12 05:00:59,849 - krx_fetcher - INFO - Fetching KSQ data for 20240826
2025-06-12 05:01:03,773 - krx_fetcher - INFO - Fetched 1749 rows for KSQ on 20240826
2025-06-12 05:01:03,857 - krx_fetcher - INFO - Updated 958 rows in database
2025-06-12 05:01:03,980 - krx_fetcher - INFO - Updated 1749 rows in database
2025-06-12 05:01:06,971 - krx_fetcher - INFO - Fetching STK data for 20240827
2025-06-12 05:01:09,475 - krx_fetcher - INFO - Fetched 958 rows for STK on 20240827
2025-06-12 05:01:09,475 - krx_fetcher - INFO - Fetching KSQ data for 20240827
2025-06-12 05:01:13,313 - krx_fetcher - INFO - Fetched 1749 rows for KSQ on 20240827
2025-06-12 05:01:13,411 - krx_fetcher - INFO - Updated 958 rows in database
2025-06-12 05:01:13,571 - krx_fetcher - INFO - Updated 1749 rows in database
2025-06-12 05:01:17,153 - krx_fetcher - INFO - Fetching STK data for 20240828
2025-06-12 05:01:19,609 - krx_fetcher - INFO - Fetched 958 rows for STK on 20240828
2025-06-12 05:01:19,609 - krx_fetcher - INFO - Fetching KSQ data for 20240828
2025-06-12 05:01:23,608 - krx_fetcher - INFO - Fetched 1749 rows for KSQ on 20240828
2025-06-12 05:01:23,692 - krx_fetcher - INFO - Updated 958 rows in database
2025-06-12 05:01:23,818 - krx_fetcher - INFO - Updated 1749 rows in database
2025-06-12 05:01:28,650 - krx_fetcher - INFO - Fetching STK data for 20240829
2025-06-12 05:01:31,183 - krx_fetcher - INFO - Fetched 958 rows for STK on 20240829
2025-06-12 05:01:31,184 - krx_fetcher - INFO - Fetching KSQ data for 20240829
2025-06-12 05:01:35,180 - krx_fetcher - INFO - Fetched 1749 rows for KSQ on 20240829
2025-06-12 05:01:35,267 - krx_fetcher - INFO - Updated 958 rows in database
2025-06-12 05:01:35,392 - krx_fetcher - INFO - Updated 1749 rows in database
2025-06-12 05:01:39,795 - krx_fetcher - INFO - Fetching STK data for 20240830
2025-06-12 05:01:42,242 - krx_fetcher - INFO - Fetched 958 rows for STK on 20240830
2025-06-12 05:01:42,242 - krx_fetcher - INFO - Fetching KSQ data for 20240830
2025-06-12 05:01:46,174 - krx_fetcher - INFO - Fetched 1750 rows for KSQ on 20240830
2025-06-12 05:01:46,263 - krx_fetcher - INFO - Updated 958 rows in database
2025-06-12 05:01:46,427 - krx_fetcher - INFO - Updated 1750 rows in database
2025-06-12 05:01:49,859 - krx_fetcher - INFO - Fetching STK data for 20240902
2025-06-12 05:01:52,475 - krx_fetcher - INFO - Fetched 958 rows for STK on 20240902
2025-06-12 05:01:52,475 - krx_fetcher - INFO - Fetching KSQ data for 20240902
2025-06-12 05:01:56,303 - krx_fetcher - INFO - Fetched 1750 rows for KSQ on 20240902
2025-06-12 05:01:56,391 - krx_fetcher - INFO - Updated 958 rows in database
2025-06-12 05:01:56,518 - krx_fetcher - INFO - Updated 1750 rows in database
2025-06-12 05:02:01,050 - krx_fetcher - INFO - Fetching STK data for 20240903
2025-06-12 05:02:03,540 - krx_fetcher - INFO - Fetched 958 rows for STK on 20240903
2025-06-12 05:02:03,540 - krx_fetcher - INFO - Fetching KSQ data for 20240903
2025-06-12 05:02:07,428 - krx_fetcher - INFO - Fetched 1750 rows for KSQ on 20240903
2025-06-12 05:02:07,515 - krx_fetcher - INFO - Updated 958 rows in database
2025-06-12 05:02:07,640 - krx_fetcher - INFO - Updated 1750 rows in database
2025-06-12 05:02:11,291 - krx_fetcher - INFO - Fetching STK data for 20240904
2025-06-12 05:02:13,781 - krx_fetcher - INFO - Fetched 958 rows for STK on 20240904
2025-06-12 05:02:13,782 - krx_fetcher - INFO - Fetching KSQ data for 20240904
2025-06-12 05:02:17,676 - krx_fetcher - INFO - Fetched 1750 rows for KSQ on 20240904
2025-06-12 05:02:17,765 - krx_fetcher - INFO - Updated 958 rows in database
2025-06-12 05:02:17,932 - krx_fetcher - INFO - Updated 1750 rows in database
2025-06-12 05:02:22,876 - krx_fetcher - INFO - Fetching STK data for 20240905
2025-06-12 05:02:25,259 - krx_fetcher - INFO - Fetched 958 rows for STK on 20240905
2025-06-12 05:02:25,259 - krx_fetcher - INFO - Fetching KSQ data for 20240905
2025-06-12 05:02:29,282 - krx_fetcher - INFO - Fetched 1750 rows for KSQ on 20240905
2025-06-12 05:02:29,368 - krx_fetcher - INFO - Updated 958 rows in database
2025-06-12 05:02:29,497 - krx_fetcher - INFO - Updated 1750 rows in database
2025-06-12 05:02:34,012 - krx_fetcher - INFO - Fetching STK data for 20240906
2025-06-12 05:02:36,458 - krx_fetcher - INFO - Fetched 958 rows for STK on 20240906
2025-06-12 05:02:36,458 - krx_fetcher - INFO - Fetching KSQ data for 20240906
2025-06-12 05:02:40,408 - krx_fetcher - INFO - Fetched 1749 rows for KSQ on 20240906
2025-06-12 05:02:40,498 - krx_fetcher - INFO - Updated 958 rows in database
2025-06-12 05:02:40,622 - krx_fetcher - INFO - Updated 1749 rows in database
2025-06-12 05:02:44,259 - krx_fetcher - INFO - Fetching STK data for 20240909
2025-06-12 05:02:46,754 - krx_fetcher - INFO - Fetched 958 rows for STK on 20240909
2025-06-12 05:02:46,754 - krx_fetcher - INFO - Fetching KSQ data for 20240909
2025-06-12 05:02:50,751 - krx_fetcher - INFO - Fetched 1749 rows for KSQ on 20240909
2025-06-12 05:02:50,840 - krx_fetcher - INFO - Updated 958 rows in database
2025-06-12 05:02:50,963 - krx_fetcher - INFO - Updated 1749 rows in database
2025-06-12 05:02:55,937 - krx_fetcher - INFO - Fetching STK data for 20240910
2025-06-12 05:02:58,374 - krx_fetcher - INFO - Fetched 958 rows for STK on 20240910
2025-06-12 05:02:58,374 - krx_fetcher - INFO - Fetching KSQ data for 20240910
2025-06-12 05:03:02,307 - krx_fetcher - INFO - Fetched 1749 rows for KSQ on 20240910
2025-06-12 05:03:02,405 - krx_fetcher - INFO - Updated 958 rows in database
2025-06-12 05:03:02,571 - krx_fetcher - INFO - Updated 1749 rows in database
2025-06-12 05:03:07,153 - krx_fetcher - INFO - Fetching STK data for 20240911
2025-06-12 05:03:09,581 - krx_fetcher - INFO - Fetched 958 rows for STK on 20240911
2025-06-12 05:03:09,581 - krx_fetcher - INFO - Fetching KSQ data for 20240911
2025-06-12 05:03:13,685 - krx_fetcher - INFO - Fetched 1750 rows for KSQ on 20240911
2025-06-12 05:03:13,778 - krx_fetcher - INFO - Updated 958 rows in database
2025-06-12 05:03:13,910 - krx_fetcher - INFO - Updated 1750 rows in database
2025-06-12 05:03:17,831 - krx_fetcher - INFO - Fetching STK data for 20240912
2025-06-12 05:03:20,239 - krx_fetcher - INFO - Fetched 958 rows for STK on 20240912
2025-06-12 05:03:20,239 - krx_fetcher - INFO - Fetching KSQ data for 20240912
2025-06-12 05:03:24,247 - krx_fetcher - INFO - Fetched 1750 rows for KSQ on 20240912
2025-06-12 05:03:24,335 - krx_fetcher - INFO - Updated 958 rows in database
2025-06-12 05:03:24,460 - krx_fetcher - INFO - Updated 1750 rows in database
2025-06-12 05:03:26,931 - krx_fetcher - INFO - Fetching STK data for 20240913
2025-06-12 05:03:29,416 - krx_fetcher - INFO - Fetched 958 rows for STK on 20240913
2025-06-12 05:03:29,417 - krx_fetcher - INFO - Fetching KSQ data for 20240913
2025-06-12 05:03:33,343 - krx_fetcher - INFO - Fetched 1750 rows for KSQ on 20240913
2025-06-12 05:03:33,427 - krx_fetcher - INFO - Updated 958 rows in database
2025-06-12 05:03:33,594 - krx_fetcher - INFO - Updated 1750 rows in database
2025-06-12 05:03:36,199 - krx_fetcher - INFO - Fetching STK data for 20240916
2025-06-12 05:03:38,371 - krx_fetcher - INFO - Fetched 958 rows for STK on 20240916
2025-06-12 05:03:38,371 - krx_fetcher - INFO - Fetching KSQ data for 20240916
2025-06-12 05:03:42,422 - krx_fetcher - INFO - Fetched 1750 rows for KSQ on 20240916
2025-06-12 05:03:42,511 - krx_fetcher - INFO - Updated 958 rows in database
2025-06-12 05:03:42,642 - krx_fetcher - INFO - Updated 1750 rows in database
2025-06-12 05:03:45,304 - krx_fetcher - INFO - Fetching STK data for 20240917
2025-06-12 05:03:47,469 - krx_fetcher - INFO - Fetched 958 rows for STK on 20240917
2025-06-12 05:03:47,469 - krx_fetcher - INFO - Fetching KSQ data for 20240917
2025-06-12 05:03:51,502 - krx_fetcher - INFO - Fetched 1750 rows for KSQ on 20240917
2025-06-12 05:03:51,589 - krx_fetcher - INFO - Updated 958 rows in database
2025-06-12 05:03:51,711 - krx_fetcher - INFO - Updated 1750 rows in database
2025-06-12 05:03:54,434 - krx_fetcher - INFO - Fetching STK data for 20240918
2025-06-12 05:03:56,664 - krx_fetcher - INFO - Fetched 958 rows for STK on 20240918
2025-06-12 05:03:56,664 - krx_fetcher - INFO - Fetching KSQ data for 20240918
2025-06-12 05:04:00,791 - krx_fetcher - INFO - Fetched 1750 rows for KSQ on 20240918
2025-06-12 05:04:00,877 - krx_fetcher - INFO - Updated 958 rows in database
2025-06-12 05:04:01,002 - krx_fetcher - INFO - Updated 1750 rows in database
2025-06-12 05:04:04,016 - krx_fetcher - INFO - Fetching STK data for 20240919
2025-06-12 05:04:06,421 - krx_fetcher - INFO - Fetched 958 rows for STK on 20240919
2025-06-12 05:04:06,421 - krx_fetcher - INFO - Fetching KSQ data for 20240919
2025-06-12 05:04:10,518 - krx_fetcher - INFO - Fetched 1750 rows for KSQ on 20240919
2025-06-12 05:04:10,608 - krx_fetcher - INFO - Updated 958 rows in database
2025-06-12 05:04:10,777 - krx_fetcher - INFO - Updated 1750 rows in database
2025-06-12 05:04:14,562 - krx_fetcher - INFO - Fetching STK data for 20240920
2025-06-12 05:04:16,969 - krx_fetcher - INFO - Fetched 958 rows for STK on 20240920
2025-06-12 05:04:16,969 - krx_fetcher - INFO - Fetching KSQ data for 20240920
2025-06-12 05:04:20,958 - krx_fetcher - INFO - Fetched 1750 rows for KSQ on 20240920
2025-06-12 05:04:21,044 - krx_fetcher - INFO - Updated 958 rows in database
2025-06-12 05:04:21,169 - krx_fetcher - INFO - Updated 1750 rows in database
2025-06-12 05:04:23,349 - krx_fetcher - INFO - Fetching STK data for 20240923
2025-06-12 05:04:25,874 - krx_fetcher - INFO - Fetched 958 rows for STK on 20240923
2025-06-12 05:04:25,874 - krx_fetcher - INFO - Fetching KSQ data for 20240923
2025-06-12 05:04:29,873 - krx_fetcher - INFO - Fetched 1751 rows for KSQ on 20240923
2025-06-12 05:04:29,962 - krx_fetcher - INFO - Updated 958 rows in database
2025-06-12 05:04:30,142 - krx_fetcher - INFO - Updated 1751 rows in database
2025-06-12 05:04:32,296 - krx_fetcher - INFO - Fetching STK data for 20240924
2025-06-12 05:04:34,709 - krx_fetcher - INFO - Fetched 958 rows for STK on 20240924
2025-06-12 05:04:34,709 - krx_fetcher - INFO - Fetching KSQ data for 20240924
2025-06-12 05:04:38,676 - krx_fetcher - INFO - Fetched 1750 rows for KSQ on 20240924
2025-06-12 05:04:38,762 - krx_fetcher - INFO - Updated 958 rows in database
2025-06-12 05:04:38,891 - krx_fetcher - INFO - Updated 1750 rows in database
2025-06-12 05:04:43,795 - krx_fetcher - INFO - Fetching STK data for 20240925
2025-06-12 05:04:46,186 - krx_fetcher - INFO - Fetched 958 rows for STK on 20240925
2025-06-12 05:04:46,187 - krx_fetcher - INFO - Fetching KSQ data for 20240925
2025-06-12 05:04:50,143 - krx_fetcher - INFO - Fetched 1751 rows for KSQ on 20240925
2025-06-12 05:04:50,231 - krx_fetcher - INFO - Updated 958 rows in database
2025-06-12 05:04:50,356 - krx_fetcher - INFO - Updated 1751 rows in database
2025-06-12 05:04:54,723 - krx_fetcher - INFO - Fetching STK data for 20240926
2025-06-12 05:04:57,210 - krx_fetcher - INFO - Fetched 958 rows for STK on 20240926
2025-06-12 05:04:57,210 - krx_fetcher - INFO - Fetching KSQ data for 20240926
2025-06-12 05:05:01,205 - krx_fetcher - INFO - Fetched 1751 rows for KSQ on 20240926
2025-06-12 05:05:01,295 - krx_fetcher - INFO - Updated 958 rows in database
2025-06-12 05:05:01,419 - krx_fetcher - INFO - Updated 1751 rows in database
2025-06-12 05:05:04,849 - krx_fetcher - INFO - Fetching STK data for 20240927
2025-06-12 05:05:07,344 - krx_fetcher - INFO - Fetched 959 rows for STK on 20240927
2025-06-12 05:05:07,344 - krx_fetcher - INFO - Fetching KSQ data for 20240927
2025-06-12 05:05:11,341 - krx_fetcher - INFO - Fetched 1751 rows for KSQ on 20240927
2025-06-12 05:05:11,428 - krx_fetcher - INFO - Updated 959 rows in database
2025-06-12 05:05:11,605 - krx_fetcher - INFO - Updated 1751 rows in database
2025-06-12 05:05:16,214 - krx_fetcher - INFO - Fetching STK data for 20240930
2025-06-12 05:05:18,815 - krx_fetcher - INFO - Fetched 959 rows for STK on 20240930
2025-06-12 05:05:18,815 - krx_fetcher - INFO - Fetching KSQ data for 20240930
2025-06-12 05:05:22,709 - krx_fetcher - INFO - Fetched 1752 rows for KSQ on 20240930
2025-06-12 05:05:22,799 - krx_fetcher - INFO - Updated 959 rows in database
2025-06-12 05:05:22,923 - krx_fetcher - INFO - Updated 1752 rows in database
2025-06-12 05:05:26,853 - krx_fetcher - INFO - Fetching STK data for 20241001
2025-06-12 05:05:29,019 - krx_fetcher - INFO - Fetched 959 rows for STK on 20241001
2025-06-12 05:05:29,019 - krx_fetcher - INFO - Fetching KSQ data for 20241001
2025-06-12 05:05:33,135 - krx_fetcher - INFO - Fetched 1752 rows for KSQ on 20241001
2025-06-12 05:05:33,223 - krx_fetcher - INFO - Updated 959 rows in database
2025-06-12 05:05:33,396 - krx_fetcher - INFO - Updated 1752 rows in database
2025-06-12 05:05:35,799 - krx_fetcher - INFO - Fetching STK data for 20241002
2025-06-12 05:05:38,362 - krx_fetcher - INFO - Fetched 959 rows for STK on 20241002
2025-06-12 05:05:38,362 - krx_fetcher - INFO - Fetching KSQ data for 20241002
2025-06-12 05:05:42,269 - krx_fetcher - INFO - Fetched 1752 rows for KSQ on 20241002
2025-06-12 05:05:42,358 - krx_fetcher - INFO - Updated 959 rows in database
2025-06-12 05:05:42,493 - krx_fetcher - INFO - Updated 1752 rows in database
2025-06-12 05:05:44,996 - krx_fetcher - INFO - Fetching STK data for 20241003
2025-06-12 05:05:47,164 - krx_fetcher - INFO - Fetched 959 rows for STK on 20241003
2025-06-12 05:05:47,164 - krx_fetcher - INFO - Fetching KSQ data for 20241003
2025-06-12 05:05:51,184 - krx_fetcher - INFO - Fetched 1752 rows for KSQ on 20241003
2025-06-12 05:05:51,272 - krx_fetcher - INFO - Updated 959 rows in database
2025-06-12 05:05:51,398 - krx_fetcher - INFO - Updated 1752 rows in database
2025-06-12 05:05:53,803 - krx_fetcher - INFO - Fetching STK data for 20241004
2025-06-12 05:05:56,293 - krx_fetcher - INFO - Fetched 959 rows for STK on 20241004
2025-06-12 05:05:56,293 - krx_fetcher - INFO - Fetching KSQ data for 20241004
2025-06-12 05:06:00,292 - krx_fetcher - INFO - Fetched 1752 rows for KSQ on 20241004
2025-06-12 05:06:00,383 - krx_fetcher - INFO - Updated 959 rows in database
2025-06-12 05:06:00,509 - krx_fetcher - INFO - Updated 1752 rows in database
2025-06-12 05:06:03,024 - krx_fetcher - INFO - Fetching STK data for 20241007
2025-06-12 05:06:05,508 - krx_fetcher - INFO - Fetched 959 rows for STK on 20241007
2025-06-12 05:06:05,508 - krx_fetcher - INFO - Fetching KSQ data for 20241007
2025-06-12 05:06:09,372 - krx_fetcher - INFO - Fetched 1751 rows for KSQ on 20241007
2025-06-12 05:06:09,467 - krx_fetcher - INFO - Updated 959 rows in database
2025-06-12 05:06:09,639 - krx_fetcher - INFO - Updated 1751 rows in database
2025-06-12 05:06:12,284 - krx_fetcher - INFO - Fetching STK data for 20241008
2025-06-12 05:06:14,826 - krx_fetcher - INFO - Fetched 958 rows for STK on 20241008
2025-06-12 05:06:14,826 - krx_fetcher - INFO - Fetching KSQ data for 20241008
2025-06-12 05:06:18,720 - krx_fetcher - INFO - Fetched 1751 rows for KSQ on 20241008
2025-06-12 05:06:18,812 - krx_fetcher - INFO - Updated 958 rows in database
2025-06-12 05:06:18,945 - krx_fetcher - INFO - Updated 1751 rows in database
2025-06-12 05:06:21,896 - krx_fetcher - INFO - Fetching STK data for 20241009
2025-06-12 05:06:24,181 - krx_fetcher - INFO - Fetched 958 rows for STK on 20241009
2025-06-12 05:06:24,181 - krx_fetcher - INFO - Fetching KSQ data for 20241009
2025-06-12 05:06:28,246 - krx_fetcher - INFO - Fetched 1751 rows for KSQ on 20241009
2025-06-12 05:06:28,336 - krx_fetcher - INFO - Updated 958 rows in database
2025-06-12 05:06:28,463 - krx_fetcher - INFO - Updated 1751 rows in database
2025-06-12 05:06:31,933 - krx_fetcher - INFO - Fetching STK data for 20241010
2025-06-12 05:06:34,399 - krx_fetcher - INFO - Fetched 958 rows for STK on 20241010
2025-06-12 05:06:34,399 - krx_fetcher - INFO - Fetching KSQ data for 20241010
2025-06-12 05:06:38,475 - krx_fetcher - INFO - Fetched 1751 rows for KSQ on 20241010
2025-06-12 05:06:38,560 - krx_fetcher - INFO - Updated 958 rows in database
2025-06-12 05:06:38,732 - krx_fetcher - INFO - Updated 1751 rows in database
2025-06-12 05:06:43,470 - krx_fetcher - INFO - Fetching STK data for 20241011
2025-06-12 05:06:45,957 - krx_fetcher - INFO - Fetched 958 rows for STK on 20241011
2025-06-12 05:06:45,957 - krx_fetcher - INFO - Fetching KSQ data for 20241011
2025-06-12 05:06:49,850 - krx_fetcher - INFO - Fetched 1751 rows for KSQ on 20241011
2025-06-12 05:06:49,944 - krx_fetcher - INFO - Updated 958 rows in database
2025-06-12 05:06:50,072 - krx_fetcher - INFO - Updated 1751 rows in database
2025-06-12 05:06:54,151 - krx_fetcher - INFO - Fetching STK data for 20241014
2025-06-12 05:06:56,599 - krx_fetcher - INFO - Fetched 958 rows for STK on 20241014
2025-06-12 05:06:56,599 - krx_fetcher - INFO - Fetching KSQ data for 20241014
2025-06-12 05:07:00,500 - krx_fetcher - INFO - Fetched 1751 rows for KSQ on 20241014
2025-06-12 05:07:00,593 - krx_fetcher - INFO - Updated 958 rows in database
2025-06-12 05:07:00,719 - krx_fetcher - INFO - Updated 1751 rows in database
2025-06-12 05:07:03,444 - krx_fetcher - INFO - Fetching STK data for 20241015
2025-06-12 05:07:05,923 - krx_fetcher - INFO - Fetched 958 rows for STK on 20241015
2025-06-12 05:07:05,923 - krx_fetcher - INFO - Fetching KSQ data for 20241015
2025-06-12 05:07:09,863 - krx_fetcher - INFO - Fetched 1751 rows for KSQ on 20241015
2025-06-12 05:07:09,957 - krx_fetcher - INFO - Updated 958 rows in database
2025-06-12 05:07:10,129 - krx_fetcher - INFO - Updated 1751 rows in database
2025-06-12 05:07:13,266 - krx_fetcher - INFO - Fetching STK data for 20241016
2025-06-12 05:07:15,753 - krx_fetcher - INFO - Fetched 958 rows for STK on 20241016
2025-06-12 05:07:15,754 - krx_fetcher - INFO - Fetching KSQ data for 20241016
2025-06-12 05:07:19,687 - krx_fetcher - INFO - Fetched 1752 rows for KSQ on 20241016
2025-06-12 05:07:19,784 - krx_fetcher - INFO - Updated 958 rows in database
2025-06-12 05:07:19,914 - krx_fetcher - INFO - Updated 1752 rows in database
2025-06-12 05:07:23,831 - krx_fetcher - INFO - Fetching STK data for 20241017
2025-06-12 05:07:26,247 - krx_fetcher - INFO - Fetched 958 rows for STK on 20241017
2025-06-12 05:07:26,247 - krx_fetcher - INFO - Fetching KSQ data for 20241017
2025-06-12 05:07:30,198 - krx_fetcher - INFO - Fetched 1752 rows for KSQ on 20241017
2025-06-12 05:07:30,289 - krx_fetcher - INFO - Updated 958 rows in database
2025-06-12 05:07:30,416 - krx_fetcher - INFO - Updated 1752 rows in database
2025-06-12 05:07:32,840 - krx_fetcher - INFO - Fetching STK data for 20241018
2025-06-12 05:07:35,306 - krx_fetcher - INFO - Fetched 958 rows for STK on 20241018
2025-06-12 05:07:35,307 - krx_fetcher - INFO - Fetching KSQ data for 20241018
2025-06-12 05:07:39,209 - krx_fetcher - INFO - Fetched 1754 rows for KSQ on 20241018
2025-06-12 05:07:39,309 - krx_fetcher - INFO - Updated 958 rows in database
2025-06-12 05:07:39,468 - krx_fetcher - INFO - Updated 1754 rows in database
2025-06-12 05:07:41,944 - krx_fetcher - INFO - Fetching STK data for 20241021
2025-06-12 05:07:44,428 - krx_fetcher - INFO - Fetched 958 rows for STK on 20241021
2025-06-12 05:07:44,428 - krx_fetcher - INFO - Fetching KSQ data for 20241021
2025-06-12 05:07:48,322 - krx_fetcher - INFO - Fetched 1755 rows for KSQ on 20241021
2025-06-12 05:07:48,407 - krx_fetcher - INFO - Updated 958 rows in database
2025-06-12 05:07:48,540 - krx_fetcher - INFO - Updated 1755 rows in database
2025-06-12 05:07:51,086 - krx_fetcher - INFO - Fetching STK data for 20241022
2025-06-12 05:07:53,640 - krx_fetcher - INFO - Fetched 958 rows for STK on 20241022
2025-06-12 05:07:53,641 - krx_fetcher - INFO - Fetching KSQ data for 20241022
2025-06-12 05:07:57,536 - krx_fetcher - INFO - Fetched 1755 rows for KSQ on 20241022
2025-06-12 05:07:57,626 - krx_fetcher - INFO - Updated 958 rows in database
2025-06-12 05:07:57,753 - krx_fetcher - INFO - Updated 1755 rows in database
2025-06-12 05:08:00,514 - krx_fetcher - INFO - Fetching STK data for 20241023
2025-06-12 05:08:02,960 - krx_fetcher - INFO - Fetched 958 rows for STK on 20241023
2025-06-12 05:08:02,961 - krx_fetcher - INFO - Fetching KSQ data for 20241023
2025-06-12 05:08:06,986 - krx_fetcher - INFO - Fetched 1755 rows for KSQ on 20241023
2025-06-12 05:08:07,082 - krx_fetcher - INFO - Updated 958 rows in database
2025-06-12 05:08:07,254 - krx_fetcher - INFO - Updated 1755 rows in database
2025-06-12 05:08:10,515 - krx_fetcher - INFO - Fetching STK data for 20241024
2025-06-12 05:08:12,995 - krx_fetcher - INFO - Fetched 958 rows for STK on 20241024
2025-06-12 05:08:12,995 - krx_fetcher - INFO - Fetching KSQ data for 20241024
2025-06-12 05:08:16,941 - krx_fetcher - INFO - Fetched 1756 rows for KSQ on 20241024
2025-06-12 05:08:17,036 - krx_fetcher - INFO - Updated 958 rows in database
2025-06-12 05:08:17,165 - krx_fetcher - INFO - Updated 1756 rows in database
2025-06-12 05:08:21,341 - krx_fetcher - INFO - Fetching STK data for 20241025
2025-06-12 05:08:23,850 - krx_fetcher - INFO - Fetched 958 rows for STK on 20241025
2025-06-12 05:08:23,851 - krx_fetcher - INFO - Fetching KSQ data for 20241025
2025-06-12 05:08:27,741 - krx_fetcher - INFO - Fetched 1758 rows for KSQ on 20241025
2025-06-12 05:08:27,832 - krx_fetcher - INFO - Updated 958 rows in database
2025-06-12 05:08:27,960 - krx_fetcher - INFO - Updated 1758 rows in database
2025-06-12 05:08:30,927 - krx_fetcher - INFO - Fetching STK data for 20241028
2025-06-12 05:08:33,462 - krx_fetcher - INFO - Fetched 958 rows for STK on 20241028
2025-06-12 05:08:33,462 - krx_fetcher - INFO - Fetching KSQ data for 20241028
2025-06-12 05:08:37,387 - krx_fetcher - INFO - Fetched 1759 rows for KSQ on 20241028
2025-06-12 05:08:37,479 - krx_fetcher - INFO - Updated 958 rows in database
2025-06-12 05:08:37,656 - krx_fetcher - INFO - Updated 1759 rows in database
2025-06-12 05:08:41,319 - krx_fetcher - INFO - Fetching STK data for 20241029
2025-06-12 05:08:43,816 - krx_fetcher - INFO - Fetched 958 rows for STK on 20241029
2025-06-12 05:08:43,816 - krx_fetcher - INFO - Fetching KSQ data for 20241029
2025-06-12 05:08:47,715 - krx_fetcher - INFO - Fetched 1759 rows for KSQ on 20241029
2025-06-12 05:08:47,807 - krx_fetcher - INFO - Updated 958 rows in database
2025-06-12 05:08:47,940 - krx_fetcher - INFO - Updated 1759 rows in database
2025-06-12 05:08:52,886 - krx_fetcher - INFO - Fetching STK data for 20241030
2025-06-12 05:08:55,386 - krx_fetcher - INFO - Fetched 958 rows for STK on 20241030
2025-06-12 05:08:55,386 - krx_fetcher - INFO - Fetching KSQ data for 20241030
2025-06-12 05:08:59,236 - krx_fetcher - INFO - Fetched 1759 rows for KSQ on 20241030
2025-06-12 05:08:59,338 - krx_fetcher - INFO - Updated 958 rows in database
2025-06-12 05:08:59,468 - krx_fetcher - INFO - Updated 1759 rows in database
2025-06-12 05:09:03,943 - krx_fetcher - INFO - Fetching STK data for 20241031
2025-06-12 05:09:06,444 - krx_fetcher - INFO - Fetched 958 rows for STK on 20241031
2025-06-12 05:09:06,444 - krx_fetcher - INFO - Fetching KSQ data for 20241031
2025-06-12 05:09:10,342 - krx_fetcher - INFO - Fetched 1761 rows for KSQ on 20241031
2025-06-12 05:09:10,436 - krx_fetcher - INFO - Updated 958 rows in database
2025-06-12 05:09:10,624 - krx_fetcher - INFO - Updated 1761 rows in database
2025-06-12 05:09:14,249 - krx_fetcher - INFO - Fetching STK data for 20241101
2025-06-12 05:09:16,790 - krx_fetcher - INFO - Fetched 958 rows for STK on 20241101
2025-06-12 05:09:16,790 - krx_fetcher - INFO - Fetching KSQ data for 20241101
2025-06-12 05:09:20,785 - krx_fetcher - INFO - Fetched 1763 rows for KSQ on 20241101
2025-06-12 05:09:20,876 - krx_fetcher - INFO - Updated 958 rows in database
2025-06-12 05:09:21,017 - krx_fetcher - INFO - Updated 1763 rows in database
2025-06-12 05:09:23,040 - krx_fetcher - INFO - Fetching STK data for 20241104
2025-06-12 05:09:25,589 - krx_fetcher - INFO - Fetched 958 rows for STK on 20241104
2025-06-12 05:09:25,589 - krx_fetcher - INFO - Fetching KSQ data for 20241104
2025-06-12 05:09:29,426 - krx_fetcher - INFO - Fetched 1763 rows for KSQ on 20241104
2025-06-12 05:09:29,568 - krx_fetcher - INFO - Updated 958 rows in database
2025-06-12 05:09:29,784 - krx_fetcher - INFO - Updated 1763 rows in database
2025-06-12 05:09:34,584 - krx_fetcher - INFO - Fetching STK data for 20241105
2025-06-12 05:09:37,083 - krx_fetcher - INFO - Fetched 958 rows for STK on 20241105
2025-06-12 05:09:37,083 - krx_fetcher - INFO - Fetching KSQ data for 20241105
2025-06-12 05:09:41,087 - krx_fetcher - INFO - Fetched 1764 rows for KSQ on 20241105
2025-06-12 05:09:41,193 - krx_fetcher - INFO - Updated 958 rows in database
2025-06-12 05:09:41,417 - krx_fetcher - INFO - Updated 1764 rows in database
2025-06-12 05:09:45,844 - krx_fetcher - INFO - Fetching STK data for 20241106
2025-06-12 05:09:48,363 - krx_fetcher - INFO - Fetched 959 rows for STK on 20241106
2025-06-12 05:09:48,363 - krx_fetcher - INFO - Fetching KSQ data for 20241106
2025-06-12 05:09:52,257 - krx_fetcher - INFO - Fetched 1763 rows for KSQ on 20241106
2025-06-12 05:09:52,362 - krx_fetcher - INFO - Updated 959 rows in database
2025-06-12 05:09:52,519 - krx_fetcher - INFO - Updated 1763 rows in database
2025-06-12 05:09:56,047 - krx_fetcher - INFO - Fetching STK data for 20241107
2025-06-12 05:09:58,461 - krx_fetcher - INFO - Fetched 959 rows for STK on 20241107
2025-06-12 05:09:58,461 - krx_fetcher - INFO - Fetching KSQ data for 20241107
2025-06-12 05:10:02,500 - krx_fetcher - INFO - Fetched 1763 rows for KSQ on 20241107
2025-06-12 05:10:02,620 - krx_fetcher - INFO - Updated 959 rows in database
2025-06-12 05:10:02,813 - krx_fetcher - INFO - Updated 1763 rows in database
2025-06-12 05:10:07,633 - krx_fetcher - INFO - Fetching STK data for 20241108
2025-06-12 05:10:10,077 - krx_fetcher - INFO - Fetched 959 rows for STK on 20241108
2025-06-12 05:10:10,077 - krx_fetcher - INFO - Fetching KSQ data for 20241108
2025-06-12 05:10:14,077 - krx_fetcher - INFO - Fetched 1764 rows for KSQ on 20241108
2025-06-12 05:10:14,184 - krx_fetcher - INFO - Updated 959 rows in database
2025-06-12 05:10:14,367 - krx_fetcher - INFO - Updated 1764 rows in database
2025-06-12 05:10:18,740 - krx_fetcher - INFO - Fetching STK data for 20241111
2025-06-12 05:10:21,244 - krx_fetcher - INFO - Fetched 959 rows for STK on 20241111
2025-06-12 05:10:21,244 - krx_fetcher - INFO - Fetching KSQ data for 20241111
2025-06-12 05:10:25,107 - krx_fetcher - INFO - Fetched 1764 rows for KSQ on 20241111
2025-06-12 05:10:25,208 - krx_fetcher - INFO - Updated 959 rows in database
2025-06-12 05:10:25,357 - krx_fetcher - INFO - Updated 1764 rows in database
2025-06-12 05:10:28,722 - krx_fetcher - INFO - Fetching STK data for 20241112
2025-06-12 05:10:31,278 - krx_fetcher - INFO - Fetched 959 rows for STK on 20241112
2025-06-12 05:10:31,278 - krx_fetcher - INFO - Fetching KSQ data for 20241112
2025-06-12 05:10:35,171 - krx_fetcher - INFO - Fetched 1765 rows for KSQ on 20241112
2025-06-12 05:10:35,271 - krx_fetcher - INFO - Updated 959 rows in database
2025-06-12 05:10:35,420 - krx_fetcher - INFO - Updated 1765 rows in database
2025-06-12 05:10:39,847 - krx_fetcher - INFO - Fetching STK data for 20241113
2025-06-12 05:10:42,337 - krx_fetcher - INFO - Fetched 959 rows for STK on 20241113
2025-06-12 05:10:42,337 - krx_fetcher - INFO - Fetching KSQ data for 20241113
2025-06-12 05:10:46,337 - krx_fetcher - INFO - Fetched 1766 rows for KSQ on 20241113
2025-06-12 05:10:46,438 - krx_fetcher - INFO - Updated 959 rows in database
2025-06-12 05:10:46,624 - krx_fetcher - INFO - Updated 1766 rows in database
2025-06-12 05:10:50,254 - krx_fetcher - INFO - Fetching STK data for 20241114
2025-06-12 05:10:52,678 - krx_fetcher - INFO - Fetched 959 rows for STK on 20241114
2025-06-12 05:10:52,678 - krx_fetcher - INFO - Fetching KSQ data for 20241114
2025-06-12 05:10:56,777 - krx_fetcher - INFO - Fetched 1766 rows for KSQ on 20241114
2025-06-12 05:10:56,870 - krx_fetcher - INFO - Updated 959 rows in database
2025-06-12 05:10:57,018 - krx_fetcher - INFO - Updated 1766 rows in database
2025-06-12 05:10:59,046 - krx_fetcher - INFO - Fetching STK data for 20241115
2025-06-12 05:11:01,589 - krx_fetcher - INFO - Fetched 959 rows for STK on 20241115
2025-06-12 05:11:01,589 - krx_fetcher - INFO - Fetching KSQ data for 20241115
2025-06-12 05:11:05,380 - krx_fetcher - INFO - Fetched 1767 rows for KSQ on 20241115
2025-06-12 05:11:05,478 - krx_fetcher - INFO - Updated 959 rows in database
2025-06-12 05:11:05,620 - krx_fetcher - INFO - Updated 1767 rows in database
2025-06-12 05:11:10,246 - krx_fetcher - INFO - Fetching STK data for 20241118
2025-06-12 05:11:12,616 - krx_fetcher - INFO - Fetched 959 rows for STK on 20241118
2025-06-12 05:11:12,616 - krx_fetcher - INFO - Fetching KSQ data for 20241118
2025-06-12 05:11:16,746 - krx_fetcher - INFO - Fetched 1769 rows for KSQ on 20241118
2025-06-12 05:11:16,846 - krx_fetcher - INFO - Updated 959 rows in database
2025-06-12 05:11:17,026 - krx_fetcher - INFO - Updated 1769 rows in database
2025-06-12 05:11:21,055 - krx_fetcher - INFO - Fetching STK data for 20241119
2025-06-12 05:11:23,591 - krx_fetcher - INFO - Fetched 959 rows for STK on 20241119
2025-06-12 05:11:23,591 - krx_fetcher - INFO - Fetching KSQ data for 20241119
2025-06-12 05:11:27,500 - krx_fetcher - INFO - Fetched 1771 rows for KSQ on 20241119
2025-06-12 05:11:27,656 - krx_fetcher - INFO - Updated 959 rows in database
2025-06-12 05:11:27,884 - krx_fetcher - INFO - Updated 1771 rows in database
2025-06-12 05:11:30,773 - krx_fetcher - INFO - Fetching STK data for 20241120
2025-06-12 05:11:33,225 - krx_fetcher - INFO - Fetched 959 rows for STK on 20241120
2025-06-12 05:11:33,226 - krx_fetcher - INFO - Fetching KSQ data for 20241120
2025-06-12 05:11:37,227 - krx_fetcher - INFO - Fetched 1773 rows for KSQ on 20241120
2025-06-12 05:11:37,380 - krx_fetcher - INFO - Updated 959 rows in database
2025-06-12 05:11:37,630 - krx_fetcher - INFO - Updated 1773 rows in database
2025-06-12 05:11:41,267 - krx_fetcher - INFO - Fetching STK data for 20241121
2025-06-12 05:11:43,691 - krx_fetcher - INFO - Fetched 959 rows for STK on 20241121
2025-06-12 05:11:43,692 - krx_fetcher - INFO - Fetching KSQ data for 20241121
2025-06-12 05:11:47,776 - krx_fetcher - INFO - Fetched 1774 rows for KSQ on 20241121
2025-06-12 05:11:47,922 - krx_fetcher - INFO - Updated 959 rows in database
2025-06-12 05:11:48,199 - krx_fetcher - INFO - Updated 1774 rows in database
2025-06-12 05:11:50,405 - krx_fetcher - INFO - Fetching STK data for 20241122
2025-06-12 05:11:52,890 - krx_fetcher - INFO - Fetched 959 rows for STK on 20241122
2025-06-12 05:11:52,891 - krx_fetcher - INFO - Fetching KSQ data for 20241122
2025-06-12 05:11:56,785 - krx_fetcher - INFO - Fetched 1773 rows for KSQ on 20241122
2025-06-12 05:11:56,888 - krx_fetcher - INFO - Updated 959 rows in database
2025-06-12 05:11:57,052 - krx_fetcher - INFO - Updated 1773 rows in database
2025-06-12 05:11:59,110 - krx_fetcher - INFO - Fetching STK data for 20241125
2025-06-12 05:12:01,595 - krx_fetcher - INFO - Fetched 959 rows for STK on 20241125
2025-06-12 05:12:01,595 - krx_fetcher - INFO - Fetching KSQ data for 20241125
2025-06-12 05:12:05,589 - krx_fetcher - INFO - Fetched 1773 rows for KSQ on 20241125
2025-06-12 05:12:05,692 - krx_fetcher - INFO - Updated 959 rows in database
2025-06-12 05:12:05,839 - krx_fetcher - INFO - Updated 1773 rows in database
2025-06-12 05:12:10,685 - krx_fetcher - INFO - Fetching STK data for 20241126
2025-06-12 05:12:13,269 - krx_fetcher - INFO - Fetched 959 rows for STK on 20241126
2025-06-12 05:12:13,269 - krx_fetcher - INFO - Fetching KSQ data for 20241126
2025-06-12 05:12:17,160 - krx_fetcher - INFO - Fetched 1773 rows for KSQ on 20241126
2025-06-12 05:12:17,268 - krx_fetcher - INFO - Updated 959 rows in database
2025-06-12 05:12:17,413 - krx_fetcher - INFO - Updated 1773 rows in database
2025-06-12 05:12:21,833 - krx_fetcher - INFO - Fetching STK data for 20241127
2025-06-12 05:12:24,267 - krx_fetcher - INFO - Fetched 959 rows for STK on 20241127
2025-06-12 05:12:24,267 - krx_fetcher - INFO - Fetching KSQ data for 20241127
2025-06-12 05:12:28,220 - krx_fetcher - INFO - Fetched 1773 rows for KSQ on 20241127
2025-06-12 05:12:28,351 - krx_fetcher - INFO - Updated 959 rows in database
2025-06-12 05:12:28,495 - krx_fetcher - INFO - Updated 1773 rows in database
2025-06-12 05:12:31,997 - krx_fetcher - INFO - Fetching STK data for 20241128
2025-06-12 05:12:34,459 - krx_fetcher - INFO - Fetched 959 rows for STK on 20241128
2025-06-12 05:12:34,459 - krx_fetcher - INFO - Fetching KSQ data for 20241128
2025-06-12 05:12:38,385 - krx_fetcher - INFO - Fetched 1774 rows for KSQ on 20241128
2025-06-12 05:12:38,498 - krx_fetcher - INFO - Updated 959 rows in database
2025-06-12 05:12:38,674 - krx_fetcher - INFO - Updated 1774 rows in database
2025-06-12 05:12:43,355 - krx_fetcher - INFO - Fetching STK data for 20241129
2025-06-12 05:12:45,933 - krx_fetcher - INFO - Fetched 960 rows for STK on 20241129
2025-06-12 05:12:45,933 - krx_fetcher - INFO - Fetching KSQ data for 20241129
2025-06-12 05:12:49,826 - krx_fetcher - INFO - Fetched 1774 rows for KSQ on 20241129
2025-06-12 05:12:49,966 - krx_fetcher - INFO - Updated 960 rows in database
2025-06-12 05:12:50,204 - krx_fetcher - INFO - Updated 1774 rows in database
2025-06-12 05:12:54,410 - krx_fetcher - INFO - Fetching STK data for 20241202
2025-06-12 05:12:56,791 - krx_fetcher - INFO - Fetched 960 rows for STK on 20241202
2025-06-12 05:12:56,792 - krx_fetcher - INFO - Fetching KSQ data for 20241202
2025-06-12 05:13:00,887 - krx_fetcher - INFO - Fetched 1774 rows for KSQ on 20241202
2025-06-12 05:13:00,993 - krx_fetcher - INFO - Updated 960 rows in database
2025-06-12 05:13:01,172 - krx_fetcher - INFO - Updated 1774 rows in database
2025-06-12 05:13:04,351 - krx_fetcher - INFO - Fetching STK data for 20241203
2025-06-12 05:13:06,822 - krx_fetcher - INFO - Fetched 960 rows for STK on 20241203
2025-06-12 05:13:06,822 - krx_fetcher - INFO - Fetching KSQ data for 20241203
2025-06-12 05:13:10,737 - krx_fetcher - INFO - Fetched 1774 rows for KSQ on 20241203
2025-06-12 05:13:10,917 - krx_fetcher - INFO - Updated 960 rows in database
2025-06-12 05:13:11,215 - krx_fetcher - INFO - Updated 1774 rows in database
2025-06-12 05:13:15,436 - krx_fetcher - INFO - Fetching STK data for 20241204
2025-06-12 05:13:17,984 - krx_fetcher - INFO - Fetched 960 rows for STK on 20241204
2025-06-12 05:13:17,984 - krx_fetcher - INFO - Fetching KSQ data for 20241204
2025-06-12 05:13:21,879 - krx_fetcher - INFO - Fetched 1773 rows for KSQ on 20241204
2025-06-12 05:13:21,982 - krx_fetcher - INFO - Updated 960 rows in database
2025-06-12 05:13:22,144 - krx_fetcher - INFO - Updated 1773 rows in database
2025-06-12 05:13:25,294 - krx_fetcher - INFO - Fetching STK data for 20241205
2025-06-12 05:13:27,806 - krx_fetcher - INFO - Fetched 960 rows for STK on 20241205
2025-06-12 05:13:27,806 - krx_fetcher - INFO - Fetching KSQ data for 20241205
2025-06-12 05:13:31,657 - krx_fetcher - INFO - Fetched 1773 rows for KSQ on 20241205
2025-06-12 05:13:31,834 - krx_fetcher - INFO - Updated 960 rows in database
2025-06-12 05:13:32,088 - krx_fetcher - INFO - Updated 1773 rows in database
2025-06-12 05:13:36,182 - krx_fetcher - INFO - Fetching STK data for 20241206
2025-06-12 05:13:38,766 - krx_fetcher - INFO - Fetched 960 rows for STK on 20241206
2025-06-12 05:13:38,766 - krx_fetcher - INFO - Fetching KSQ data for 20241206
2025-06-12 05:13:42,660 - krx_fetcher - INFO - Fetched 1773 rows for KSQ on 20241206
2025-06-12 05:13:42,760 - krx_fetcher - INFO - Updated 960 rows in database
2025-06-12 05:13:42,955 - krx_fetcher - INFO - Updated 1773 rows in database
2025-06-12 05:13:45,916 - krx_fetcher - INFO - Fetching STK data for 20241209
2025-06-12 05:13:48,501 - krx_fetcher - INFO - Fetched 959 rows for STK on 20241209
2025-06-12 05:13:48,501 - krx_fetcher - INFO - Fetching KSQ data for 20241209
2025-06-12 05:13:52,395 - krx_fetcher - INFO - Fetched 1776 rows for KSQ on 20241209
2025-06-12 05:13:52,498 - krx_fetcher - INFO - Updated 959 rows in database
2025-06-12 05:13:52,643 - krx_fetcher - INFO - Updated 1776 rows in database
2025-06-12 05:13:56,293 - krx_fetcher - INFO - Fetching STK data for 20241210
2025-06-12 05:13:58,727 - krx_fetcher - INFO - Fetched 959 rows for STK on 20241210
2025-06-12 05:13:58,728 - krx_fetcher - INFO - Fetching KSQ data for 20241210
2025-06-12 05:14:02,735 - krx_fetcher - INFO - Fetched 1776 rows for KSQ on 20241210
2025-06-12 05:14:02,842 - krx_fetcher - INFO - Updated 959 rows in database
2025-06-12 05:14:03,074 - krx_fetcher - INFO - Updated 1776 rows in database
2025-06-12 05:14:05,154 - krx_fetcher - INFO - Fetching STK data for 20241211
2025-06-12 05:14:07,645 - krx_fetcher - INFO - Fetched 959 rows for STK on 20241211
2025-06-12 05:14:07,645 - krx_fetcher - INFO - Fetching KSQ data for 20241211
2025-06-12 05:14:11,540 - krx_fetcher - INFO - Fetched 1777 rows for KSQ on 20241211
2025-06-12 05:14:11,650 - krx_fetcher - INFO - Updated 959 rows in database
2025-06-12 05:14:11,806 - krx_fetcher - INFO - Updated 1777 rows in database
2025-06-12 05:14:16,618 - krx_fetcher - INFO - Fetching STK data for 20241212
2025-06-12 05:14:19,055 - krx_fetcher - INFO - Fetched 959 rows for STK on 20241212
2025-06-12 05:14:19,056 - krx_fetcher - INFO - Fetching KSQ data for 20241212
2025-06-12 05:14:23,009 - krx_fetcher - INFO - Fetched 1778 rows for KSQ on 20241212
2025-06-12 05:14:23,107 - krx_fetcher - INFO - Updated 959 rows in database
2025-06-12 05:14:23,300 - krx_fetcher - INFO - Updated 1778 rows in database
2025-06-12 05:14:27,607 - krx_fetcher - INFO - Fetching STK data for 20241213
2025-06-12 05:14:30,073 - krx_fetcher - INFO - Fetched 959 rows for STK on 20241213
2025-06-12 05:14:30,073 - krx_fetcher - INFO - Fetching KSQ data for 20241213
2025-06-12 05:14:33,967 - krx_fetcher - INFO - Fetched 1778 rows for KSQ on 20241213
2025-06-12 05:14:34,065 - krx_fetcher - INFO - Updated 959 rows in database
2025-06-12 05:14:34,210 - krx_fetcher - INFO - Updated 1778 rows in database
2025-06-12 05:14:37,427 - krx_fetcher - INFO - Fetching STK data for 20241216
2025-06-12 05:14:39,906 - krx_fetcher - INFO - Fetched 960 rows for STK on 20241216
2025-06-12 05:14:39,906 - krx_fetcher - INFO - Fetching KSQ data for 20241216
2025-06-12 05:14:43,875 - krx_fetcher - INFO - Fetched 1779 rows for KSQ on 20241216
2025-06-12 05:14:43,980 - krx_fetcher - INFO - Updated 960 rows in database
2025-06-12 05:14:44,121 - krx_fetcher - INFO - Updated 1779 rows in database
2025-06-12 05:14:48,248 - krx_fetcher - INFO - Fetching STK data for 20241217
2025-06-12 05:14:50,650 - krx_fetcher - INFO - Fetched 960 rows for STK on 20241217
2025-06-12 05:14:50,650 - krx_fetcher - INFO - Fetching KSQ data for 20241217
2025-06-12 05:14:54,678 - krx_fetcher - INFO - Fetched 1779 rows for KSQ on 20241217
2025-06-12 05:14:54,774 - krx_fetcher - INFO - Updated 960 rows in database
2025-06-12 05:14:54,958 - krx_fetcher - INFO - Updated 1779 rows in database
2025-06-12 05:14:57,923 - krx_fetcher - INFO - Fetching STK data for 20241218
2025-06-12 05:15:00,486 - krx_fetcher - INFO - Fetched 960 rows for STK on 20241218
2025-06-12 05:15:00,486 - krx_fetcher - INFO - Fetching KSQ data for 20241218
2025-06-12 05:15:04,380 - krx_fetcher - INFO - Fetched 1780 rows for KSQ on 20241218
2025-06-12 05:15:04,476 - krx_fetcher - INFO - Updated 960 rows in database
2025-06-12 05:15:04,621 - krx_fetcher - INFO - Updated 1780 rows in database
2025-06-12 05:15:08,249 - krx_fetcher - INFO - Fetching STK data for 20241219
2025-06-12 05:15:10,726 - krx_fetcher - INFO - Fetched 960 rows for STK on 20241219
2025-06-12 05:15:10,726 - krx_fetcher - INFO - Fetching KSQ data for 20241219
2025-06-12 05:15:14,604 - krx_fetcher - INFO - Fetched 1781 rows for KSQ on 20241219
2025-06-12 05:15:14,690 - krx_fetcher - INFO - Updated 960 rows in database
2025-06-12 05:15:14,831 - krx_fetcher - INFO - Updated 1781 rows in database
2025-06-12 05:15:19,668 - krx_fetcher - INFO - Fetching STK data for 20241220
2025-06-12 05:15:22,097 - krx_fetcher - INFO - Fetched 960 rows for STK on 20241220
2025-06-12 05:15:22,097 - krx_fetcher - INFO - Fetching KSQ data for 20241220
2025-06-12 05:15:26,093 - krx_fetcher - INFO - Fetched 1782 rows for KSQ on 20241220
2025-06-12 05:15:26,190 - krx_fetcher - INFO - Updated 960 rows in database
2025-06-12 05:15:26,359 - krx_fetcher - INFO - Updated 1782 rows in database
2025-06-12 05:15:30,723 - krx_fetcher - INFO - Fetching STK data for 20241223
2025-06-12 05:15:33,149 - krx_fetcher - INFO - Fetched 961 rows for STK on 20241223
2025-06-12 05:15:33,149 - krx_fetcher - INFO - Fetching KSQ data for 20241223
2025-06-12 05:15:37,147 - krx_fetcher - INFO - Fetched 1782 rows for KSQ on 20241223
2025-06-12 05:15:37,254 - krx_fetcher - INFO - Updated 961 rows in database
2025-06-12 05:15:37,402 - krx_fetcher - INFO - Updated 1782 rows in database
2025-06-12 05:15:40,810 - krx_fetcher - INFO - Fetching STK data for 20241224
2025-06-12 05:15:43,289 - krx_fetcher - INFO - Fetched 961 rows for STK on 20241224
2025-06-12 05:15:43,289 - krx_fetcher - INFO - Fetching KSQ data for 20241224
2025-06-12 05:15:47,187 - krx_fetcher - INFO - Fetched 1783 rows for KSQ on 20241224
2025-06-12 05:15:47,282 - krx_fetcher - INFO - Updated 961 rows in database
2025-06-12 05:15:47,422 - krx_fetcher - INFO - Updated 1783 rows in database
2025-06-12 05:15:51,851 - krx_fetcher - INFO - Fetching STK data for 20241225
2025-06-12 05:15:54,027 - krx_fetcher - INFO - Fetched 961 rows for STK on 20241225
2025-06-12 05:15:54,027 - krx_fetcher - INFO - Fetching KSQ data for 20241225
2025-06-12 05:15:58,135 - krx_fetcher - INFO - Fetched 1783 rows for KSQ on 20241225
2025-06-12 05:15:58,228 - krx_fetcher - INFO - Updated 961 rows in database
2025-06-12 05:15:58,407 - krx_fetcher - INFO - Updated 1783 rows in database
2025-06-12 05:16:01,821 - krx_fetcher - INFO - Fetching STK data for 20241226
2025-06-12 05:16:04,280 - krx_fetcher - INFO - Fetched 961 rows for STK on 20241226
2025-06-12 05:16:04,280 - krx_fetcher - INFO - Fetching KSQ data for 20241226
2025-06-12 05:16:08,276 - krx_fetcher - INFO - Fetched 1784 rows for KSQ on 20241226
2025-06-12 05:16:08,376 - krx_fetcher - INFO - Updated 961 rows in database
2025-06-12 05:16:08,517 - krx_fetcher - INFO - Updated 1784 rows in database
2025-06-12 05:16:13,064 - krx_fetcher - INFO - Fetching STK data for 20241227
2025-06-12 05:16:15,425 - krx_fetcher - INFO - Fetched 961 rows for STK on 20241227
2025-06-12 05:16:15,426 - krx_fetcher - INFO - Fetching KSQ data for 20241227
2025-06-12 05:16:19,539 - krx_fetcher - INFO - Fetched 1784 rows for KSQ on 20241227
2025-06-12 05:16:19,629 - krx_fetcher - INFO - Updated 961 rows in database
2025-06-12 05:16:19,761 - krx_fetcher - INFO - Updated 1784 rows in database
2025-06-12 05:16:23,528 - krx_fetcher - INFO - Fetching STK data for 20241230
2025-06-12 05:16:25,991 - krx_fetcher - INFO - Fetched 961 rows for STK on 20241230
2025-06-12 05:16:25,991 - krx_fetcher - INFO - Fetching KSQ data for 20241230
2025-06-12 05:16:30,088 - krx_fetcher - INFO - Fetched 1784 rows for KSQ on 20241230
2025-06-12 05:16:30,180 - krx_fetcher - INFO - Updated 961 rows in database
2025-06-12 05:16:30,358 - krx_fetcher - INFO - Updated 1784 rows in database
2025-06-12 05:16:32,723 - krx_fetcher - INFO - Fetching STK data for 20241231
2025-06-12 05:16:35,001 - krx_fetcher - INFO - Fetched 961 rows for STK on 20241231
2025-06-12 05:16:35,002 - krx_fetcher - INFO - Fetching KSQ data for 20241231
2025-06-12 05:16:39,000 - krx_fetcher - INFO - Fetched 1784 rows for KSQ on 20241231
2025-06-12 05:16:39,091 - krx_fetcher - INFO - Updated 961 rows in database
2025-06-12 05:16:39,233 - krx_fetcher - INFO - Updated 1784 rows in database
2025-06-12 05:16:41,474 - krx_fetcher - INFO - Fetching STK data for 20250101
2025-06-12 05:16:43,670 - krx_fetcher - INFO - Fetched 961 rows for STK on 20250101
2025-06-12 05:16:43,671 - krx_fetcher - INFO - Fetching KSQ data for 20250101
2025-06-12 05:16:47,808 - krx_fetcher - INFO - Fetched 1784 rows for KSQ on 20250101
2025-06-12 05:16:47,950 - krx_fetcher - INFO - Updated 961 rows in database
2025-06-12 05:16:48,116 - krx_fetcher - INFO - Updated 1784 rows in database
2025-06-12 05:16:50,239 - krx_fetcher - INFO - Fetching STK data for 20250102
2025-06-12 05:16:52,715 - krx_fetcher - INFO - Fetched 961 rows for STK on 20250102
2025-06-12 05:16:52,715 - krx_fetcher - INFO - Fetching KSQ data for 20250102
2025-06-12 05:16:56,713 - krx_fetcher - INFO - Fetched 1784 rows for KSQ on 20250102
2025-06-12 05:16:56,829 - krx_fetcher - INFO - Updated 961 rows in database
2025-06-12 05:16:57,149 - krx_fetcher - INFO - Updated 1784 rows in database
2025-06-12 05:16:59,305 - krx_fetcher - INFO - Fetching STK data for 20250103
2025-06-12 05:17:01,730 - krx_fetcher - INFO - Fetched 961 rows for STK on 20250103
2025-06-12 05:17:01,730 - krx_fetcher - INFO - Fetching KSQ data for 20250103
2025-06-12 05:17:05,724 - krx_fetcher - INFO - Fetched 1784 rows for KSQ on 20250103
2025-06-12 05:17:05,828 - krx_fetcher - INFO - Updated 961 rows in database
2025-06-12 05:17:06,058 - krx_fetcher - INFO - Updated 1784 rows in database
2025-06-12 05:17:08,122 - krx_fetcher - INFO - Fetching STK data for 20250106
2025-06-12 05:17:10,451 - krx_fetcher - INFO - Fetched 961 rows for STK on 20250106
2025-06-12 05:17:10,451 - krx_fetcher - INFO - Fetching KSQ data for 20250106
2025-06-12 05:17:14,533 - krx_fetcher - INFO - Fetched 1784 rows for KSQ on 20250106
2025-06-12 05:17:14,676 - krx_fetcher - INFO - Updated 961 rows in database
2025-06-12 05:17:14,858 - krx_fetcher - INFO - Updated 1784 rows in database
2025-06-12 05:17:19,723 - krx_fetcher - INFO - Fetching STK data for 20250107
2025-06-12 05:17:22,205 - krx_fetcher - INFO - Fetched 961 rows for STK on 20250107
2025-06-12 05:17:22,206 - krx_fetcher - INFO - Fetching KSQ data for 20250107
2025-06-12 05:17:26,204 - krx_fetcher - INFO - Fetched 1784 rows for KSQ on 20250107
2025-06-12 05:17:26,305 - krx_fetcher - INFO - Updated 961 rows in database
2025-06-12 05:17:26,470 - krx_fetcher - INFO - Updated 1784 rows in database
2025-06-12 05:17:30,948 - krx_fetcher - INFO - Fetching STK data for 20250108
2025-06-12 05:17:33,372 - krx_fetcher - INFO - Fetched 961 rows for STK on 20250108
2025-06-12 05:17:33,372 - krx_fetcher - INFO - Fetching KSQ data for 20250108
2025-06-12 05:17:37,364 - krx_fetcher - INFO - Fetched 1783 rows for KSQ on 20250108
2025-06-12 05:17:37,462 - krx_fetcher - INFO - Updated 961 rows in database
2025-06-12 05:17:37,615 - krx_fetcher - INFO - Updated 1783 rows in database
2025-06-12 05:17:41,236 - krx_fetcher - INFO - Fetching STK data for 20250109
2025-06-12 05:17:43,634 - krx_fetcher - INFO - Fetched 961 rows for STK on 20250109
2025-06-12 05:17:43,634 - krx_fetcher - INFO - Fetching KSQ data for 20250109
2025-06-12 05:17:47,706 - krx_fetcher - INFO - Fetched 1783 rows for KSQ on 20250109
2025-06-12 05:17:47,801 - krx_fetcher - INFO - Updated 961 rows in database
2025-06-12 05:17:47,987 - krx_fetcher - INFO - Updated 1783 rows in database
2025-06-12 05:17:52,980 - krx_fetcher - INFO - Fetching STK data for 20250110
2025-06-12 05:17:55,386 - krx_fetcher - INFO - Fetched 961 rows for STK on 20250110
2025-06-12 05:17:55,386 - krx_fetcher - INFO - Fetching KSQ data for 20250110
2025-06-12 05:17:59,378 - krx_fetcher - INFO - Fetched 1783 rows for KSQ on 20250110
2025-06-12 05:17:59,470 - krx_fetcher - INFO - Updated 961 rows in database
2025-06-12 05:17:59,649 - krx_fetcher - INFO - Updated 1783 rows in database
2025-06-12 05:18:04,304 - krx_fetcher - INFO - Fetching STK data for 20250113
2025-06-12 05:18:06,752 - krx_fetcher - INFO - Fetched 961 rows for STK on 20250113
2025-06-12 05:18:06,753 - krx_fetcher - INFO - Fetching KSQ data for 20250113
2025-06-12 05:18:10,853 - krx_fetcher - INFO - Fetched 1783 rows for KSQ on 20250113
2025-06-12 05:18:10,949 - krx_fetcher - INFO - Updated 961 rows in database
2025-06-12 05:18:11,096 - krx_fetcher - INFO - Updated 1783 rows in database
2025-06-12 05:18:15,199 - krx_fetcher - INFO - Fetching STK data for 20250114
2025-06-12 05:18:17,598 - krx_fetcher - INFO - Fetched 961 rows for STK on 20250114
2025-06-12 05:18:17,598 - krx_fetcher - INFO - Fetching KSQ data for 20250114
2025-06-12 05:18:21,600 - krx_fetcher - INFO - Fetched 1783 rows for KSQ on 20250114
2025-06-12 05:18:21,696 - krx_fetcher - INFO - Updated 961 rows in database
2025-06-12 05:18:21,835 - krx_fetcher - INFO - Updated 1783 rows in database
2025-06-12 05:18:24,676 - krx_fetcher - INFO - Fetching STK data for 20250115
2025-06-12 05:18:27,126 - krx_fetcher - INFO - Fetched 961 rows for STK on 20250115
2025-06-12 05:18:27,127 - krx_fetcher - INFO - Fetching KSQ data for 20250115
2025-06-12 05:18:31,106 - krx_fetcher - INFO - Fetched 1783 rows for KSQ on 20250115
2025-06-12 05:18:31,195 - krx_fetcher - INFO - Updated 961 rows in database
2025-06-12 05:18:31,370 - krx_fetcher - INFO - Updated 1783 rows in database
2025-06-12 05:18:34,747 - krx_fetcher - INFO - Fetching STK data for 20250116
2025-06-12 05:18:37,062 - krx_fetcher - INFO - Fetched 961 rows for STK on 20250116
2025-06-12 05:18:37,062 - krx_fetcher - INFO - Fetching KSQ data for 20250116
2025-06-12 05:18:41,156 - krx_fetcher - INFO - Fetched 1783 rows for KSQ on 20250116
2025-06-12 05:18:41,250 - krx_fetcher - INFO - Updated 961 rows in database
2025-06-12 05:18:41,392 - krx_fetcher - INFO - Updated 1783 rows in database
2025-06-12 05:18:45,791 - krx_fetcher - INFO - Fetching STK data for 20250117
2025-06-12 05:18:48,222 - krx_fetcher - INFO - Fetched 961 rows for STK on 20250117
2025-06-12 05:18:48,222 - krx_fetcher - INFO - Fetching KSQ data for 20250117
2025-06-12 05:18:52,218 - krx_fetcher - INFO - Fetched 1783 rows for KSQ on 20250117
2025-06-12 05:18:52,312 - krx_fetcher - INFO - Updated 961 rows in database
2025-06-12 05:18:52,446 - krx_fetcher - INFO - Updated 1783 rows in database
2025-06-12 05:18:55,899 - krx_fetcher - INFO - Fetching STK data for 20250120
2025-06-12 05:18:58,303 - krx_fetcher - INFO - Fetched 961 rows for STK on 20250120
2025-06-12 05:18:58,303 - krx_fetcher - INFO - Fetching KSQ data for 20250120
2025-06-12 05:19:02,324 - krx_fetcher - INFO - Fetched 1783 rows for KSQ on 20250120
2025-06-12 05:19:02,445 - krx_fetcher - INFO - Updated 961 rows in database
2025-06-12 05:19:02,740 - krx_fetcher - INFO - Updated 1783 rows in database
2025-06-12 05:19:07,491 - krx_fetcher - INFO - Fetching STK data for 20250121
2025-06-12 05:19:09,930 - krx_fetcher - INFO - Fetched 961 rows for STK on 20250121
2025-06-12 05:19:09,931 - krx_fetcher - INFO - Fetching KSQ data for 20250121
2025-06-12 05:19:13,916 - krx_fetcher - INFO - Fetched 1783 rows for KSQ on 20250121
2025-06-12 05:19:14,014 - krx_fetcher - INFO - Updated 961 rows in database
2025-06-12 05:19:14,243 - krx_fetcher - INFO - Updated 1783 rows in database
2025-06-12 05:19:18,497 - krx_fetcher - INFO - Fetching STK data for 20250122
2025-06-12 05:19:20,875 - krx_fetcher - INFO - Fetched 961 rows for STK on 20250122
2025-06-12 05:19:20,875 - krx_fetcher - INFO - Fetching KSQ data for 20250122
2025-06-12 05:19:24,938 - krx_fetcher - INFO - Fetched 1783 rows for KSQ on 20250122
2025-06-12 05:19:25,029 - krx_fetcher - INFO - Updated 961 rows in database
2025-06-12 05:19:25,169 - krx_fetcher - INFO - Updated 1783 rows in database
2025-06-12 05:19:28,349 - krx_fetcher - INFO - Fetching STK data for 20250123
2025-06-12 05:19:30,820 - krx_fetcher - INFO - Fetched 961 rows for STK on 20250123
2025-06-12 05:19:30,820 - krx_fetcher - INFO - Fetching KSQ data for 20250123
2025-06-12 05:19:34,823 - krx_fetcher - INFO - Fetched 1785 rows for KSQ on 20250123
2025-06-12 05:19:34,966 - krx_fetcher - INFO - Updated 961 rows in database
2025-06-12 05:19:35,141 - krx_fetcher - INFO - Updated 1785 rows in database
2025-06-12 05:19:39,294 - krx_fetcher - INFO - Fetching STK data for 20250124
2025-06-12 05:19:41,673 - krx_fetcher - INFO - Fetched 961 rows for STK on 20250124
2025-06-12 05:19:41,673 - krx_fetcher - INFO - Fetching KSQ data for 20250124
2025-06-12 05:19:45,877 - krx_fetcher - INFO - Fetched 1788 rows for KSQ on 20250124
2025-06-12 05:19:45,992 - krx_fetcher - INFO - Updated 961 rows in database
2025-06-12 05:19:46,193 - krx_fetcher - INFO - Updated 1788 rows in database
2025-06-12 05:19:49,398 - krx_fetcher - INFO - Fetching STK data for 20250127
2025-06-12 05:19:51,631 - krx_fetcher - INFO - Fetched 961 rows for STK on 20250127
2025-06-12 05:19:51,631 - krx_fetcher - INFO - Fetching KSQ data for 20250127
2025-06-12 05:19:55,658 - krx_fetcher - INFO - Fetched 1788 rows for KSQ on 20250127
2025-06-12 05:19:55,749 - krx_fetcher - INFO - Updated 961 rows in database
2025-06-12 05:19:55,896 - krx_fetcher - INFO - Updated 1788 rows in database
2025-06-12 05:19:59,803 - krx_fetcher - INFO - Fetching STK data for 20250128
2025-06-12 05:20:01,988 - krx_fetcher - INFO - Fetched 961 rows for STK on 20250128
2025-06-12 05:20:01,989 - krx_fetcher - INFO - Fetching KSQ data for 20250128
2025-06-12 05:20:06,057 - krx_fetcher - INFO - Fetched 1788 rows for KSQ on 20250128
2025-06-12 05:20:06,152 - krx_fetcher - INFO - Updated 961 rows in database
2025-06-12 05:20:06,340 - krx_fetcher - INFO - Updated 1788 rows in database
2025-06-12 05:20:08,692 - krx_fetcher - INFO - Fetching STK data for 20250129
2025-06-12 05:20:10,855 - krx_fetcher - INFO - Fetched 961 rows for STK on 20250129
2025-06-12 05:20:10,856 - krx_fetcher - INFO - Fetching KSQ data for 20250129
2025-06-12 05:20:15,062 - krx_fetcher - INFO - Fetched 1788 rows for KSQ on 20250129
2025-06-12 05:20:15,163 - krx_fetcher - INFO - Updated 961 rows in database
2025-06-12 05:20:15,309 - krx_fetcher - INFO - Updated 1788 rows in database
2025-06-12 05:20:17,624 - krx_fetcher - INFO - Fetching STK data for 20250130
2025-06-12 05:20:19,971 - krx_fetcher - INFO - Fetched 961 rows for STK on 20250130
2025-06-12 05:20:19,972 - krx_fetcher - INFO - Fetching KSQ data for 20250130
2025-06-12 05:20:23,887 - krx_fetcher - INFO - Fetched 1788 rows for KSQ on 20250130
2025-06-12 05:20:23,990 - krx_fetcher - INFO - Updated 961 rows in database
2025-06-12 05:20:24,132 - krx_fetcher - INFO - Updated 1788 rows in database
2025-06-12 05:20:26,276 - krx_fetcher - INFO - Fetching STK data for 20250131
2025-06-12 05:20:28,778 - krx_fetcher - INFO - Fetched 961 rows for STK on 20250131
2025-06-12 05:20:28,778 - krx_fetcher - INFO - Fetching KSQ data for 20250131
2025-06-12 05:20:32,776 - krx_fetcher - INFO - Fetched 1788 rows for KSQ on 20250131
2025-06-12 05:20:32,876 - krx_fetcher - INFO - Updated 961 rows in database
2025-06-12 05:20:33,063 - krx_fetcher - INFO - Updated 1788 rows in database
2025-06-12 05:20:35,136 - krx_fetcher - INFO - Fetching STK data for 20250203
2025-06-12 05:20:37,583 - krx_fetcher - INFO - Fetched 961 rows for STK on 20250203
2025-06-12 05:20:37,583 - krx_fetcher - INFO - Fetching KSQ data for 20250203
2025-06-12 05:20:41,887 - krx_fetcher - INFO - Fetched 1789 rows for KSQ on 20250203
2025-06-12 05:20:41,978 - krx_fetcher - INFO - Updated 961 rows in database
2025-06-12 05:20:42,119 - krx_fetcher - INFO - Updated 1789 rows in database
2025-06-12 05:20:44,250 - krx_fetcher - INFO - Fetching STK data for 20250204
2025-06-12 05:20:46,592 - krx_fetcher - INFO - Fetched 961 rows for STK on 20250204
2025-06-12 05:20:46,593 - krx_fetcher - INFO - Fetching KSQ data for 20250204
2025-06-12 05:20:50,694 - krx_fetcher - INFO - Fetched 1790 rows for KSQ on 20250204
2025-06-12 05:20:50,787 - krx_fetcher - INFO - Updated 961 rows in database
2025-06-12 05:20:50,920 - krx_fetcher - INFO - Updated 1790 rows in database
2025-06-12 05:20:55,852 - krx_fetcher - INFO - Fetching STK data for 20250205
2025-06-12 05:20:58,173 - krx_fetcher - INFO - Fetched 962 rows for STK on 20250205
2025-06-12 05:20:58,173 - krx_fetcher - INFO - Fetching KSQ data for 20250205
2025-06-12 05:21:02,208 - krx_fetcher - INFO - Fetched 1790 rows for KSQ on 20250205
2025-06-12 05:21:02,302 - krx_fetcher - INFO - Updated 962 rows in database
2025-06-12 05:21:02,481 - krx_fetcher - INFO - Updated 1790 rows in database
2025-06-12 05:21:06,973 - krx_fetcher - INFO - Fetching STK data for 20250206
2025-06-12 05:21:09,329 - krx_fetcher - INFO - Fetched 962 rows for STK on 20250206
2025-06-12 05:21:09,330 - krx_fetcher - INFO - Fetching KSQ data for 20250206
2025-06-12 05:21:13,428 - krx_fetcher - INFO - Fetched 1790 rows for KSQ on 20250206
2025-06-12 05:21:13,520 - krx_fetcher - INFO - Updated 962 rows in database
2025-06-12 05:21:13,654 - krx_fetcher - INFO - Updated 1790 rows in database
2025-06-12 05:21:17,317 - krx_fetcher - INFO - Fetching STK data for 20250207
2025-06-12 05:21:19,773 - krx_fetcher - INFO - Fetched 962 rows for STK on 20250207
2025-06-12 05:21:19,774 - krx_fetcher - INFO - Fetching KSQ data for 20250207
2025-06-12 05:21:23,725 - krx_fetcher - INFO - Fetched 1790 rows for KSQ on 20250207
2025-06-12 05:21:23,893 - krx_fetcher - INFO - Updated 962 rows in database
2025-06-12 05:21:24,209 - krx_fetcher - INFO - Updated 1790 rows in database
2025-06-12 05:21:26,425 - krx_fetcher - INFO - Fetching STK data for 20250210
2025-06-12 05:21:28,888 - krx_fetcher - INFO - Fetched 962 rows for STK on 20250210
2025-06-12 05:21:28,888 - krx_fetcher - INFO - Fetching KSQ data for 20250210
2025-06-12 05:21:32,883 - krx_fetcher - INFO - Fetched 1789 rows for KSQ on 20250210
2025-06-12 05:21:32,973 - krx_fetcher - INFO - Updated 962 rows in database
2025-06-12 05:21:33,126 - krx_fetcher - INFO - Updated 1789 rows in database
2025-06-12 05:21:35,258 - krx_fetcher - INFO - Fetching STK data for 20250211
2025-06-12 05:21:37,616 - krx_fetcher - INFO - Fetched 962 rows for STK on 20250211
2025-06-12 05:21:37,616 - krx_fetcher - INFO - Fetching KSQ data for 20250211
2025-06-12 05:21:41,693 - krx_fetcher - INFO - Fetched 1788 rows for KSQ on 20250211
2025-06-12 05:21:41,788 - krx_fetcher - INFO - Updated 962 rows in database
2025-06-12 05:21:41,931 - krx_fetcher - INFO - Updated 1788 rows in database
2025-06-12 05:21:46,867 - krx_fetcher - INFO - Fetching STK data for 20250212
2025-06-12 05:21:49,154 - krx_fetcher - INFO - Fetched 962 rows for STK on 20250212
2025-06-12 05:21:49,154 - krx_fetcher - INFO - Fetching KSQ data for 20250212
2025-06-12 05:21:53,299 - krx_fetcher - INFO - Fetched 1789 rows for KSQ on 20250212
2025-06-12 05:21:53,399 - krx_fetcher - INFO - Updated 962 rows in database
2025-06-12 05:21:53,542 - krx_fetcher - INFO - Updated 1789 rows in database
2025-06-12 05:21:58,088 - krx_fetcher - INFO - Fetching STK data for 20250213
2025-06-12 05:22:00,460 - krx_fetcher - INFO - Fetched 962 rows for STK on 20250213
2025-06-12 05:22:00,460 - krx_fetcher - INFO - Fetching KSQ data for 20250213
2025-06-12 05:22:04,517 - krx_fetcher - INFO - Fetched 1790 rows for KSQ on 20250213
2025-06-12 05:22:04,675 - krx_fetcher - INFO - Updated 962 rows in database
2025-06-12 05:22:04,975 - krx_fetcher - INFO - Updated 1790 rows in database
2025-06-12 05:22:08,956 - krx_fetcher - INFO - Fetching STK data for 20250214
2025-06-12 05:22:11,269 - krx_fetcher - INFO - Fetched 962 rows for STK on 20250214
2025-06-12 05:22:11,269 - krx_fetcher - INFO - Fetching KSQ data for 20250214
2025-06-12 05:22:15,383 - krx_fetcher - INFO - Fetched 1789 rows for KSQ on 20250214
2025-06-12 05:22:15,485 - krx_fetcher - INFO - Updated 962 rows in database
2025-06-12 05:22:15,627 - krx_fetcher - INFO - Updated 1789 rows in database
2025-06-12 05:22:18,260 - krx_fetcher - INFO - Fetching STK data for 20250217
2025-06-12 05:22:20,598 - krx_fetcher - INFO - Fetched 962 rows for STK on 20250217
2025-06-12 05:22:20,599 - krx_fetcher - INFO - Fetching KSQ data for 20250217
2025-06-12 05:22:24,585 - krx_fetcher - INFO - Fetched 1790 rows for KSQ on 20250217
2025-06-12 05:22:24,675 - krx_fetcher - INFO - Updated 962 rows in database
2025-06-12 05:22:24,825 - krx_fetcher - INFO - Updated 1790 rows in database
2025-06-12 05:22:27,657 - krx_fetcher - INFO - Fetching STK data for 20250218
2025-06-12 05:22:30,020 - krx_fetcher - INFO - Fetched 962 rows for STK on 20250218
2025-06-12 05:22:30,020 - krx_fetcher - INFO - Fetching KSQ data for 20250218
2025-06-12 05:22:34,060 - krx_fetcher - INFO - Fetched 1790 rows for KSQ on 20250218
2025-06-12 05:22:34,252 - krx_fetcher - INFO - Updated 962 rows in database
2025-06-12 05:22:34,565 - krx_fetcher - INFO - Updated 1790 rows in database
2025-06-12 05:22:38,136 - krx_fetcher - INFO - Fetching STK data for 20250219
2025-06-12 05:22:40,561 - krx_fetcher - INFO - Fetched 962 rows for STK on 20250219
2025-06-12 05:22:40,562 - krx_fetcher - INFO - Fetching KSQ data for 20250219
2025-06-12 05:22:44,668 - krx_fetcher - INFO - Fetched 1789 rows for KSQ on 20250219
2025-06-12 05:22:44,767 - krx_fetcher - INFO - Updated 962 rows in database
2025-06-12 05:22:44,981 - krx_fetcher - INFO - Updated 1789 rows in database
2025-06-12 05:22:49,969 - krx_fetcher - INFO - Fetching STK data for 20250220
2025-06-12 05:22:52,261 - krx_fetcher - INFO - Fetched 962 rows for STK on 20250220
2025-06-12 05:22:52,261 - krx_fetcher - INFO - Fetching KSQ data for 20250220
2025-06-12 05:22:56,443 - krx_fetcher - INFO - Fetched 1790 rows for KSQ on 20250220
2025-06-12 05:22:56,604 - krx_fetcher - INFO - Updated 962 rows in database
2025-06-12 05:22:56,926 - krx_fetcher - INFO - Updated 1790 rows in database
2025-06-12 05:23:01,858 - krx_fetcher - INFO - Fetching STK data for 20250221
2025-06-12 05:23:04,214 - krx_fetcher - INFO - Fetched 962 rows for STK on 20250221
2025-06-12 05:23:04,214 - krx_fetcher - INFO - Fetching KSQ data for 20250221
2025-06-12 05:23:08,317 - krx_fetcher - INFO - Fetched 1789 rows for KSQ on 20250221
2025-06-12 05:23:08,415 - krx_fetcher - INFO - Updated 962 rows in database
2025-06-12 05:23:08,566 - krx_fetcher - INFO - Updated 1789 rows in database
2025-06-12 05:23:13,134 - krx_fetcher - INFO - Fetching STK data for 20250224
2025-06-12 05:23:15,589 - krx_fetcher - INFO - Fetched 961 rows for STK on 20250224
2025-06-12 05:23:15,589 - krx_fetcher - INFO - Fetching KSQ data for 20250224
2025-06-12 05:23:19,584 - krx_fetcher - INFO - Fetched 1790 rows for KSQ on 20250224
2025-06-12 05:23:19,686 - krx_fetcher - INFO - Updated 961 rows in database
2025-06-12 05:23:19,862 - krx_fetcher - INFO - Updated 1790 rows in database
2025-06-12 05:23:23,731 - krx_fetcher - INFO - Fetching STK data for 20250225
2025-06-12 05:23:26,132 - krx_fetcher - INFO - Fetched 961 rows for STK on 20250225
2025-06-12 05:23:26,133 - krx_fetcher - INFO - Fetching KSQ data for 20250225
2025-06-12 05:23:30,232 - krx_fetcher - INFO - Fetched 1791 rows for KSQ on 20250225
2025-06-12 05:23:30,327 - krx_fetcher - INFO - Updated 961 rows in database
2025-06-12 05:23:30,472 - krx_fetcher - INFO - Updated 1791 rows in database
2025-06-12 05:23:32,951 - krx_fetcher - INFO - Fetching STK data for 20250226
2025-06-12 05:23:35,262 - krx_fetcher - INFO - Fetched 961 rows for STK on 20250226
2025-06-12 05:23:35,263 - krx_fetcher - INFO - Fetching KSQ data for 20250226
2025-06-12 05:23:39,347 - krx_fetcher - INFO - Fetched 1791 rows for KSQ on 20250226
2025-06-12 05:23:39,441 - krx_fetcher - INFO - Updated 961 rows in database
2025-06-12 05:23:39,587 - krx_fetcher - INFO - Updated 1791 rows in database
2025-06-12 05:23:42,182 - krx_fetcher - INFO - Fetching STK data for 20250227
2025-06-12 05:23:44,568 - krx_fetcher - INFO - Fetched 961 rows for STK on 20250227
2025-06-12 05:23:44,568 - krx_fetcher - INFO - Fetching KSQ data for 20250227
2025-06-12 05:23:48,664 - krx_fetcher - INFO - Fetched 1791 rows for KSQ on 20250227
2025-06-12 05:23:48,768 - krx_fetcher - INFO - Updated 961 rows in database
2025-06-12 05:23:48,954 - krx_fetcher - INFO - Updated 1791 rows in database
2025-06-12 05:23:51,914 - krx_fetcher - INFO - Fetching STK data for 20250228
2025-06-12 05:23:54,291 - krx_fetcher - INFO - Fetched 961 rows for STK on 20250228
2025-06-12 05:23:54,291 - krx_fetcher - INFO - Fetching KSQ data for 20250228
2025-06-12 05:23:58,333 - krx_fetcher - INFO - Fetched 1791 rows for KSQ on 20250228
2025-06-12 05:23:58,429 - krx_fetcher - INFO - Updated 961 rows in database
2025-06-12 05:23:58,611 - krx_fetcher - INFO - Updated 1791 rows in database
2025-06-12 05:24:02,227 - krx_fetcher - INFO - Fetching STK data for 20250303
2025-06-12 05:24:04,447 - krx_fetcher - INFO - Fetched 961 rows for STK on 20250303
2025-06-12 05:24:04,448 - krx_fetcher - INFO - Fetching KSQ data for 20250303
2025-06-12 05:24:08,469 - krx_fetcher - INFO - Fetched 1791 rows for KSQ on 20250303
2025-06-12 05:24:08,563 - krx_fetcher - INFO - Updated 961 rows in database
2025-06-12 05:24:08,707 - krx_fetcher - INFO - Updated 1791 rows in database
2025-06-12 05:24:13,421 - krx_fetcher - INFO - Fetching STK data for 20250304
2025-06-12 05:24:15,902 - krx_fetcher - INFO - Fetched 961 rows for STK on 20250304
2025-06-12 05:24:15,902 - krx_fetcher - INFO - Fetching KSQ data for 20250304
2025-06-12 05:24:19,896 - krx_fetcher - INFO - Fetched 1791 rows for KSQ on 20250304
2025-06-12 05:24:19,986 - krx_fetcher - INFO - Updated 961 rows in database
2025-06-12 05:24:20,128 - krx_fetcher - INFO - Updated 1791 rows in database
2025-06-12 05:24:24,262 - krx_fetcher - INFO - Fetching STK data for 20250305
2025-06-12 05:24:26,757 - krx_fetcher - INFO - Fetched 961 rows for STK on 20250305
2025-06-12 05:24:26,757 - krx_fetcher - INFO - Fetching KSQ data for 20250305
2025-06-12 05:24:30,758 - krx_fetcher - INFO - Fetched 1791 rows for KSQ on 20250305
2025-06-12 05:24:30,850 - krx_fetcher - INFO - Updated 961 rows in database
2025-06-12 05:24:31,035 - krx_fetcher - INFO - Updated 1791 rows in database
2025-06-12 05:24:34,077 - krx_fetcher - INFO - Fetching STK data for 20250306
2025-06-12 05:24:36,483 - krx_fetcher - INFO - Fetched 961 rows for STK on 20250306
2025-06-12 05:24:36,483 - krx_fetcher - INFO - Fetching KSQ data for 20250306
2025-06-12 05:24:40,495 - krx_fetcher - INFO - Fetched 1792 rows for KSQ on 20250306
2025-06-12 05:24:40,589 - krx_fetcher - INFO - Updated 961 rows in database
2025-06-12 05:24:40,734 - krx_fetcher - INFO - Updated 1792 rows in database
2025-06-12 05:24:44,476 - krx_fetcher - INFO - Fetching STK data for 20250307
2025-06-12 05:24:46,928 - krx_fetcher - INFO - Fetched 961 rows for STK on 20250307
2025-06-12 05:24:46,928 - krx_fetcher - INFO - Fetching KSQ data for 20250307
2025-06-12 05:24:51,025 - krx_fetcher - INFO - Fetched 1792 rows for KSQ on 20250307
2025-06-12 05:24:51,119 - krx_fetcher - INFO - Updated 961 rows in database
2025-06-12 05:24:51,253 - krx_fetcher - INFO - Updated 1792 rows in database
2025-06-12 05:24:53,513 - krx_fetcher - INFO - Fetching STK data for 20250310
2025-06-12 05:24:55,940 - krx_fetcher - INFO - Fetched 961 rows for STK on 20250310
2025-06-12 05:24:55,940 - krx_fetcher - INFO - Fetching KSQ data for 20250310
2025-06-12 05:24:59,935 - krx_fetcher - INFO - Fetched 1792 rows for KSQ on 20250310
2025-06-12 05:25:00,041 - krx_fetcher - INFO - Updated 961 rows in database
2025-06-12 05:25:00,206 - krx_fetcher - INFO - Updated 1792 rows in database
2025-06-12 05:25:02,419 - krx_fetcher - INFO - Fetching STK data for 20250311
2025-06-12 05:25:04,950 - krx_fetcher - INFO - Fetched 961 rows for STK on 20250311
2025-06-12 05:25:04,951 - krx_fetcher - INFO - Fetching KSQ data for 20250311
2025-06-12 05:25:08,846 - krx_fetcher - INFO - Fetched 1792 rows for KSQ on 20250311
2025-06-12 05:25:08,939 - krx_fetcher - INFO - Updated 961 rows in database
2025-06-12 05:25:09,078 - krx_fetcher - INFO - Updated 1792 rows in database
2025-06-12 05:25:11,163 - krx_fetcher - INFO - Fetching STK data for 20250312
2025-06-12 05:25:13,552 - krx_fetcher - INFO - Fetched 961 rows for STK on 20250312
2025-06-12 05:25:13,552 - krx_fetcher - INFO - Fetching KSQ data for 20250312
2025-06-12 05:25:17,647 - krx_fetcher - INFO - Fetched 1792 rows for KSQ on 20250312
2025-06-12 05:25:17,735 - krx_fetcher - INFO - Updated 961 rows in database
2025-06-12 05:25:17,867 - krx_fetcher - INFO - Updated 1792 rows in database
2025-06-12 05:25:22,740 - krx_fetcher - INFO - Fetching STK data for 20250313
2025-06-12 05:25:25,109 - krx_fetcher - INFO - Fetched 961 rows for STK on 20250313
2025-06-12 05:25:25,109 - krx_fetcher - INFO - Fetching KSQ data for 20250313
2025-06-12 05:25:29,103 - krx_fetcher - INFO - Fetched 1792 rows for KSQ on 20250313
2025-06-12 05:25:29,189 - krx_fetcher - INFO - Updated 961 rows in database
2025-06-12 05:25:29,376 - krx_fetcher - INFO - Updated 1792 rows in database
2025-06-12 05:25:33,758 - krx_fetcher - INFO - Fetching STK data for 20250314
2025-06-12 05:25:36,188 - krx_fetcher - INFO - Fetched 962 rows for STK on 20250314
2025-06-12 05:25:36,188 - krx_fetcher - INFO - Fetching KSQ data for 20250314
2025-06-12 05:25:40,178 - krx_fetcher - INFO - Fetched 1792 rows for KSQ on 20250314
2025-06-12 05:25:40,265 - krx_fetcher - INFO - Updated 962 rows in database
2025-06-12 05:25:40,414 - krx_fetcher - INFO - Updated 1792 rows in database
2025-06-12 05:25:43,836 - krx_fetcher - INFO - Fetching STK data for 20250317
2025-06-12 05:25:46,218 - krx_fetcher - INFO - Fetched 963 rows for STK on 20250317
2025-06-12 05:25:46,218 - krx_fetcher - INFO - Fetching KSQ data for 20250317
2025-06-12 05:25:50,219 - krx_fetcher - INFO - Fetched 1791 rows for KSQ on 20250317
2025-06-12 05:25:50,314 - krx_fetcher - INFO - Updated 963 rows in database
2025-06-12 05:25:50,448 - krx_fetcher - INFO - Updated 1791 rows in database
2025-06-12 05:25:54,902 - krx_fetcher - INFO - Fetching STK data for 20250318
2025-06-12 05:25:57,276 - krx_fetcher - INFO - Fetched 963 rows for STK on 20250318
2025-06-12 05:25:57,277 - krx_fetcher - INFO - Fetching KSQ data for 20250318
2025-06-12 05:26:01,377 - krx_fetcher - INFO - Fetched 1791 rows for KSQ on 20250318
2025-06-12 05:26:01,469 - krx_fetcher - INFO - Updated 963 rows in database
2025-06-12 05:26:01,646 - krx_fetcher - INFO - Updated 1791 rows in database
2025-06-12 05:26:05,298 - krx_fetcher - INFO - Fetching STK data for 20250319
2025-06-12 05:26:07,721 - krx_fetcher - INFO - Fetched 963 rows for STK on 20250319
2025-06-12 05:26:07,721 - krx_fetcher - INFO - Fetching KSQ data for 20250319
2025-06-12 05:26:11,649 - krx_fetcher - INFO - Fetched 1791 rows for KSQ on 20250319
2025-06-12 05:26:11,739 - krx_fetcher - INFO - Updated 963 rows in database
2025-06-12 05:26:11,877 - krx_fetcher - INFO - Updated 1791 rows in database
2025-06-12 05:26:16,760 - krx_fetcher - INFO - Fetching STK data for 20250320
2025-06-12 05:26:19,191 - krx_fetcher - INFO - Fetched 963 rows for STK on 20250320
2025-06-12 05:26:19,191 - krx_fetcher - INFO - Fetching KSQ data for 20250320
2025-06-12 05:26:23,185 - krx_fetcher - INFO - Fetched 1794 rows for KSQ on 20250320
2025-06-12 05:26:23,272 - krx_fetcher - INFO - Updated 963 rows in database
2025-06-12 05:26:23,404 - krx_fetcher - INFO - Updated 1794 rows in database
2025-06-12 05:26:27,814 - krx_fetcher - INFO - Fetching STK data for 20250321
2025-06-12 05:26:30,144 - krx_fetcher - INFO - Fetched 963 rows for STK on 20250321
2025-06-12 05:26:30,144 - krx_fetcher - INFO - Fetching KSQ data for 20250321
2025-06-12 05:26:34,236 - krx_fetcher - INFO - Fetched 1795 rows for KSQ on 20250321
2025-06-12 05:26:34,318 - krx_fetcher - INFO - Updated 963 rows in database
2025-06-12 05:26:34,490 - krx_fetcher - INFO - Updated 1795 rows in database
2025-06-12 05:26:37,987 - krx_fetcher - INFO - Fetching STK data for 20250324
2025-06-12 05:26:40,357 - krx_fetcher - INFO - Fetched 963 rows for STK on 20250324
2025-06-12 05:26:40,357 - krx_fetcher - INFO - Fetching KSQ data for 20250324
2025-06-12 05:26:44,486 - krx_fetcher - INFO - Fetched 1796 rows for KSQ on 20250324
2025-06-12 05:26:44,572 - krx_fetcher - INFO - Updated 963 rows in database
2025-06-12 05:26:44,708 - krx_fetcher - INFO - Updated 1796 rows in database
2025-06-12 05:26:49,424 - krx_fetcher - INFO - Fetching STK data for 20250325
2025-06-12 05:26:51,855 - krx_fetcher - INFO - Fetched 963 rows for STK on 20250325
2025-06-12 05:26:51,855 - krx_fetcher - INFO - Fetching KSQ data for 20250325
2025-06-12 05:26:55,796 - krx_fetcher - INFO - Fetched 1796 rows for KSQ on 20250325
2025-06-12 05:26:55,896 - krx_fetcher - INFO - Updated 963 rows in database
2025-06-12 05:26:56,027 - krx_fetcher - INFO - Updated 1796 rows in database
2025-06-12 05:27:00,060 - krx_fetcher - INFO - Fetching STK data for 20250326
2025-06-12 05:27:02,506 - krx_fetcher - INFO - Fetched 963 rows for STK on 20250326
2025-06-12 05:27:02,506 - krx_fetcher - INFO - Fetching KSQ data for 20250326
2025-06-12 05:27:06,500 - krx_fetcher - INFO - Fetched 1796 rows for KSQ on 20250326
2025-06-12 05:27:06,597 - krx_fetcher - INFO - Updated 963 rows in database
2025-06-12 05:27:06,773 - krx_fetcher - INFO - Updated 1796 rows in database
2025-06-12 05:27:09,553 - krx_fetcher - INFO - Fetching STK data for 20250327
2025-06-12 05:27:11,927 - krx_fetcher - INFO - Fetched 963 rows for STK on 20250327
2025-06-12 05:27:11,927 - krx_fetcher - INFO - Fetching KSQ data for 20250327
2025-06-12 05:27:16,026 - krx_fetcher - INFO - Fetched 1796 rows for KSQ on 20250327
2025-06-12 05:27:16,116 - krx_fetcher - INFO - Updated 963 rows in database
2025-06-12 05:27:16,248 - krx_fetcher - INFO - Updated 1796 rows in database
2025-06-12 05:27:19,510 - krx_fetcher - INFO - Fetching STK data for 20250328
2025-06-12 05:27:21,859 - krx_fetcher - INFO - Fetched 963 rows for STK on 20250328
2025-06-12 05:27:21,860 - krx_fetcher - INFO - Fetching KSQ data for 20250328
2025-06-12 05:27:25,905 - krx_fetcher - INFO - Fetched 1795 rows for KSQ on 20250328
2025-06-12 05:27:26,001 - krx_fetcher - INFO - Updated 963 rows in database
2025-06-12 05:27:26,130 - krx_fetcher - INFO - Updated 1795 rows in database
2025-06-12 05:27:30,266 - krx_fetcher - INFO - Fetching STK data for 20250331
2025-06-12 05:27:32,713 - krx_fetcher - INFO - Fetched 963 rows for STK on 20250331
2025-06-12 05:27:32,713 - krx_fetcher - INFO - Fetching KSQ data for 20250331
2025-06-12 05:27:36,711 - krx_fetcher - INFO - Fetched 1794 rows for KSQ on 20250331
2025-06-12 05:27:36,805 - krx_fetcher - INFO - Updated 963 rows in database
2025-06-12 05:27:36,981 - krx_fetcher - INFO - Updated 1794 rows in database
2025-06-12 05:27:39,968 - krx_fetcher - INFO - Fetching STK data for 20250401
2025-06-12 05:27:42,388 - krx_fetcher - INFO - Fetched 962 rows for STK on 20250401
2025-06-12 05:27:42,388 - krx_fetcher - INFO - Fetching KSQ data for 20250401
2025-06-12 05:27:46,336 - krx_fetcher - INFO - Fetched 1794 rows for KSQ on 20250401
2025-06-12 05:27:46,426 - krx_fetcher - INFO - Updated 962 rows in database
2025-06-12 05:27:46,557 - krx_fetcher - INFO - Updated 1794 rows in database
2025-06-12 05:27:50,121 - krx_fetcher - INFO - Fetching STK data for 20250402
2025-06-12 05:27:52,580 - krx_fetcher - INFO - Fetched 962 rows for STK on 20250402
2025-06-12 05:27:52,580 - krx_fetcher - INFO - Fetching KSQ data for 20250402
2025-06-12 05:27:56,576 - krx_fetcher - INFO - Fetched 1794 rows for KSQ on 20250402
2025-06-12 05:27:56,669 - krx_fetcher - INFO - Updated 962 rows in database
2025-06-12 05:27:56,797 - krx_fetcher - INFO - Updated 1794 rows in database
2025-06-12 05:28:01,601 - krx_fetcher - INFO - Fetching STK data for 20250403
2025-06-12 05:28:04,048 - krx_fetcher - INFO - Fetched 962 rows for STK on 20250403
2025-06-12 05:28:04,048 - krx_fetcher - INFO - Fetching KSQ data for 20250403
2025-06-12 05:28:08,000 - krx_fetcher - INFO - Fetched 1795 rows for KSQ on 20250403
2025-06-12 05:28:08,085 - krx_fetcher - INFO - Updated 962 rows in database
2025-06-12 05:28:08,269 - krx_fetcher - INFO - Updated 1795 rows in database
2025-06-12 05:28:12,546 - krx_fetcher - INFO - Fetching STK data for 20250404
2025-06-12 05:28:14,907 - krx_fetcher - INFO - Fetched 962 rows for STK on 20250404
2025-06-12 05:28:14,907 - krx_fetcher - INFO - Fetching KSQ data for 20250404
2025-06-12 05:28:19,004 - krx_fetcher - INFO - Fetched 1795 rows for KSQ on 20250404
2025-06-12 05:28:19,169 - krx_fetcher - INFO - Updated 962 rows in database
2025-06-12 05:28:19,482 - krx_fetcher - INFO - Updated 1795 rows in database
2025-06-12 05:28:22,977 - krx_fetcher - INFO - Fetching STK data for 20250407
2025-06-12 05:28:25,384 - krx_fetcher - INFO - Fetched 962 rows for STK on 20250407
2025-06-12 05:28:25,385 - krx_fetcher - INFO - Fetching KSQ data for 20250407
2025-06-12 05:28:29,389 - krx_fetcher - INFO - Fetched 1795 rows for KSQ on 20250407
2025-06-12 05:28:29,484 - krx_fetcher - INFO - Updated 962 rows in database
2025-06-12 05:28:29,633 - krx_fetcher - INFO - Updated 1795 rows in database
2025-06-12 05:28:34,277 - krx_fetcher - INFO - Fetching STK data for 20250408
2025-06-12 05:28:36,715 - krx_fetcher - INFO - Fetched 962 rows for STK on 20250408
2025-06-12 05:28:36,715 - krx_fetcher - INFO - Fetching KSQ data for 20250408
2025-06-12 05:28:40,706 - krx_fetcher - INFO - Fetched 1795 rows for KSQ on 20250408
2025-06-12 05:28:40,805 - krx_fetcher - INFO - Updated 962 rows in database
2025-06-12 05:28:40,998 - krx_fetcher - INFO - Updated 1795 rows in database
2025-06-12 05:28:45,008 - krx_fetcher - INFO - Fetching STK data for 20250409
2025-06-12 05:28:47,465 - krx_fetcher - INFO - Fetched 962 rows for STK on 20250409
2025-06-12 05:28:47,465 - krx_fetcher - INFO - Fetching KSQ data for 20250409
2025-06-12 05:28:51,466 - krx_fetcher - INFO - Fetched 1795 rows for KSQ on 20250409
2025-06-12 05:28:51,558 - krx_fetcher - INFO - Updated 962 rows in database
2025-06-12 05:28:51,725 - krx_fetcher - INFO - Updated 1795 rows in database
2025-06-12 05:28:54,462 - krx_fetcher - INFO - Fetching STK data for 20250410
2025-06-12 05:28:56,888 - krx_fetcher - INFO - Fetched 962 rows for STK on 20250410
2025-06-12 05:28:56,888 - krx_fetcher - INFO - Fetching KSQ data for 20250410
2025-06-12 05:29:00,891 - krx_fetcher - INFO - Fetched 1795 rows for KSQ on 20250410
2025-06-12 05:29:01,077 - krx_fetcher - INFO - Updated 962 rows in database
2025-06-12 05:29:01,223 - krx_fetcher - INFO - Updated 1795 rows in database
2025-06-12 05:29:04,449 - krx_fetcher - INFO - Fetching STK data for 20250411
2025-06-12 05:29:06,926 - krx_fetcher - INFO - Fetched 962 rows for STK on 20250411
2025-06-12 05:29:06,926 - krx_fetcher - INFO - Fetching KSQ data for 20250411
2025-06-12 05:29:11,021 - krx_fetcher - INFO - Fetched 1795 rows for KSQ on 20250411
2025-06-12 05:29:11,118 - krx_fetcher - INFO - Updated 962 rows in database
2025-06-12 05:29:11,261 - krx_fetcher - INFO - Updated 1795 rows in database
2025-06-12 05:29:15,533 - krx_fetcher - INFO - Fetching STK data for 20250414
2025-06-12 05:29:17,985 - krx_fetcher - INFO - Fetched 962 rows for STK on 20250414
2025-06-12 05:29:17,986 - krx_fetcher - INFO - Fetching KSQ data for 20250414
2025-06-12 05:29:21,958 - krx_fetcher - INFO - Fetched 1795 rows for KSQ on 20250414
2025-06-12 05:29:22,053 - krx_fetcher - INFO - Updated 962 rows in database
2025-06-12 05:29:22,238 - krx_fetcher - INFO - Updated 1795 rows in database
2025-06-12 05:29:25,487 - krx_fetcher - INFO - Fetching STK data for 20250415
2025-06-12 05:29:27,917 - krx_fetcher - INFO - Fetched 962 rows for STK on 20250415
2025-06-12 05:29:27,917 - krx_fetcher - INFO - Fetching KSQ data for 20250415
2025-06-12 05:29:31,942 - krx_fetcher - INFO - Fetched 1795 rows for KSQ on 20250415
2025-06-12 05:29:32,038 - krx_fetcher - INFO - Updated 962 rows in database
2025-06-12 05:29:32,183 - krx_fetcher - INFO - Updated 1795 rows in database
2025-06-12 05:29:36,377 - krx_fetcher - INFO - Fetching STK data for 20250416
2025-06-12 05:29:38,874 - krx_fetcher - INFO - Fetched 962 rows for STK on 20250416
2025-06-12 05:29:38,874 - krx_fetcher - INFO - Fetching KSQ data for 20250416
2025-06-12 05:29:42,765 - krx_fetcher - INFO - Fetched 1795 rows for KSQ on 20250416
2025-06-12 05:29:42,860 - krx_fetcher - INFO - Updated 962 rows in database
2025-06-12 05:29:43,001 - krx_fetcher - INFO - Updated 1795 rows in database
2025-06-12 05:29:46,015 - krx_fetcher - INFO - Fetching STK data for 20250417
2025-06-12 05:29:48,498 - krx_fetcher - INFO - Fetched 962 rows for STK on 20250417
2025-06-12 05:29:48,498 - krx_fetcher - INFO - Fetching KSQ data for 20250417
2025-06-12 05:29:52,393 - krx_fetcher - INFO - Fetched 1795 rows for KSQ on 20250417
2025-06-12 05:29:52,520 - krx_fetcher - INFO - Updated 962 rows in database
2025-06-12 05:29:52,846 - krx_fetcher - INFO - Updated 1795 rows in database
2025-06-12 05:29:56,704 - krx_fetcher - INFO - Fetching STK data for 20250418
2025-06-12 05:29:59,044 - krx_fetcher - INFO - Fetched 962 rows for STK on 20250418
2025-06-12 05:29:59,044 - krx_fetcher - INFO - Fetching KSQ data for 20250418
2025-06-12 05:30:03,144 - krx_fetcher - INFO - Fetched 1795 rows for KSQ on 20250418
2025-06-12 05:30:03,350 - krx_fetcher - INFO - Updated 962 rows in database
2025-06-12 05:30:03,704 - krx_fetcher - INFO - Updated 1795 rows in database
2025-06-12 05:30:06,420 - krx_fetcher - INFO - Fetching STK data for 20250421
2025-06-12 05:30:08,876 - krx_fetcher - INFO - Fetched 962 rows for STK on 20250421
2025-06-12 05:30:08,876 - krx_fetcher - INFO - Fetching KSQ data for 20250421
2025-06-12 05:30:13,074 - krx_fetcher - INFO - Fetched 1795 rows for KSQ on 20250421
2025-06-12 05:30:13,261 - krx_fetcher - INFO - Updated 962 rows in database
2025-06-12 05:30:13,561 - krx_fetcher - INFO - Updated 1795 rows in database
2025-06-12 05:30:17,134 - krx_fetcher - INFO - Fetching STK data for 20250422
2025-06-12 05:30:19,622 - krx_fetcher - INFO - Fetched 962 rows for STK on 20250422
2025-06-12 05:30:19,622 - krx_fetcher - INFO - Fetching KSQ data for 20250422
2025-06-12 05:30:23,522 - krx_fetcher - INFO - Fetched 1795 rows for KSQ on 20250422
2025-06-12 05:30:23,625 - krx_fetcher - INFO - Updated 962 rows in database
2025-06-12 05:30:23,818 - krx_fetcher - INFO - Updated 1795 rows in database
2025-06-12 05:30:28,648 - krx_fetcher - INFO - Fetching STK data for 20250423
2025-06-12 05:30:31,092 - krx_fetcher - INFO - Fetched 962 rows for STK on 20250423
2025-06-12 05:30:31,092 - krx_fetcher - INFO - Fetching KSQ data for 20250423
2025-06-12 05:30:35,093 - krx_fetcher - INFO - Fetched 1795 rows for KSQ on 20250423
2025-06-12 05:30:35,193 - krx_fetcher - INFO - Updated 962 rows in database
2025-06-12 05:30:35,357 - krx_fetcher - INFO - Updated 1795 rows in database
2025-06-12 05:30:39,728 - krx_fetcher - INFO - Fetching STK data for 20250424
2025-06-12 05:30:42,155 - krx_fetcher - INFO - Fetched 962 rows for STK on 20250424
2025-06-12 05:30:42,155 - krx_fetcher - INFO - Fetching KSQ data for 20250424
2025-06-12 05:30:46,255 - krx_fetcher - INFO - Fetched 1795 rows for KSQ on 20250424
2025-06-12 05:30:46,357 - krx_fetcher - INFO - Updated 962 rows in database
2025-06-12 05:30:46,510 - krx_fetcher - INFO - Updated 1795 rows in database
2025-06-12 05:30:50,032 - krx_fetcher - INFO - Fetching STK data for 20250425
2025-06-12 05:30:52,594 - krx_fetcher - INFO - Fetched 962 rows for STK on 20250425
2025-06-12 05:30:52,594 - krx_fetcher - INFO - Fetching KSQ data for 20250425
2025-06-12 05:30:56,490 - krx_fetcher - INFO - Fetched 1795 rows for KSQ on 20250425
2025-06-12 05:30:56,587 - krx_fetcher - INFO - Updated 962 rows in database
2025-06-12 05:30:56,775 - krx_fetcher - INFO - Updated 1795 rows in database
2025-06-12 05:31:01,561 - krx_fetcher - INFO - Fetching STK data for 20250428
2025-06-12 05:31:04,070 - krx_fetcher - INFO - Fetched 962 rows for STK on 20250428
2025-06-12 05:31:04,070 - krx_fetcher - INFO - Fetching KSQ data for 20250428
2025-06-12 05:31:07,970 - krx_fetcher - INFO - Fetched 1796 rows for KSQ on 20250428
2025-06-12 05:31:08,070 - krx_fetcher - INFO - Updated 962 rows in database
2025-06-12 05:31:08,221 - krx_fetcher - INFO - Updated 1796 rows in database
2025-06-12 05:31:12,453 - krx_fetcher - INFO - Fetching STK data for 20250429
2025-06-12 05:31:14,866 - krx_fetcher - INFO - Fetched 962 rows for STK on 20250429
2025-06-12 05:31:14,866 - krx_fetcher - INFO - Fetching KSQ data for 20250429
2025-06-12 05:31:18,817 - krx_fetcher - INFO - Fetched 1796 rows for KSQ on 20250429
2025-06-12 05:31:18,924 - krx_fetcher - INFO - Updated 962 rows in database
2025-06-12 05:31:19,063 - krx_fetcher - INFO - Updated 1796 rows in database
2025-06-12 05:31:22,136 - krx_fetcher - INFO - Fetching STK data for 20250430
2025-06-12 05:31:24,646 - krx_fetcher - INFO - Fetched 962 rows for STK on 20250430
2025-06-12 05:31:24,646 - krx_fetcher - INFO - Fetching KSQ data for 20250430
2025-06-12 05:31:28,647 - krx_fetcher - INFO - Fetched 1796 rows for KSQ on 20250430
2025-06-12 05:31:28,844 - krx_fetcher - INFO - Updated 962 rows in database
2025-06-12 05:31:29,159 - krx_fetcher - INFO - Updated 1796 rows in database
2025-06-12 05:31:33,324 - krx_fetcher - INFO - Fetching STK data for 20250501
2025-06-12 05:31:35,596 - krx_fetcher - INFO - Fetched 962 rows for STK on 20250501
2025-06-12 05:31:35,596 - krx_fetcher - INFO - Fetching KSQ data for 20250501
2025-06-12 05:31:39,589 - krx_fetcher - INFO - Fetched 1796 rows for KSQ on 20250501
2025-06-12 05:31:39,674 - krx_fetcher - INFO - Updated 962 rows in database
2025-06-12 05:31:39,892 - krx_fetcher - INFO - Updated 1796 rows in database
2025-06-12 05:31:42,791 - krx_fetcher - INFO - Fetching STK data for 20250502
2025-06-12 05:31:45,226 - krx_fetcher - INFO - Fetched 962 rows for STK on 20250502
2025-06-12 05:31:45,226 - krx_fetcher - INFO - Fetching KSQ data for 20250502
2025-06-12 05:31:49,231 - krx_fetcher - INFO - Fetched 1796 rows for KSQ on 20250502
2025-06-12 05:31:49,329 - krx_fetcher - INFO - Updated 962 rows in database
2025-06-12 05:31:49,476 - krx_fetcher - INFO - Updated 1796 rows in database
2025-06-12 05:31:52,958 - krx_fetcher - INFO - Fetching STK data for 20250505
2025-06-12 05:31:55,176 - krx_fetcher - INFO - Fetched 962 rows for STK on 20250505
2025-06-12 05:31:55,176 - krx_fetcher - INFO - Fetching KSQ data for 20250505
2025-06-12 05:31:59,170 - krx_fetcher - INFO - Fetched 1796 rows for KSQ on 20250505
2025-06-12 05:31:59,274 - krx_fetcher - INFO - Updated 962 rows in database
2025-06-12 05:31:59,425 - krx_fetcher - INFO - Updated 1796 rows in database
2025-06-12 05:32:03,856 - krx_fetcher - INFO - Fetching STK data for 20250506
2025-06-12 05:32:06,120 - krx_fetcher - INFO - Fetched 962 rows for STK on 20250506
2025-06-12 05:32:06,120 - krx_fetcher - INFO - Fetching KSQ data for 20250506
2025-06-12 05:32:10,095 - krx_fetcher - INFO - Fetched 1796 rows for KSQ on 20250506
2025-06-12 05:32:10,189 - krx_fetcher - INFO - Updated 962 rows in database
2025-06-12 05:32:10,378 - krx_fetcher - INFO - Updated 1796 rows in database
2025-06-12 05:32:13,762 - krx_fetcher - INFO - Fetching STK data for 20250507
2025-06-12 05:32:16,262 - krx_fetcher - INFO - Fetched 962 rows for STK on 20250507
2025-06-12 05:32:16,262 - krx_fetcher - INFO - Fetching KSQ data for 20250507
2025-06-12 05:32:20,257 - krx_fetcher - INFO - Fetched 1796 rows for KSQ on 20250507
2025-06-12 05:32:20,352 - krx_fetcher - INFO - Updated 962 rows in database
2025-06-12 05:32:20,500 - krx_fetcher - INFO - Updated 1796 rows in database
2025-06-12 05:32:25,011 - krx_fetcher - INFO - Fetching STK data for 20250508
2025-06-12 05:32:27,523 - krx_fetcher - INFO - Fetched 962 rows for STK on 20250508
2025-06-12 05:32:27,524 - krx_fetcher - INFO - Fetching KSQ data for 20250508
2025-06-12 05:32:31,416 - krx_fetcher - INFO - Fetched 1797 rows for KSQ on 20250508
2025-06-12 05:32:31,513 - krx_fetcher - INFO - Updated 962 rows in database
2025-06-12 05:32:31,655 - krx_fetcher - INFO - Updated 1797 rows in database
2025-06-12 05:32:35,317 - krx_fetcher - INFO - Fetching STK data for 20250509
2025-06-12 05:32:37,765 - krx_fetcher - INFO - Fetched 962 rows for STK on 20250509
2025-06-12 05:32:37,765 - krx_fetcher - INFO - Fetching KSQ data for 20250509
2025-06-12 05:32:41,760 - krx_fetcher - INFO - Fetched 1799 rows for KSQ on 20250509
2025-06-12 05:32:41,852 - krx_fetcher - INFO - Updated 962 rows in database
2025-06-12 05:32:42,038 - krx_fetcher - INFO - Updated 1799 rows in database
2025-06-12 05:32:44,083 - krx_fetcher - INFO - Fetching STK data for 20250512
2025-06-12 05:32:46,466 - krx_fetcher - INFO - Fetched 962 rows for STK on 20250512
2025-06-12 05:32:46,467 - krx_fetcher - INFO - Fetching KSQ data for 20250512
2025-06-12 05:32:50,563 - krx_fetcher - INFO - Fetched 1800 rows for KSQ on 20250512
2025-06-12 05:32:50,654 - krx_fetcher - INFO - Updated 962 rows in database
2025-06-12 05:32:50,808 - krx_fetcher - INFO - Updated 1800 rows in database
2025-06-12 05:32:55,625 - krx_fetcher - INFO - Fetching STK data for 20250513
2025-06-12 05:32:57,987 - krx_fetcher - INFO - Fetched 962 rows for STK on 20250513
2025-06-12 05:32:57,988 - krx_fetcher - INFO - Fetching KSQ data for 20250513
2025-06-12 05:33:02,036 - krx_fetcher - INFO - Fetched 1800 rows for KSQ on 20250513
2025-06-12 05:33:02,131 - krx_fetcher - INFO - Updated 962 rows in database
2025-06-12 05:33:02,278 - krx_fetcher - INFO - Updated 1800 rows in database
2025-06-12 05:33:06,562 - krx_fetcher - INFO - Fetching STK data for 20250514
2025-06-12 05:33:08,997 - krx_fetcher - INFO - Fetched 962 rows for STK on 20250514
2025-06-12 05:33:08,998 - krx_fetcher - INFO - Fetching KSQ data for 20250514
2025-06-12 05:33:12,992 - krx_fetcher - INFO - Fetched 1799 rows for KSQ on 20250514
2025-06-12 05:33:13,087 - krx_fetcher - INFO - Updated 962 rows in database
2025-06-12 05:33:13,273 - krx_fetcher - INFO - Updated 1799 rows in database
2025-06-12 05:33:16,553 - krx_fetcher - INFO - Fetching STK data for 20250515
2025-06-12 05:33:18,929 - krx_fetcher - INFO - Fetched 962 rows for STK on 20250515
2025-06-12 05:33:18,929 - krx_fetcher - INFO - Fetching KSQ data for 20250515
2025-06-12 05:33:23,035 - krx_fetcher - INFO - Fetched 1799 rows for KSQ on 20250515
2025-06-12 05:33:23,131 - krx_fetcher - INFO - Updated 962 rows in database
2025-06-12 05:33:23,268 - krx_fetcher - INFO - Updated 1799 rows in database
2025-06-12 05:33:27,543 - krx_fetcher - INFO - Fetching STK data for 20250516
2025-06-12 05:33:29,929 - krx_fetcher - INFO - Fetched 962 rows for STK on 20250516
2025-06-12 05:33:29,929 - krx_fetcher - INFO - Fetching KSQ data for 20250516
2025-06-12 05:33:33,983 - krx_fetcher - INFO - Fetched 1798 rows for KSQ on 20250516
2025-06-12 05:33:34,074 - krx_fetcher - INFO - Updated 962 rows in database
2025-06-12 05:33:34,213 - krx_fetcher - INFO - Updated 1798 rows in database
2025-06-12 05:33:37,434 - krx_fetcher - INFO - Fetching STK data for 20250519
2025-06-12 05:33:39,922 - krx_fetcher - INFO - Fetched 962 rows for STK on 20250519
2025-06-12 05:33:39,922 - krx_fetcher - INFO - Fetching KSQ data for 20250519
2025-06-12 05:33:43,820 - krx_fetcher - INFO - Fetched 1799 rows for KSQ on 20250519
2025-06-12 05:33:43,912 - krx_fetcher - INFO - Updated 962 rows in database
2025-06-12 05:33:44,089 - krx_fetcher - INFO - Updated 1799 rows in database
2025-06-12 05:33:48,185 - krx_fetcher - INFO - Fetching STK data for 20250520
2025-06-12 05:33:50,571 - krx_fetcher - INFO - Fetched 962 rows for STK on 20250520
2025-06-12 05:33:50,572 - krx_fetcher - INFO - Fetching KSQ data for 20250520
2025-06-12 05:33:54,617 - krx_fetcher - INFO - Fetched 1800 rows for KSQ on 20250520
2025-06-12 05:33:54,704 - krx_fetcher - INFO - Updated 962 rows in database
2025-06-12 05:33:54,844 - krx_fetcher - INFO - Updated 1800 rows in database
2025-06-12 05:33:57,700 - krx_fetcher - INFO - Fetching STK data for 20250521
2025-06-12 05:34:00,011 - krx_fetcher - INFO - Fetched 962 rows for STK on 20250521
2025-06-12 05:34:00,011 - krx_fetcher - INFO - Fetching KSQ data for 20250521
2025-06-12 05:34:04,092 - krx_fetcher - INFO - Fetched 1800 rows for KSQ on 20250521
2025-06-12 05:34:04,186 - krx_fetcher - INFO - Updated 962 rows in database
2025-06-12 05:34:04,324 - krx_fetcher - INFO - Updated 1800 rows in database
2025-06-12 05:34:07,655 - krx_fetcher - INFO - Fetching STK data for 20250522
2025-06-12 05:34:10,027 - krx_fetcher - INFO - Fetched 963 rows for STK on 20250522
2025-06-12 05:34:10,027 - krx_fetcher - INFO - Fetching KSQ data for 20250522
2025-06-12 05:34:14,230 - krx_fetcher - INFO - Fetched 1800 rows for KSQ on 20250522
2025-06-12 05:34:14,327 - krx_fetcher - INFO - Updated 963 rows in database
2025-06-12 05:34:14,502 - krx_fetcher - INFO - Updated 1800 rows in database
2025-06-12 05:34:19,010 - krx_fetcher - INFO - Fetching STK data for 20250523
2025-06-12 05:34:21,392 - krx_fetcher - INFO - Fetched 963 rows for STK on 20250523
2025-06-12 05:34:21,393 - krx_fetcher - INFO - Fetching KSQ data for 20250523
2025-06-12 05:34:25,373 - krx_fetcher - INFO - Fetched 1801 rows for KSQ on 20250523
2025-06-12 05:34:25,474 - krx_fetcher - INFO - Updated 963 rows in database
2025-06-12 05:34:25,614 - krx_fetcher - INFO - Updated 1801 rows in database
2025-06-12 05:34:29,237 - krx_fetcher - INFO - Fetching STK data for 20250526
2025-06-12 05:34:31,624 - krx_fetcher - INFO - Fetched 963 rows for STK on 20250526
2025-06-12 05:34:31,624 - krx_fetcher - INFO - Fetching KSQ data for 20250526
2025-06-12 05:34:35,625 - krx_fetcher - INFO - Fetched 1799 rows for KSQ on 20250526
2025-06-12 05:34:35,725 - krx_fetcher - INFO - Updated 963 rows in database
2025-06-12 05:34:35,868 - krx_fetcher - INFO - Updated 1799 rows in database
2025-06-12 05:34:40,743 - krx_fetcher - INFO - Fetching STK data for 20250527
2025-06-12 05:34:43,204 - krx_fetcher - INFO - Fetched 962 rows for STK on 20250527
2025-06-12 05:34:43,205 - krx_fetcher - INFO - Fetching KSQ data for 20250527
2025-06-12 05:34:47,091 - krx_fetcher - INFO - Fetched 1799 rows for KSQ on 20250527
2025-06-12 05:34:47,180 - krx_fetcher - INFO - Updated 962 rows in database
2025-06-12 05:34:47,360 - krx_fetcher - INFO - Updated 1799 rows in database
2025-06-12 05:34:51,726 - krx_fetcher - INFO - Fetching STK data for 20250528
2025-06-12 05:34:54,015 - krx_fetcher - INFO - Fetched 962 rows for STK on 20250528
2025-06-12 05:34:54,015 - krx_fetcher - INFO - Fetching KSQ data for 20250528
2025-06-12 05:34:58,058 - krx_fetcher - INFO - Fetched 1799 rows for KSQ on 20250528
2025-06-12 05:34:58,147 - krx_fetcher - INFO - Updated 962 rows in database
2025-06-12 05:34:58,295 - krx_fetcher - INFO - Updated 1799 rows in database
2025-06-12 05:35:01,603 - krx_fetcher - INFO - Fetching STK data for 20250529
2025-06-12 05:35:04,088 - krx_fetcher - INFO - Fetched 962 rows for STK on 20250529
2025-06-12 05:35:04,089 - krx_fetcher - INFO - Fetching KSQ data for 20250529
2025-06-12 05:35:08,030 - krx_fetcher - INFO - Fetched 1800 rows for KSQ on 20250529
2025-06-12 05:35:08,124 - krx_fetcher - INFO - Updated 962 rows in database
2025-06-12 05:35:08,262 - krx_fetcher - INFO - Updated 1800 rows in database
2025-06-12 05:35:12,531 - krx_fetcher - INFO - Fetching STK data for 20250530
2025-06-12 05:35:14,945 - krx_fetcher - INFO - Fetched 962 rows for STK on 20250530
2025-06-12 05:35:14,945 - krx_fetcher - INFO - Fetching KSQ data for 20250530
2025-06-12 05:35:18,878 - krx_fetcher - INFO - Fetched 1800 rows for KSQ on 20250530
2025-06-12 05:35:18,971 - krx_fetcher - INFO - Updated 962 rows in database
2025-06-12 05:35:19,146 - krx_fetcher - INFO - Updated 1800 rows in database
2025-06-12 05:35:22,299 - backfill_krx - INFO - Backfill complete. Success: 889, Failed: 1
